{
  "gachaCodes": {
    "CODE_RARE_7D": {
      "days": 7,
      "probability": 0.005,
      "message": "🎉 Selamat! Anda memenangkan Premium 7 Hari! Jangan sampai terlewatkan!"
    },
    "CODE_UNCOMMON_3D": {
      "days": 3,
      "probability": 0.02,
      "message": "✨ Beruntung! Anda mendapatkan Premium 3 Hari!"
    },
    "CODE_COMMON_1D": {
      "days": 1,
      "probability": 0.05,
      "message": "🌟 Hore! Anda berhasil meraih Premium 1 Hari!"
    },
    "CODE_CONSOLATION": {
      "days": 0,
      "probability": 0.925,
      "message": "😔 Maaf, Anda belum beruntung. Coba lagi besok!"
    }
  },
  "userLog": {
    "6283846016963@s.whatsapp.net": {
      "lastClaim": 1764630275283
    },
    "6288983891916@s.whatsapp.net": {
      "lastClaim": 1764670659993
    },
    "62895416014171@s.whatsapp.net": {
      "lastClaim": 1764743976875
    },
    "6285758645229@s.whatsapp.net": {
      "lastClaim": 1764560801773
    },
    "6285849318900@s.whatsapp.net": {
      "lastClaim": 1764634905281
    },
    "16969751343207@lid": {
      "lastClaim": 1764684099099
    },
    "6285946522757@s.whatsapp.net": {
      "lastClaim": 1764631418507
    },
    "6285825108309@s.whatsapp.net": {
      "lastClaim": 1764670690483
    },
    "6285349442318@s.whatsapp.net": {
      "lastClaim": 1764684097912
    },
    "6285891627347@s.whatsapp.net": {
      "lastClaim": 1764761844782
    },
    "6288274383087@s.whatsapp.net": {
      "lastClaim": 1764762272917
    }
  }
}