[
  {
    "time": 1770514901342,
    "added": [
      "premium.js"
    ],
    "modified": [],
    "deleted": []
  },
  {
    "time": 1770515414241,
    "added": [],
    "modified": [
      "premium.js"
    ],
    "deleted": []
  },
  {
    "time": 1770515775390,
    "added": [],
    "modified": [
      "premium.js"
    ],
    "deleted": []
  },
  {
    "time": 1770633343582,
    "added": [],
    "modified": [
      "game-simulator-sawit.js"
    ],
    "deleted": []
  },
  {
    "time": 1770646331000,
    "added": [
      "main-hitcmd.js"
    ],
    "modified": [],
    "deleted": []
  },
  {
    "time": 1770646435856,
    "added": [],
    "modified": [
      "main-hitcmd.js"
    ],
    "deleted": []
  },
  {
    "time": 1770903871867,
    "added": [
      "owner-listdisable.js"
    ],
    "modified": [],
    "deleted": []
  },
  {
    "time": 1770904979231,
    "added": [
      "game-perangsarung.js"
    ],
    "modified": [],
    "deleted": []
  },
  {
    "time": 1770960400207,
    "added": [
      "yt-test.js"
    ],
    "modified": [],
    "deleted": []
  },
  {
    "time": 1770960705700,
    "added": [],
    "modified": [
      "yt-test.js"
    ],
    "deleted": []
  },
  {
    "time": 1770961200413,
    "added": [],
    "modified": [
      "yt-test.js"
    ],
    "deleted": []
  },
  {
    "time": 1770961741233,
    "added": [],
    "modified": [
      "yt-test.js"
    ],
    "deleted": []
  },
  {
    "time": 1770961935831,
    "added": [],
    "modified": [
      "yt-test.js"
    ],
    "deleted": []
  },
  {
    "time": 1770962105405,
    "added": [],
    "modified": [
      "yt-test.js"
    ],
    "deleted": []
  },
  {
    "time": 1770962308828,
    "added": [],
    "modified": [
      "yt-test.js"
    ],
    "deleted": []
  },
  {
    "time": 1771056469124,
    "added": [],
    "modified": [
      "owner-listdisable.js"
    ],
    "deleted": []
  }
]