[
  {
    "time": 1770435741000,
    "added": [],
    "modified": [
      "sticker-brat.js"
    ],
    "deleted": []
  },
  {
    "time": 1770436183475,
    "added": [],
    "modified": [
      "sticker-brat.js"
    ],
    "deleted": []
  },
  {
    "time": 1770436441358,
    "added": [],
    "modified": [
      "sticker-brat.js"
    ],
    "deleted": []
  },
  {
    "time": 1770514901342,
    "added": [
      "premium.js"
    ],
    "modified": [],
    "deleted": []
  },
  {
    "time": 1770515414241,
    "added": [],
    "modified": [
      "premium.js"
    ],
    "deleted": []
  },
  {
    "time": 1770515775390,
    "added": [],
    "modified": [
      "premium.js"
    ],
    "deleted": []
  },
  {
    "time": 1770633343582,
    "added": [],
    "modified": [
      "game-simulator-sawit.js"
    ],
    "deleted": []
  },
  {
    "time": 1770646331000,
    "added": [
      "main-hitcmd.js"
    ],
    "modified": [],
    "deleted": []
  },
  {
    "time": 1770646435856,
    "added": [],
    "modified": [
      "main-hitcmd.js"
    ],
    "deleted": []
  },
  {
    "time": 1770903871867,
    "added": [
      "owner-listdisable.js"
    ],
    "modified": [],
    "deleted": []
  },
  {
    "time": 1770904979231,
    "added": [
      "game-perangsarung.js"
    ],
    "modified": [],
    "deleted": []
  }
]