{
  "waifu": true,
  "marry": true,
  "kiss": true,
  "hug": true,
  "patpat": true,
  "senggama": true,
  "birth": true,
  "waifustatus": true,
  "istrinakal": true,
  "cerai": true,
  "talak": true,
  "date": true,
  "renamechild": true,
  "sawit": true,
  "sawitsimulator": true,
  "bank": true,
  "cekuang": true,
  "statusuang": true,
  "nabung": true,
  "deposit": true,
  "depo": true,
  "tarik": true,
  "withdraw": true,
  "wd": true,
  "transfer": true,
  "tf": true,
  "pay": true,
  "pinjam": true,
  "loan": true,
  "ngutang": true,
  "lunasi": true,
  "bayarutang": true,
  "invest": true,
  "investasi": true,
  "sarung": true,
  "perangsarung": true
}