{"noiseKey":{"private":{"type":"Buffer","data":"cCe6IRz9n84Njo4glwOrCar8STUJ/0d8Ewa+BmH4knA="},"public":{"type":"Buffer","data":"T6MqZQGFSDf2xqynbeq+7RtQJ8FgC+kx6L8SiNC0Mh8="}},"pairingEphemeralKeyPair":{"private":{"type":"Buffer","data":"II110Nyv3BP2VZrqzK2IG4Z7d+X182Jj+EDWHxNEk0E="},"public":{"type":"Buffer","data":"3IMRvM7eSNXWZKD95tVn4bqaHGyfTx+t/C7xFJkObkU="}},"signedIdentityKey":{"private":{"type":"Buffer","data":"gKZo4XDM+t3g8o6SZj+I/qHvh1C24m76KTsOBf6u9kw="},"public":{"type":"Buffer","data":"QClh5YOzBGTyCleYxAqu1NIS6IenuwuCgEqklihi51Q="}},"signedPreKey":{"keyPair":{"private":{"type":"Buffer","data":"QK1vX+P68bVJ5Ygn0th/pPGkHzomkAfBJz7VL6orE04="},"public":{"type":"Buffer","data":"qWi/bA2EGUYVMrR4k+poAjyu/WIEfPMYn1pB/FFgjXk="}},"signature":{"type":"Buffer","data":"tjwoE7ySAYno06b8d0t6BnBTBJgTHbLw+ER/GAmG+X2GOYTvtK4qyuoJj7NriN01xcBnfA2zhvdsyTzX/0k4Cw=="},"keyId":1},"registrationId":195,"advSecretKey":"4EgaOFNO0SD4pyVtVUARPzKBu8e0f79Xq9FtNle2MAs=","processedHistoryMessages":[],"nextPreKeyId":813,"firstUnuploadedPreKeyId":813,"accountSyncCounter":0,"accountSettings":{"unarchiveChats":false},"registered":true,"pairingCode":"C78R67H3","me":{"id":"62857586452296:70@s.whatsapp.net","name":"haruka desu","lid":"209212621734050:70@lid"},"account":{"details":"CLyDtzkQi5CKygYYASAAKAA=","accountSignatureKey":"59ITtXDBGWkLd/azoUTfRCqQM4LwMCAFkRYQK9uW31E=","accountSignature":"YgyiRjgvCCNTpfJYorEFGjp1WLjoofn+7cmXa384aQjg4z+LPTcWyKBRcFFODvAbh6twrxWH6PDIpH1xISYeDg==","deviceSignature":"9YKHNlT/yx2y1xTRd9UJbf1aBmTaVaSmxe5HA3sfw+xHr9YwFh/rPhR3Ks2Rn0QAFxnrzl7e2f8uf5cdIfXdBQ=="},"signalIdentities":[{"identifier":{"name":"209212621734050:70@lid","deviceId":0},"identifierKey":{"type":"Buffer","data":"BefSE7VwwRlpC3f2s6FE30QqkDOC8DAgBZEWECvblt9R"}}],"platform":"smba","routingInfo":{"type":"Buffer","data":"CAgIAggS"},"lastAccountSyncTimestamp":1765971744,"lastPropHash":"1K4hH4","myAppStateKeyId":"AAAAAHJr"}