{
  "gachaCodes": {
    "CODE_RARE_7D": {
      "days": 7,
      "probability": 0.005,
      "message": "🎉 Selamat! Anda memenangkan Premium 7 Hari! Jangan sampai terlewatkan!"
    },
    "CODE_UNCOMMON_3D": {
      "days": 3,
      "probability": 0.02,
      "message": "✨ Beruntung! Anda mendapatkan Premium 3 Hari!"
    },
    "CODE_COMMON_1D": {
      "days": 1,
      "probability": 0.05,
      "message": "🌟 Hore! Anda berhasil meraih Premium 1 Hari!"
    },
    "CODE_CONSOLATION": {
      "days": 0,
      "probability": 0.925,
      "message": "😔 Maaf, Anda belum beruntung. Coba lagi besok!"
    }
  },
  "userLog": {
    "6283846016963@s.whatsapp.net": {
      "lastClaim": 1764501168776
    },
    "6288983891916@s.whatsapp.net": {
      "lastClaim": 1764501178577
    },
    "62895416014171@s.whatsapp.net": {
      "lastClaim": 1764501188579
    },
    "6285758645229@s.whatsapp.net": {
      "lastClaim": 1764501319373
    },
    "6285849318900@s.whatsapp.net": {
      "lastClaim": 1764502258100
    }
  }
}