[
  {
    "kanji": "私",
    "kana": "わたし",
    "romaji": "watashi",
    "arti": "Saya, Aku (umum)",
    "clue": "Digunakan untuk merujuk diri sendiri secara umum, dimulai dengan 'w'."
  },
  {
    "kanji": "食べる",
    "kana": "たべる",
    "romaji": "taberu",
    "arti": "Makan (kata kerja)",
    "clue": "Kata kerja yang dilakukan saat lapar."
  },
  {
    "kanji": "飲む",
    "kana": "のむ",
    "romaji": "nomu",
    "arti": "Minum (kata kerja)",
    "clue": "Kata kerja yang dilakukan saat haus."
  },
  {
    "kanji": "大きい",
    "kana": "おおきい",
    "romaji": "ookii",
    "arti": "Besar (kata sifat i)",
    "clue": "Lawan kata dari 'kecil'."
  },
  {
    "kanji": "小さい",
    "kana": "ちいさい",
    "romaji": "chiisai",
    "arti": "Kecil (kata sifat i)",
    "clue": "Lawan kata dari 'besar'."
  },
  {
    "kanji": "友達",
    "kana": "ともだち",
    "romaji": "tomodachi",
    "arti": "Teman",
    "clue": "Orang yang akrab dengan Anda."
  },
  {
    "kanji": "学校",
    "kana": "がっこう",
    "romaji": "gakkou",
    "arti": "Sekolah",
    "clue": "Tempat belajar, dimulai dengan 'g'."
  },
  {
    "kanji": "今",
    "kana": "いま",
    "romaji": "ima",
    "arti": "Sekarang",
    "clue": "Waktu saat ini."
  },
  {
    "kanji": "聞く",
    "kana": "きく",
    "romaji": "kiku",
    "arti": "Mendengar / Bertanya",
    "clue": "Kata kerja yang menggunakan telinga."
  },
  {
    "kanji": "行く",
    "kana": "いく",
    "romaji": "iku",
    "arti": "Pergi (kata kerja)",
    "clue": "Kata kerja bergerak dari satu tempat ke tempat lain."
  },
  {
    "kanji": "来る",
    "kana": "くる",
    "romaji": "kuru",
    "arti": "Datang (kata kerja)",
    "clue": "Lawan kata dari 'pergi'."
  },
  {
    "kanji": "分かる",
    "kana": "わかる",
    "romaji": "wakaru",
    "arti": "Mengerti / Paham",
    "clue": "Apa yang terjadi setelah otak memproses informasi."
  },
  {
    "kanji": "名前",
    "kana": "なまえ",
    "romaji": "namae",
    "arti": "Nama",
    "clue": "Identitas diri Anda."
  },
  {
    "kanji": "家",
    "kana": "いえ",
    "romaji": "ie",
    "arti": "Rumah",
    "clue": "Tempat tinggal, dimulai dengan 'i'."
  },
  {
    "kanji": "お金",
    "kana": "おかね",
    "romaji": "okane",
    "arti": "Uang",
    "clue": "Alat tukar untuk membeli barang."
  },
  {
    "kanji": "読む",
    "kana": "よむ",
    "romaji": "yomu",
    "arti": "Membaca (kata kerja)",
    "clue": "Kata kerja yang dilakukan saat melihat buku/teks."
  },
  {
    "kanji": "話す",
    "kana": "はなす",
    "romaji": "hanasu",
    "arti": "Berbicara (kata kerja)",
    "clue": "Kata kerja yang dilakukan dengan mulut."
  },
  {
    "kanji": "電話",
    "kana": "でんわ",
    "romaji": "denwa",
    "arti": "Telepon",
    "clue": "Alat komunikasi, dimulai dengan 'd'."
  },
  {
    "kanji": "時間",
    "kana": "じかん",
    "romaji": "jikan",
    "arti": "Waktu / Jam",
    "clue": "Sesuatu yang diukur oleh jam dan menit."
  },
  {
    "kanji": "毎日",
    "kana": "まいにち",
    "romaji": "mainichi",
    "arti": "Setiap hari",
    "clue": "Frekuensi kegiatan yang terjadi tanpa jeda, dimulai dengan 'm'."
  },
  {
    "kanji": "きれい",
    "kana": "きれい",
    "romaji": "kirei",
    "arti": "Cantik / Bersih (kata sifat na)",
    "clue": "Deskripsi untuk sesuatu yang indah atau rapi."
  },
  {
    "kanji": "暑い",
    "kana": "あつい",
    "romaji": "atsui",
    "arti": "Panas (suhu udara) (kata sifat i)",
    "clue": "Kondisi cuaca di musim panas."
  },
  {
    "kanji": "寒い",
    "kana": "さむい",
    "romaji": "samui",
    "arti": "Dingin (suhu udara) (kata sifat i)",
    "clue": "Kondisi cuaca di musim dingin."
  },
  {
    "kanji": "難しい",
    "kana": "むずかしい",
    "romaji": "muzukashii",
    "arti": "Sulit / Susah (kata sifat i)",
    "clue": "Lawan kata dari 'mudah'."
  },
  {
    "kanji": "易しい",
    "kana": "やさしい",
    "romaji": "yasashii",
    "arti": "Mudah / Baik hati (kata sifat i)",
    "clue": "Lawan kata dari 'sulit'."
  },
  {
    "kanji": "本",
    "kana": "ほん",
    "romaji": "hon",
    "arti": "Buku",
    "clue": "Objek yang dibaca, dimulai dengan 'h'."
  },
  {
    "kanji": "魚",
    "kana": "さかな",
    "romaji": "sakana",
    "arti": "Ikan",
    "clue": "Hewan yang hidup di air dan sering dimakan."
  },
  {
    "kanji": "高い",
    "kana": "たかい",
    "romaji": "takai",
    "arti": "Tinggi / Mahal (kata sifat i)",
    "clue": "Bisa berarti harga yang besar, atau ketinggian."
  },
  {
    "kanji": "安い",
    "kana": "やすい",
    "romaji": "yasui",
    "arti": "Murah (kata sifat i)",
    "clue": "Lawan kata dari 'mahal'."
  },
  {
    "kanji": "見る",
    "kana": "みる",
    "romaji": "miru",
    "arti": "Melihat / Menonton (kata kerja)",
    "clue": "Kata kerja yang menggunakan mata, dimulai dengan 'm'."
  }
]
