[
  {
    "time": 1770163794849,
    "added": [],
    "modified": [
      "owner-addprem.js"
    ],
    "deleted": []
  },
  {
    "time": 1770164484344,
    "added": [],
    "modified": [
      "owner-addprem.js"
    ],
    "deleted": []
  },
  {
    "time": 1770167353238,
    "added": [],
    "modified": [
      "_metadata.js"
    ],
    "deleted": []
  },
  {
    "time": 1770167951333,
    "added": [],
    "modified": [
      "_metadata.js"
    ],
    "deleted": []
  },
  {
    "time": 1770168191340,
    "added": [],
    "modified": [
      "_metadata.js"
    ],
    "deleted": []
  },
  {
    "time": 1770168542432,
    "added": [],
    "modified": [
      "_metadata.js"
    ],
    "deleted": []
  },
  {
    "time": 1770168684436,
    "added": [],
    "modified": [
      "_metadata.js"
    ],
    "deleted": []
  },
  {
    "time": 1770168846306,
    "added": [],
    "modified": [
      "_metadata.js"
    ],
    "deleted": []
  },
  {
    "time": 1770168927533,
    "added": [],
    "modified": [
      "_metadata.js"
    ],
    "deleted": []
  },
  {
    "time": 1770169317453,
    "added": [],
    "modified": [
      "owner-addprem.js"
    ],
    "deleted": []
  },
  {
    "time": 1770214750409,
    "added": [
      "game-simulator-sawit.js"
    ],
    "modified": [],
    "deleted": []
  },
  {
    "time": 1770217643446,
    "added": [
      "rpg-leaderboard.js"
    ],
    "modified": [],
    "deleted": []
  },
  {
    "time": 1770435741000,
    "added": [],
    "modified": [
      "sticker-brat.js"
    ],
    "deleted": []
  },
  {
    "time": 1770436183475,
    "added": [],
    "modified": [
      "sticker-brat.js"
    ],
    "deleted": []
  },
  {
    "time": 1770436441358,
    "added": [],
    "modified": [
      "sticker-brat.js"
    ],
    "deleted": []
  },
  {
    "time": 1770514901342,
    "added": [
      "premium.js"
    ],
    "modified": [],
    "deleted": []
  },
  {
    "time": 1770515414241,
    "added": [],
    "modified": [
      "premium.js"
    ],
    "deleted": []
  },
  {
    "time": 1770515775390,
    "added": [],
    "modified": [
      "premium.js"
    ],
    "deleted": []
  },
  {
    "time": 1770633343582,
    "added": [],
    "modified": [
      "game-simulator-sawit.js"
    ],
    "deleted": []
  },
  {
    "time": 1770646331000,
    "added": [
      "main-hitcmd.js"
    ],
    "modified": [],
    "deleted": []
  },
  {
    "time": 1770646435856,
    "added": [],
    "modified": [
      "main-hitcmd.js"
    ],
    "deleted": []
  }
]