[
  {
    "time": 1767883392092,
    "added": [
      "group-setdesc.js"
    ],
    "modified": [],
    "deleted": []
  },
  {
    "time": 1767883580405,
    "added": [
      "group-delete.js"
    ],
    "modified": [],
    "deleted": []
  },
  {
    "time": 1768231435186,
    "added": [
      "test-disk.js"
    ],
    "modified": [],
    "deleted": []
  },
  {
    "time": 1768231730753,
    "added": [],
    "modified": [],
    "deleted": [
      "search-google.js"
    ]
  },
  {
    "time": 1768431264155,
    "added": [
      "_leveling.js"
    ],
    "modified": [],
    "deleted": []
  },
  {
    "time": 1768435596952,
    "added": [],
    "modified": [],
    "deleted": [
      "search-google.js"
    ]
  },
  {
    "time": 1768439182059,
    "added": [
      "owner-listgc.js"
    ],
    "modified": [],
    "deleted": []
  },
  {
    "time": 1768439306081,
    "added": [],
    "modified": [
      "owner-listgc.js"
    ],
    "deleted": []
  },
  {
    "time": 1768443313056,
    "added": [],
    "modified": [
      "owner-listgc.js"
    ],
    "deleted": []
  },
  {
    "time": 1768444071252,
    "added": [
      "owner-leavegc.js"
    ],
    "modified": [],
    "deleted": []
  },
  {
    "time": 1768462165695,
    "added": [
      "_test.js"
    ],
    "modified": [],
    "deleted": []
  },
  {
    "time": 1768462346097,
    "added": [],
    "modified": [
      "_test.js"
    ],
    "deleted": []
  }
]