[
  {
    "time": 1767883392092,
    "added": [
      "group-setdesc.js"
    ],
    "modified": [],
    "deleted": []
  },
  {
    "time": 1767883580405,
    "added": [
      "group-delete.js"
    ],
    "modified": [],
    "deleted": []
  },
  {
    "time": 1768231435186,
    "added": [
      "test-disk.js"
    ],
    "modified": [],
    "deleted": []
  },
  {
    "time": 1768231730753,
    "added": [],
    "modified": [],
    "deleted": [
      "search-google.js"
    ]
  },
  {
    "time": 1768431264155,
    "added": [
      "_leveling.js"
    ],
    "modified": [],
    "deleted": []
  },
  {
    "time": 1768435596952,
    "added": [],
    "modified": [],
    "deleted": [
      "search-google.js"
    ]
  }
]