{"noiseKey":{"private":{"type":"Buffer","data":"SKvGJ5qq2UEZwrcs1OND3eTjwUyfaYd5yj2iv2L2Xmo="},"public":{"type":"Buffer","data":"rmBLzALz4mw9Ib9z//WXALT/2o2E1IekYK7o+ymdrjE="}},"pairingEphemeralKeyPair":{"private":{"type":"Buffer","data":"GONd7Sd9gSulAGqaCb4wZpQBrIcdje2l9GKWvulNvGs="},"public":{"type":"Buffer","data":"S1JOwI1qVJXDdQcqDBV5mHp6UcaC6HgRnHomMIBIKnM="}},"signedIdentityKey":{"private":{"type":"Buffer","data":"4DyjAS5ZgnwNW3FY77OsAGZwVS/BFOFo+UPSmyOFdGs="},"public":{"type":"Buffer","data":"f8EBOUwFHBd0ALflLs1Wlj/eV+paSvrtB7NAxzcUEWQ="}},"signedPreKey":{"keyPair":{"private":{"type":"Buffer","data":"oNVm24rgsvmip8vrdNt8s/W3XWDAHc8wlo14tiK3vFk="},"public":{"type":"Buffer","data":"IQUrLHYBeOvDYx0Vmc1m8fZVdgy0Io5RZh866ELh5SE="}},"signature":{"type":"Buffer","data":"2hPeumrPYd1y9Lpyaxnj77dYEbNP+yH/7/Cn8TP+nkYreHpwL1jKbvZ0Ki+R9Xu6OgO3XRwTXxlrSCHSrR2Jjw=="},"keyId":1},"registrationId":152,"advSecretKey":"yfbPgG7c5VOFyRQdD2Idz92n9BKskhzCElAqxoStCaU=","processedHistoryMessages":[],"nextPreKeyId":1422,"firstUnuploadedPreKeyId":1422,"accountSyncCounter":0,"accountSettings":{"unarchiveChats":false},"registered":true,"pairingCode":"FSD6KNEN","me":{"id":"62857586452296:71@s.whatsapp.net","name":"haruka desu","lid":"209212621734050:71@lid"},"account":{"details":"CLyDtzkQxJnMygYYAiAAKAA=","accountSignatureKey":"59ITtXDBGWkLd/azoUTfRCqQM4LwMCAFkRYQK9uW31E=","accountSignature":"xbznKRVFhSvhyDMq+sX8PFeDhWn5tZnsartdOPwxF88GI1yqA3DWB9nMm9LIx7rOUMxTw357mHBZmiggSzOaBg==","deviceSignature":"VrOd2/INHQgi8WO6Loh7URH0GpPzJuRYE/Zsvv24JG9iNj9a6Vp4AJFGJ/sXiGXs4gkEOhf32uyJN+Pc+9h6hg=="},"signalIdentities":[{"identifier":{"name":"209212621734050:71@lid","deviceId":0},"identifierKey":{"type":"Buffer","data":"BefSE7VwwRlpC3f2s6FE30QqkDOC8DAgBZEWECvblt9R"}}],"platform":"smba","routingInfo":{"type":"Buffer","data":"CAgIAggS"},"lastAccountSyncTimestamp":1767345836,"lastPropHash":"1K4hH4","myAppStateKeyId":"AAAAAHJr"}