{"version":17,"hash":{"type":"Buffer","data":"2DinMBwAUuQYfOKguXFh3SKcqD7A9xor9duz43zQkAc/i65T6IdMCM+k/Ky41U2Y+NtVlzWQTeC9JLO67E+mN0e00P0bGnmcX5SL3qYan9sE6rFXmRpUivMUVZdx2oWtxvvZCOA3Lxk1qf4idXFve1vNlIi23PgPnw+ejJ1taBA="},"indexValueMap":{"DK9GBTZTANbwW8IvCCRNAASEPh9K+brT/9RrjJvo2uA=":{"valueMac":{"type":"Buffer","data":"pJJJ1sJdW79+C3gZCXTM8r9ISJM0WKf/0XV0dO37Ook="}},"GDo9fe1WzdSIktzTLWMOD01Iarnz87Hfav3lRyC4kqs=":{"valueMac":{"type":"Buffer","data":"KSxTFig+MAeuCmhCV0xt//pZxhb0oMLnf02g/Uiy6TA="}},"GbpaX5WnYbcGrtcq21aB7d/iseoYQjoZGHqSprM46vc=":{"valueMac":{"type":"Buffer","data":"4CjtQ3WJ5s3g83CTn8eAjF3s5Nlx2LEZXs9kVWJArpU="}},"LXsQ5NPn+P7zqGKL2NucBMDVxt60qls7EO+AMSQAsC0=":{"valueMac":{"type":"Buffer","data":"WsAiyZ5d6Uqjsj44x673QuhZpUkW+2GPqNqF/gY8b5o="}},"PMtgSK5gQAxvNFh9nuiarf0pNO4orGJ3bEm6G3vmnVw=":{"valueMac":{"type":"Buffer","data":"vg9UkDCq07xwJchNEDEZNhlMvdjJPuW96JLRF2uAdeg="}},"S2VXKONbT2db6VogP4rajKIE0AN4yo7fWu4Dgk7+7rM=":{"valueMac":{"type":"Buffer","data":"NqlcTr7SHPGxh4jPA7OvnSLwdUGP6E9yGf6jNR5R6MM="}},"WGQeJWBM7fGLaT85KzweLxwBMdtzRDYzHfTNqa9Vz20=":{"valueMac":{"type":"Buffer","data":"JpYLTKvOnCbGQFo9A2AmViUj90jU3MB8Z0lU9D1CLeU="}},"ahxt2ATF5INRESuiRtxIa9UItrvGvxNsp/esu4/07jA=":{"valueMac":{"type":"Buffer","data":"UyQuzuvgsD58ZDBjhQEpnEqGPNtzr6yN/lZD9eJv3+Y="}},"bwVlj2lpBlnlHqMwFgntlEqfIOptqJrxiw8JZLJrOXk=":{"valueMac":{"type":"Buffer","data":"A+IcE0LZxr7mrgE3nEdRVWsOv26Na1A90d4U4uCHGPA="}},"di/PelZl+vNsJ95eL7d4hVu/w7qBviokr5AcWbpNpC8=":{"valueMac":{"type":"Buffer","data":"C3ZbLvf1Rg5G4lbrctpNxOxurBGTxJCQAIoU2IG2CT4="}},"eKZQbY6+Ac87UxdYKA52w6InV7RgNJtH3ybUfGPEx/4=":{"valueMac":{"type":"Buffer","data":"jnzVuhxcGGyMdiFETaybwmNw2XrOda4MUviFDPRIbkQ="}},"gY6pIRhznDEpsc6pVYW/vbGwWdcf4cHA4EGZABkLCbI=":{"valueMac":{"type":"Buffer","data":"Da0CXu1Gd5HkgNveSGe6vNKIgWBo+J+fNlXMgrDtkZY="}},"nXRa4DlpYa6cSOK8vpLerKSX9rpXeY9XvngEQA4DJGU=":{"valueMac":{"type":"Buffer","data":"qWj+Jzwmteqm6CqXkx+NBmGgrL5tSPGNQ4gr5UhHeEI="}},"sAPHFwnaZ8cyCfManJnv6kF0jrraXcnUhBorpOYSIOk=":{"valueMac":{"type":"Buffer","data":"QyW5EWN44B3UysHtjWFrHsFKbYtP8lyp2WqxnCMWfes="}},"2mbBvVh1GK2QjPpnfDLR5l8Ru5nQsPeDohEdp/LwuAA=":{"valueMac":{"type":"Buffer","data":"MfkOeELEaKxU1TJmLEI7x+DYwKJKeXDv3sdfcvx6AVg="}},"6LHgzBxw37z0+z87dWgRl4a1luo6gjKtOOB9zZiW6Ek=":{"valueMac":{"type":"Buffer","data":"mBTAVcoF9kbOadmCElTirM8pw2mBbBaUdZzcCEpqdUo="}},"7UMYBFJn1iSMh4uGQn9lPJZnS/0hv+pBa5ekPvRVpuY=":{"valueMac":{"type":"Buffer","data":"w1O5ZiddQ/SyFP3PeZF5oe1wpjK7UNmB68yOXASQ9F8="}},"UXBzq9q35p5hreBEpa0a6puhVD8qgwbFdsMuSJvduwM=":{"valueMac":{"type":"Buffer","data":"XVVcXyonnF7FQXeCYFXQ2Ze/qBwfa8u7FDMlloGnwTY="}},"gfvJm9zgzJzuE5XxJvz5+CXfiZE+5gNNtHauL6nfkp8=":{"valueMac":{"type":"Buffer","data":"GOGCtt9ZlFluWGCGd+mNoil5YZZofLorx8SxFBPYAz8="}},"FlrT9bXkYRFTRzrRdOXQ57KpoD4r2RXhzEo1JpJW060=":{"valueMac":{"type":"Buffer","data":"a929/s0KOZ+zsYaACPYG1GTYv8F6v2XBS989UgadiRU="}},"iVjH0oItyxS9GHBbIKg+glAJQ10qCdjrCzy/lMTxl9M=":{"valueMac":{"type":"Buffer","data":"pHncQ0iaq7QLUc49byoVIYKJbYQxpBUG7ZqrMOBKDGg="}},"IqOxuzxQLLYmizWFFWobqNilwbjnJnwiBlKHBm4/pDw=":{"valueMac":{"type":"Buffer","data":"0P/tz+nweeB6xnWXRwThLi8stSdlxqm6TF3Gd2pMluo="}}}}