{"version":22,"hash":{"type":"Buffer","data":"bC+z6QaWu5Komh0XdmmyMqwz+tu0LOhCQF/dPFyln53Qw4rXvFW8ERooAnmYQeZIWXXSyvU57dV6WVxbmGlMLRKihI3A+SJQi2H2/H6JHmSF4HsUeG1+xJDLKsFfPFsg80Jzg5RyTKhAoEZJxHRd9JoIqSXm3Oiw1tlK5iOT54A="},"indexValueMap":{"AOVGXkMN3LxD030u8crN0accUpux3pxUCcS/tkXklaw=":{"valueMac":{"type":"Buffer","data":"QkfMpGDGRBYPeFTnt5Hp/7ed6ikgBd3NJmU65ZucOa4="}},"AtUyoOIOPL+nPhZHPeDpHcjmN3AnyZDRcoEsgvaj0DQ=":{"valueMac":{"type":"Buffer","data":"909Tiyw2fnndsemAcD29Y3uwHzoh7WD7kULbDdVfykQ="}},"BRtZGfDhDctPfd66C+mD4a7GhZDFwqmm8mXaCCdF/KU=":{"valueMac":{"type":"Buffer","data":"sOHc5QvxY7NjxDl5wxCQoQUqWBNgvDEv+F73Ls32wXw="}},"BqOIIHsARL8PkmjOkp522CU5Si4W3m11Ph3JESbc+MM=":{"valueMac":{"type":"Buffer","data":"sQrDQFnFRrhp/ysZcVTdQ1nLPsc2isltK5fD83CCQnk="}},"BwTsvqjohZ4KEjeDJ9BLInCuTgHtSZuOCydjRShODV0=":{"valueMac":{"type":"Buffer","data":"k3uH0uG5gVRaCDkUarYIIqiVhv3QevXcM98G3/8HLpA="}},"B1f0+6vfAJWrYPfnPPGqCL7snUYoJR9Ph0P9xW23Ezc=":{"valueMac":{"type":"Buffer","data":"L0q7EREpLA8oDbPCI8Hz8xg+3Wd32pmOej67syVQjYQ="}},"EIYXtIOVbsvOE2vyWzg8aQSolDbwjJBPEq7h8/4bMwg=":{"valueMac":{"type":"Buffer","data":"f3gQ70KXJZnGtA/+Ip/HrD+vDNB3E3eHP4dLb762J2I="}},"EI2A47E5BPk5f1J69hlmnqmLm2UaLwzkTZpVW7royh4=":{"valueMac":{"type":"Buffer","data":"CtcjFjyfWff8a4reNGcazcX2urqsit2ssvNiO3YFjq8="}},"EQmy+0ONBgc1EH2g99PPVUS62QF1xEyPaiGinyYFow0=":{"valueMac":{"type":"Buffer","data":"fUBSelsqTl1fqi/dHQ7gV3GqRlcYICqW0gAEfOMy7to="}},"Eep5N2AQh0welBJzbQvMdWX9YYuHSEMecZqK9LtcYh8=":{"valueMac":{"type":"Buffer","data":"DjvOfvw+fBvBSDn2Aixn7xKntYXLQgvM+wxQa0PaabU="}},"E+F6qBGHX3qlGXukyq1NI1VLoSmZ4OxI7Uq97DjkGbw=":{"valueMac":{"type":"Buffer","data":"5F9xQiMkzHRzYFhCLHXFXUaw1CA+6KZCtB4SHY2B58E="}},"E/kDXLjtAWtTGnKmJY40gzVcuBthiGDVJTKkVJuM6+w=":{"valueMac":{"type":"Buffer","data":"c2ATk4xA/CjbJ0b00cqmkk4L8kd/aTVydTYibbz154I="}},"FO1p1NsSwAJtT2Geaf6p+oicr5pu1c/dCdfxMg3QVqA=":{"valueMac":{"type":"Buffer","data":"TFo6lmDzs26EthqC8Ky1CRoAohGq0rU4wsyhKeEUDoM="}},"FWU/lYHG5OJKaOsHkj7V3Mlg1MFhYgNTpb1PkpCNRmY=":{"valueMac":{"type":"Buffer","data":"6bg8ULM6WOdyrmGhG4Q2xVqy6YWrOv6xiRBw4zenzJ4="}},"FevhYmXR/Lr95JmsaYSy+qBUaBdLxEewjoI2xbCllEs=":{"valueMac":{"type":"Buffer","data":"VCX7xpNZ43Xv+K2mhjTwQtNVIjpjKFTdGGGeL4Oobzk="}},"Ffr1+gLq4AHmLrduBm4BVyT3lDGINyRCGO/qtDrTkYc=":{"valueMac":{"type":"Buffer","data":"MQSYYPCjJee3HDz7BoyW0CAgMNRfDl2vSQKaCUBgbSs="}},"FiKhvpD5Ic1iRb0+es5wDhnH/9hidHwvtpw8+WmjQ6I=":{"valueMac":{"type":"Buffer","data":"2r3v0zDow8o5hU2UIC4kqgyOjwyYv/c5Uc/9pCQBAgQ="}},"GW8tByiynLQDXkKZihFjqyMxFwVuLsn19m8Uvb20u5c=":{"valueMac":{"type":"Buffer","data":"s+gjZTgHp7rlFrkuWgJzZTZnELb1IVue8IYq7bAJJI0="}},"GtJvhhHY69Pf50unkSA3VSUwdZ2mJRmzUz8S8ihPjh0=":{"valueMac":{"type":"Buffer","data":"XBoTZftTB7YR8JKPVjuFcqN56wPi7Gby5nPH6YdOwK8="}},"HxleITT5KAQKbvl4e58IO/ijlJHRBl2PYzmhOSOJ3eM=":{"valueMac":{"type":"Buffer","data":"c3xEwCTVFZwbLB/cGBo/w4wWEi+cEfQqTrxN72gq5A4="}},"H1dwfYF3/8L1n/W92H4oi8CI7B1M5yVkzOswfadKro8=":{"valueMac":{"type":"Buffer","data":"OmYWCmMzGGreGzy40LWe6aGtg+84jWNFJSQDsxbID6Y="}},"H7/yxbh3FLhFtiOf8HAaQ24xh5eN9lGCs+ybi3VP9hc=":{"valueMac":{"type":"Buffer","data":"g69I7ZpbBF7YztYiu09PiYx7huEk/UtoHEzD5/riygM="}},"Ijs8fQuHJvy+9xMzDD8KNeCKLhGNQOZQZP+0qOB43KA=":{"valueMac":{"type":"Buffer","data":"mA96lu1+gmZO+P4tuok/3zH3FrsiYfANU3wzwb+MOE0="}},"JMI1e6aJLjcSnnDPacCKgsYPiIvspUvwJhJAylV6ktU=":{"valueMac":{"type":"Buffer","data":"H2T/i5xI+vIh67uTtWPlaBtuHlG1u3dnxziBqn4j6LE="}},"JRyqEEwOD4ZQStvBAhtsTlHT6RUpcBu69Kk/LVgfar4=":{"valueMac":{"type":"Buffer","data":"klhsZWgVLIsosXpaL5c3QX5bOew5PbhO83J8MCdQG6Q="}},"JfW7g9/bMzCo3JZxonrk2l++RczUHf30vhclNZf2gMU=":{"valueMac":{"type":"Buffer","data":"yG7Jy5yGTU1cn2z+rwyj6y6xKgHZNs1J4CT+isMQ6Rk="}},"JqocxdIBwD6NnLQViafJSXmn670FExycj+H+/KzqtuU=":{"valueMac":{"type":"Buffer","data":"e5vHpWM6HSOsLk81SBCqUM42FFAz1XdClwz7l0k2dj0="}},"J+Hv6fBg8XBmeTrrMBMKtTAWVdnKSvS5AuGw/UyVA20=":{"valueMac":{"type":"Buffer","data":"qZhziT4r+4Or7ydk/ePFPhhNk4QiG2MN1L5DIA8A6xA="}},"Lf+pDRq9/27rjAWOY0Euu5pU5/CYdfBgIlVXoKvQg80=":{"valueMac":{"type":"Buffer","data":"IJgE8l889dCscnxwajsczYmZh65GyhNVg49YVC0TZpE="}},"LiD8FP4AFkd+WVh/YROF97q9PzDg9qVlj13qW4YzfAw=":{"valueMac":{"type":"Buffer","data":"r9Hf3KgYSKYvozFsYtZ+3Pomc3W7m6A8RgdprYzh1Sw="}},"ME2ckt1fbuelMi/i6dHdQrS0Osf3BdFKS77rvyaJyWM=":{"valueMac":{"type":"Buffer","data":"dcSk82bSmKzygOfB/EHOJtHwKnR+4kfnrtfvP+D8ywk="}},"MK7NDS9Qqb0tHZJUOXQXckYCkmaqPGYhI8IDsxVPdhA=":{"valueMac":{"type":"Buffer","data":"PD5MPnw3kcPR8nxylvrr1u0Voqg9Wny8a0ZWnIFBSuw="}},"MSwUv3qjVV2p0ToLugR5R+RQpGP7klDKHeeDHRKe8tM=":{"valueMac":{"type":"Buffer","data":"wAKlofKAIRriOkXo6FoYE/hKUiOXop8ap3MEox38nDk="}},"Mcs8UVvwU5lYCDlk5Ru+Tbec4Sz/dWNfV1QA4ZN0tFo=":{"valueMac":{"type":"Buffer","data":"UuLV3qAnmIGpsOfL/wZmApK8exmkr1LjrM+MjzMJ9DM="}},"NQqTlg0ddbPrGERrjq4lDb1X6H9f9mc2mLhheF6HowM=":{"valueMac":{"type":"Buffer","data":"hN8Ze0iQVX/OXNaIEU6vQqlvuWKc9AUKbqYARkTmotY="}},"NYa+faXZekCgLdtv0GLKMpdtPssD5gPieps5FK2F6gg=":{"valueMac":{"type":"Buffer","data":"+4pWNUBchiE4tsjyzvAeX//K+BNK9leMJdD5RPgdq5c="}},"NpLNp2CZxxPyAnpE8gHRrO62AWLSt/7B5Ny97CPGTvU=":{"valueMac":{"type":"Buffer","data":"1V9QRkPaKQ93BsFziGQUHMOf0ahFSS9Va8dLNoVH/is="}},"N8h75Sy3GErKwAOybzD4Ls6lrA2pr6OkpmZ2QBzbY9I=":{"valueMac":{"type":"Buffer","data":"2kFQnq2BpbH/bdakr9nSpuD4IBDf8QyX2xtd3az8gZ4="}},"N/5539r4YcqNuvb3IqPxHskr0VWWOh6YQufhEwjxMgw=":{"valueMac":{"type":"Buffer","data":"4vWH2tvwjcTIM5wGZykR/hGyWzEUowxxPBYr5Rv5vGs="}},"OALS6jfQN8hB+MzKl4TK6u16g+ENYenrLIEV1zSYrBA=":{"valueMac":{"type":"Buffer","data":"wxVJ+JmDHxpmmppoOu2sZeLJFZ0AP1Pw3Ux4/UBJBAQ="}},"PNLnDKxra3iL5JgVgvteIr1eiKxL/rrln3tjOXi9nd8=":{"valueMac":{"type":"Buffer","data":"LxAX+B1x1I1XLCTrQe9rcYTPlhA5sctCnCeTZQeq+5s="}},"PqNhPPrQq7FSN13vha1FT7HrCjnc0aaWe0A3GHcnFJw=":{"valueMac":{"type":"Buffer","data":"Ba6qWnvkDdOZwyGWYHigYpEZ1ktkPR207uHTVOvFdvU="}},"Q06BiUMtg9E77Vwpi2WcFMsZf8jOF7ALBZ6WmxTMz3g=":{"valueMac":{"type":"Buffer","data":"8Ux2pdEE85W3O+87iKLzicGC6vFtUsH54N/NesgkypA="}},"Q3KOVXFOwzjud5IJ7WfpIooZiJsw3BnEKe40Inrz9iw=":{"valueMac":{"type":"Buffer","data":"MXU0mpAqLFs1WnzVVV32XyFu+XZ2Jael+9DAqJo4Mgg="}},"RWa7ThI/UKGPlM8IEPv7OgbEM+UssrOrbHhO924bfM4=":{"valueMac":{"type":"Buffer","data":"Wgmphes1iE5E3mdPAoLLNrmyT7FnZg6uPS8GVlpQgkg="}},"RggLHJneaA+XyRiRXIbxASe7uYCqYsXbknDF075L918=":{"valueMac":{"type":"Buffer","data":"AqHF8/5X/tBRQSnMPEDPPuX+AbaL0Vk7aG1yoOdgV5I="}},"R8bQj9K/9oz+5UwIYZPt1/uXZlvxG86SrbPmTno8q/I=":{"valueMac":{"type":"Buffer","data":"6mr9Nc6IO8ZtAcAX12k7qepGYYf3Q8FRJOEBuMEhC1s="}},"Tw8mVt2CZMkfuwMM1c+Tcq5ofvjY1t58K6PO0JQFqLU=":{"valueMac":{"type":"Buffer","data":"gI6t6/KciDC0yuwkCqMkLdRpUJs3k5S+A7U9hECiK6c="}},"UAXB+CSyYI4v5TFUT0jeddQAAHwY+bAy7HK1fb24cGA=":{"valueMac":{"type":"Buffer","data":"1hmPLABR+JWbMsxtqG6YQdMYGb1PAUEZMyYbyTHOuJk="}},"UDytAKiRN1axOIK//SZagSE/iIzS4WeWzVZ+B86rN3o=":{"valueMac":{"type":"Buffer","data":"BAdC3w7QJUOs8QsxVH7acPMJn7xyqkWQ5oGs15zP4pA="}},"UVzZPBKoIssfANrSFFYnlOo9g4cLd5mwX2CTOcQkBxo=":{"valueMac":{"type":"Buffer","data":"5l0sKhWY4w6ZiFHwTO3/oREqtXigy2PnllGLzxBdIlw="}},"UbHrUkGwvJyXmIudIxk9vI5O0sro4xaXRIrZ0TtAniw=":{"valueMac":{"type":"Buffer","data":"PiDHDp4UTZ2KXZcyd8b91jZyF0kbFExPu6UsRUXE5DI="}},"UmnJmXlSZMbat25Ofgu28AVO+YbKRCx0IV6EIaUOZ8c=":{"valueMac":{"type":"Buffer","data":"ajkAH8pLw8RVW1ag2/ULTfQe22wYbB1gLCEhfUrUTSM="}},"VOGQUvKqkGdDVTSFxBkij3TABhbSxHavD4MyAqe0EGs=":{"valueMac":{"type":"Buffer","data":"LZ+YoB0NHUGqycq/rvzI2rXNV1IzlJYamJ44ihPpCTE="}},"WNyk7YRlHBqVkEAvoIAgOUBO22whFYxKpVuX8/cl3ZY=":{"valueMac":{"type":"Buffer","data":"P0N8D6RVi79H0ev3ZJh9JJ1a8CcGK4eQ1konppe6CXk="}},"Wmfc+LxNdaSUnZMXzZP8TDMP4/l0Z204TiS7Jlei+3U=":{"valueMac":{"type":"Buffer","data":"cIIW8d+fRqsYQ8zrxLE5D499rCaugsCPODJH2+CAsIs="}},"WuYFa71KSsMq2zLD2KZPkjdwPCwCPw3xtlmmLbgg37Y=":{"valueMac":{"type":"Buffer","data":"B/m5wt84eIZZtbPO8BrLGqI32CFKBRb16/UXV7+UUwo="}},"XAoyr93iEsZaguoaeJpU95WQrhjarNfXHm5lEAIuYGk=":{"valueMac":{"type":"Buffer","data":"boVJxJi/Pg0BMRqijsCjV0HJZbWJvyE/pRrcJ+Od0a0="}},"XQJiq8h9uHK/MQgTxBYWE90cnpT9/Lx/pVpEQHDFoBY=":{"valueMac":{"type":"Buffer","data":"Ie2W+ZJQ+6f+i+7blZE6tUh4+hNsoOUWYnJmK2G81Lc="}},"Xmxp10qMZ3QJmGiT6GnJGXNvoN+jj1zq5wySEC7D8oY=":{"valueMac":{"type":"Buffer","data":"pn3NHdM1OhytRidsMMiBGUic2gdr5G5iAl0kQ8kcRxw="}},"X/MY/Npm6V/V5yU7LVgmdU97Q5ntUDQx4MMFQ381hPA=":{"valueMac":{"type":"Buffer","data":"hdP2S43nREX/5MBRfqw2TMVtqm+nWIepc0H1iiarlbo="}},"YLd5gUf4IinroPrToawFp9M3k7xFu8iMhexR+NIt4jE=":{"valueMac":{"type":"Buffer","data":"BrjEbTqoMmnAPdnVg4BFe4aKgg4BKKipBW4T0xnCAiw="}},"ZZYqAwfLOukL7m4+JHjRRt+ulX/3a9NwVoVCPKNylIc=":{"valueMac":{"type":"Buffer","data":"9pM2KwAKkutPSiHvBA0PU35JpUg2KNDBL6KYtbjDWaA="}},"Zb+a2vlk397tOvm2bGvf+vI7cJurGNlIgZXPnxSV644=":{"valueMac":{"type":"Buffer","data":"ejp6cckyZfcxpwtS1BYg21IzYxe16Yaq3mbvf1f/Jtc="}},"Zfndzcc2uIto6EGP5tqd/8l38jF0HHtikPaMr6nP0b0=":{"valueMac":{"type":"Buffer","data":"fQ5ZbkFVzjieWoA8z5wGCqdX8zKIqgsfwkry1hC6ILw="}},"ZrMg8vaRgLFL5cSoqoh+//dhzQQErE/v/lT0kyliPmo=":{"valueMac":{"type":"Buffer","data":"u1c5YSzpFdeY+Zo1Gar0qEmvSjxFOHLK2YJv1jAyaT4="}},"Z9zMzilEnk+rm5OtuVYWOXwbBsJVCCUYTESWdn41iyE=":{"valueMac":{"type":"Buffer","data":"Dq6aF8/eFCARI2LhKWrblORk79gSbShUQUaCGsjASew="}},"aWxKFpX7YiNO9lQc8x/lWui9+tAnI8AGOV8x6tWatGY=":{"valueMac":{"type":"Buffer","data":"h6x/6vhqKVNEDk+ULGjDkU53hNHT77qwG+0Ms7ML62w="}},"ao52qpdLWmNnq+YowquoPizYb1pLig+1PbHbLhSKdLw=":{"valueMac":{"type":"Buffer","data":"1FBE6lnjRyhSRZukc6Ypc5vLPtwpd32ZTU/BMHRuUBI="}},"a3Y7JXCl2mfHTC6APcz7Uwd2VTvt/AKwhIgTNMh/S/s=":{"valueMac":{"type":"Buffer","data":"5xKU4Mn+pzYHyKq+VoWWtkYmK6U6AXXoJlHMjhd8NHo="}},"cJhD08A5K8bA8OAPt/6zb+bjwipOpjtaof/4HegxhF0=":{"valueMac":{"type":"Buffer","data":"6Gv+xFRvT8Q33YVmCVYCHK/Ta8dio3N/zxWZg6ibqQE="}},"cOk37fJMLGsdma4O70fBcumhq2y3388rCwIdlY9Rf5E=":{"valueMac":{"type":"Buffer","data":"9otMIwyw3vX4Yb40bPJEbo+6UKR+tbuPadF+hxbw40Y="}},"cSPA9vpWoKa+26j7fW3eT4CZnwAcl87TksUqjqziBAk=":{"valueMac":{"type":"Buffer","data":"0U9De8TEQuxWndQv2VH+EjHetfEz8bmLBcscgLDNrA4="}},"cWIg972X/kiS60UPUPEHfbQaqHG8P1mdKlKJWerjAH8=":{"valueMac":{"type":"Buffer","data":"jP3tGC/CiUuJOmh4FEgJIckVWTht+U5yPTfSXjVb/Ik="}},"cjVlZV299Ok/GU968O4+E/OQZqb3pZmYhZXGqz+L6Ao=":{"valueMac":{"type":"Buffer","data":"+l4Qn/wg2+DO2LqokZYPMhVEIPiknercS86DatPf3Pk="}},"ckNthcQKQlbJopVIzKm9AF9BV55N56ywuEIkBxzrXUY=":{"valueMac":{"type":"Buffer","data":"KeNX1HGO+Q+0zhe7oKcRbyV1AdCZ3bBqb12tnO7LX0w="}},"dFaxruU2vY3pxUhw4ouwvmOPaWlaIZ2cEcvMGLS/4AA=":{"valueMac":{"type":"Buffer","data":"It+YnsRXUlBM48f5O8mP3Sp+gt1HzWk7pod0SJWnBOQ="}},"eNqEbMBsNd+pIsWzgeASM95wReOVON2/dULMQke2mew=":{"valueMac":{"type":"Buffer","data":"rDGJxmgl7/4w1WqAT9xmJ47gGA4ZT4BQF+Ev6yBKZ3g="}},"em0e8K58oervE/GQMhZh74q9V1PcE2NFZhY5QRgE4N8=":{"valueMac":{"type":"Buffer","data":"SlHmGK3ms4soS3OW4vkHWN0JTD3i1SCodv2I8K15C4I="}},"ersNi0HDtXBNtbzUNS3urWV5yUXK4vNYY2WDY3RkLXU=":{"valueMac":{"type":"Buffer","data":"OkwSn1ERSv53w5mMbFECsyQAlKr54pnTEQOamEwBuSE="}},"fdmlJc+gUIXoKZxKyMxyf4Gp9RPKV8FAxXKzT+5Pchc=":{"valueMac":{"type":"Buffer","data":"x1+H+GFAbsgc8NpSGQGnRe5hRhQmWORKH9s2ES/JBIM="}},"fgaKHg7TDWzjUf6F8rujAEIApEv1RYXDYGDYWKbHJt4=":{"valueMac":{"type":"Buffer","data":"XSpuKuhqbQVpb68cttMmLzvTNIdaUd/HSpfTLIpS454="}},"fm8yLEdezT7bqURaB2eepsidCQwVHJcsVFixfQtXMhc=":{"valueMac":{"type":"Buffer","data":"pfigHIlwlen0s5RTOw24+uv6JpLq+auLx5Udauxmrd4="}},"fsxMxiHxs4KDKu2hn9svwQTRy9FP0XUNZ63u5alTbEM=":{"valueMac":{"type":"Buffer","data":"T+OyAdk27pVEZUoxYjU+s8GgcV9XaOjQa0o6JM2fUHs="}},"f6FNUk+RtHjgaTQAilcZvyjRlDd2YyIfkIWSTIalVNI=":{"valueMac":{"type":"Buffer","data":"PFDBeqIA0Z93OcTSCkhbbt2Yk/x8yiavEUPPX+ssCKY="}},"gYdVqmZvuCFVV6MHhzWLlhR+Xr7ZpXYLR0Aq8gglmlo=":{"valueMac":{"type":"Buffer","data":"qBQOnj3+NX24oodgrfAkxDHk4Ga3RPo0OpB7r5UjJOc="}},"geoQwdy82sm5Q6R/HC10i3UQZwy7PPGBPsr6FqXdGns=":{"valueMac":{"type":"Buffer","data":"KZ6KMsd/hEIRsYJ+GrcuFbpCdW5NIoG5dTazWCSm2oU="}},"guu6j0TY8ru5FVE9+q3ydO1vv5447GjOz4tRGXVlXC4=":{"valueMac":{"type":"Buffer","data":"N5ZfivQ59qabI0UMeplwrfxaQd1BB/V6yOlIrY/txzQ="}},"h+oNL5tJ0X1AX4LjK5lTJQjCvRY5qH9o9Yf4cB+E3cA=":{"valueMac":{"type":"Buffer","data":"krGSFwSGcx11Fg3Wd9ggY1xVKjULAx+uJTH7kQ9hssM="}},"jLdH+jy3AxvsN2qjVvZisJKzYpoU+4M99uizFxUqV8U=":{"valueMac":{"type":"Buffer","data":"cPeNdxIE5mZX2beuxUnNOs27rMWq5+kk4dt+TzhuEZw="}},"jVEP+ByQpempL9UvgSFt1yVQzFvpUvjBWnK2dLCLo0E=":{"valueMac":{"type":"Buffer","data":"fZdtryQg22zySg6kUdMifDJg/sCp8mlKHUh62brHb0c="}},"kEuFL7t18e1P0G7m/8x8KnS9dJJg/aT1xxSG5iYzBnU=":{"valueMac":{"type":"Buffer","data":"LgbqniQ3EsOFpOk9SODr2CuC2guKhdEPqWJESLTGZ78="}},"kaHw/SwLCuAPmto52xmp/m3Yno2/j4vkMAZHRbth5dc=":{"valueMac":{"type":"Buffer","data":"8142yD9u9DTikndz6gs7Um+Kmy5N/N97x+6c9xY+LuY="}},"k3h3eWY4ppWQ0aI9tE5VfaoIQ00kFPX+5IurzIS8h2M=":{"valueMac":{"type":"Buffer","data":"4j1UZu0phKee7zG173ibPU69NG6vc1CUgVC5G0esQNM="}},"lM+P2p4+xefZHIJgGrrp9Lufze8l5vzOOTw/WiD+Qkw=":{"valueMac":{"type":"Buffer","data":"z4y7hBxHvMLqDIJgWrvFxao5gWgDOVAh9D4bP8Gkl7Q="}},"lQaUXLRt5M9vjaq3Wgv6gFbanEMcUISPafYozhuRBHA=":{"valueMac":{"type":"Buffer","data":"pwWiM3eFnYB9XfYOF/TEjLsO+jZ3gYY5L5KvGdVfQzY="}},"lkCQ25OnQ5y02c1iw+bu7Ar6qC0olsvoF1xVgqoDNnU=":{"valueMac":{"type":"Buffer","data":"/JasFPrjwSlHixVnmPuJOaae8srjiNgYv5uDxbnRmtw="}},"lpV6+Npyz9f2LuGc6/rdNWfRes83KmITKXSp4jmz2TY=":{"valueMac":{"type":"Buffer","data":"wUfMBPvNGGVBItmsIsjYOadwyUBCzkbuv8u3J5cbIe0="}},"l9hWVbh0GpV4XFwyXAlJ25azfGs0u+TSLxJyHHTy4yk=":{"valueMac":{"type":"Buffer","data":"fuZTGex/7eXJkBkBevvJqdveFffPQCh4EGPvN4XcVT0="}},"mFPEajUODb7sahnG1vcihftkRRQyqMbqD7X3UwXU8E0=":{"valueMac":{"type":"Buffer","data":"xli4HOW8LfML39dMBc8HJqUT38E2Gb1xYRlAW2jKeT8="}},"mI2fXFUR3tlh8W8xa8GMfat+Emx+SiQNaIezi2mxx5k=":{"valueMac":{"type":"Buffer","data":"HSdiTC1jgucEakC5o8LPtZv2yWMdmKl7MCH+wJjGkqU="}},"mR0OYl/F3Be43CwxmlME7lhgbEXGmip3GQcYUVStx/g=":{"valueMac":{"type":"Buffer","data":"5VH30xI+Co+9MbxCBTEc/zJjzqFEi6Y8McPjZlheyRU="}},"ms0FqwJKxnpo96nzP8k0BU9RI7pewQBGeNOOTvgPMaE=":{"valueMac":{"type":"Buffer","data":"1GA785pkGBRIAa9Y7/gJtmqRfLNI5LxpYTeq3xDxXsM="}},"nH+ZYDktBuEcVUXHGcosvmMYJbWItLprh5hxd1srjO8=":{"valueMac":{"type":"Buffer","data":"zCo/tKikT4cFDNU+OmBBvk6Dg3j3tEgtPFBZpRaa5iI="}},"oPv9M9YdqNnnvJRsywHU1XvKJcgp6PRKbpXUjs9p+J0=":{"valueMac":{"type":"Buffer","data":"u6Bdm7AW9l2X6TzkrDMVjNRoHmPYcbEa7e6bQhZ89pY="}},"oTEjiisJxi1yYQqHxia+GEkea1LqnDSulSuEo82CykI=":{"valueMac":{"type":"Buffer","data":"tH0c3b2LjXqyA/z5+3EpozdT7kEZwKABKa441XoKrU4="}},"oavYOjzw36hy4A4/Ymq1UlNRCflQ02Lr6Gu9++MzkSw=":{"valueMac":{"type":"Buffer","data":"Zp2dKQEdF8iPCWTRPhHsXTotQLtcn7Mh8GiDGgOlLP4="}},"onVQGC81R58RSWFfh9BE7kAfkVSMIpGWujS0Z5x/Hg8=":{"valueMac":{"type":"Buffer","data":"jBhGvT9I2yQj/X6obuVQ4es+1nejCG5Ijv2J1gNZwF8="}},"pMQr84qjKTM17WP3k0IslRWTNtRHDefO71Afca5Z2o8=":{"valueMac":{"type":"Buffer","data":"TuD8GtoG+1pCGkgzH1B4oapyKQBT34/bZmCc5H70hG0="}},"pXCzL7rJvH7nck1+jFVusWx2q4leQ1AIoM1s8JjsJZA=":{"valueMac":{"type":"Buffer","data":"Gt3ZLEzCFQGcwAsp0j/sekKqZzyWLQueRdvFqNUMmBQ="}},"pgrOszubGDxZ+gGHKyOBiF39TDsOMfyI/FjSpw2znOA=":{"valueMac":{"type":"Buffer","data":"zG684JY4SAwnOcnv/kxF1s3P3pGSio10aFrAP7ESnaI="}},"p5+XuaOZIKfvDvlsIvaRyAytdJxia33gB73T6bbvYvU=":{"valueMac":{"type":"Buffer","data":"YmB1+nEvfywDU/oj/2rnujS0piFoBZXDtYwL9hVIvUQ="}},"q2qQOq802zPu9+bDymsTjYG9pOHV8fywLQ2Sm09Vxyk=":{"valueMac":{"type":"Buffer","data":"SqMRfzf0KlTHzavAgZlsiG1HOMgLH5AQ1c/eCANaVtw="}},"raGYhNb4lk5L0g1WF62Y4cuLrKGXMpu4JAc6azHU4r0=":{"valueMac":{"type":"Buffer","data":"M9fg72kviafSuTRIAtcqA+lZqEpqbJPKDLHOg3mBvIE="}},"r0TS0La4EUkAF2abIUlgeY+Q9+DyH4n2idZkpYsPRfg=":{"valueMac":{"type":"Buffer","data":"GOWO468r+dKiEW+t1Cdiqp5buEmeFcOPafrM4eh00Pc="}},"s6WTBeCpMk7wsdQFQdAD7cPNcqpqsQ/jtDykZuEcnZg=":{"valueMac":{"type":"Buffer","data":"ZtjWSq7N9yy3opT64ZAyW/ZHr4qpI3FATwgR056D818="}},"tAZvhyZL0gV05Z/2hLyATABK3qj+RubUoxwUfSdfPqM=":{"valueMac":{"type":"Buffer","data":"ofdhzfTqRZmzwDqF+WGDrBRCbC6ZOXlK+UfgpIg3r1M="}},"tb6ApqNqOi9gRqgwTnwqi0PViaBMiGJDg4x/kIycknY=":{"valueMac":{"type":"Buffer","data":"EsAp+DaLevg9lhuKwYtDyDQszOx4+sj5AV/kjO4LqHY="}},"t6Wk1gGJ9kUsds2a19ZI+J48xmulf952fyPhajNra/Q=":{"valueMac":{"type":"Buffer","data":"4/8Mrvdz53FVN4OH3Rop54r8Jg6OBtY5xO5I5y8xRlI="}},"v5fTTVUnaQHCEc6c1yshUcaWxW8opb6XZsvyB1J0tNY=":{"valueMac":{"type":"Buffer","data":"tDbuyo9lZ5mwDw6JVjpqsqS4QfBBKWwGcdiz8Cy2S7U="}},"wTzBzuPdFmV2F+wv3hdDCQ7+YKwY7rWBHF7IS0b++sY=":{"valueMac":{"type":"Buffer","data":"WCTC7ETEPKpcQke06JzG1C8uq5F1uBUy38pxeYg28ro="}},"xDihTSUac/AehNHKGX3ZK5AdKnQnuYaLVytCCcn2yr0=":{"valueMac":{"type":"Buffer","data":"UntEvev8DNaYPtLUC68skUN+hWv/qvP5E7a18PSc3N0="}},"xP/dto0Ie7R7vx52NHQfNnOAX5UMTOYUq2ZVWOc3rzA=":{"valueMac":{"type":"Buffer","data":"9B5L4pEg0Tjtv2ixcqrRnVBqB9rRLm0meQuQvgDUsXw="}},"xVPV7iYZq1Bc6nRxzPz5KqmiBFDbAzVvFUmPcc81sao=":{"valueMac":{"type":"Buffer","data":"Te9hj/GQTBapBKF3o7v6CpgQ501vNep+BdSRjjfPF0w="}},"yVl/54TEjrBLBcA+3I2c+4mM71nTreGs+/xTGnUh/P4=":{"valueMac":{"type":"Buffer","data":"9k8NDmSLB9FUzIIpPha5jow2weYqpv3SqtZwMr/+nWA="}},"yftOo+XzX7w2DYVkyoVdlu8XXBWelWbBWzf8PCYLlY4=":{"valueMac":{"type":"Buffer","data":"879PFpYp5C1FCmTM/c/hcQR/BzjnHM8ed4KhapX8Res="}},"yf0a9/RB24itL26+oMUVF37D5P6aeGgS2P+1yppl/Oo=":{"valueMac":{"type":"Buffer","data":"BHllK5v1vuSJcvSJmO5vO2jzgUHMWt79pczPGKeqDo0="}},"0jlmG1Hu5rHR+Gp+H54nGaw8f2Oh+YbRuKgv7McXjEM=":{"valueMac":{"type":"Buffer","data":"h6WePGeKD9Xlxhzz8AXITodQXGJr3L8nV7XdGuaZOAQ="}},"1dXP5ivZHyWmUQkPgQvjg18mCMvO+0dlEqnc4d0dKzo=":{"valueMac":{"type":"Buffer","data":"Tn7wS0bWC9SVRp0IMw2R4GQLyVWpaYqIreXO9+m/USk="}},"1sMG7Dvj1zzT09wkxMioAgNmkfF0z48Cvgh4CGQdK/w=":{"valueMac":{"type":"Buffer","data":"Eho8DB9G0K1DoFJJK++wHunMazc6OMtvMWEfZP0upsU="}},"2Cap1sn5RM+oQ25SK6nBq4Bof5toY4pcZiWtsSrGnek=":{"valueMac":{"type":"Buffer","data":"PZWNRUinG1T8n8ThkToEJmZvW24ilkeoGHTp8vZP9vU="}},"2rQQr5Pb+OBVvGxhEtU2UQ8L9MfUITAAOGmPgMlfT8Y=":{"valueMac":{"type":"Buffer","data":"iMfJfFiy0teDwqmtb/im5fOZo41lBwSf23UKn9OLbz4="}},"3P7EI3s68b+0/C4F37Tc7c/QPCWeIvnOvz828xCXR7M=":{"valueMac":{"type":"Buffer","data":"+a5XiyJ5VOOka/Srvyfv4a4/sd/X7/HycXIc3jzcG44="}},"3y+Am/UBG1gBTwUUPnVUhgTRXH4ajvFgA3a4G1nZzYU=":{"valueMac":{"type":"Buffer","data":"RbMzVzBYWt4PqK/eA1Xi9Comx/H2RZ0CCrM7F3bBvDU="}},"34iBkxpKNgZpZ/4VMY5V3JSp1Q1SYNmHrWUe1FWfYDA=":{"valueMac":{"type":"Buffer","data":"VtIz7Dr42HjEQshxjZsnQZa5szxIhluLq762FjMMl+4="}},"39ned3E3fW+NbgUBX7+eEvgWvtL/2J1zD6zjWWwJIaQ=":{"valueMac":{"type":"Buffer","data":"Ki+JQiwNSSRwwgZNrP2fCOrajHMjDg/TpiVBPioQxw4="}},"4U/b5rkltxvMWY1f3gD5DY2e0mwK1NToxdQCcGBSyu0=":{"valueMac":{"type":"Buffer","data":"wKoxHCFRs5OkoHzNCAZgrsriwBqKdGDgBqgkDrU8egE="}},"4uw/F7JtxPVH06ObqMFLVY7ImjEEJ7zPptNBJ1T9AN4=":{"valueMac":{"type":"Buffer","data":"XOhcvLTHQiG2zw0pV2eYlA6j9aS/l0DDwIKd7cbv5h4="}},"5g0HUVmuvBq4lKtdOQkzIXmXKG1jWXPOauMzQc0jHmo=":{"valueMac":{"type":"Buffer","data":"/a5QrF+v3+FYWZTmEHJlZpg8S+UmxAF3ik/FNfwaGLs="}},"52+SIJT3Sj6fFcb19x6X5oO77FNDfq4PHwi5hgsIjaY=":{"valueMac":{"type":"Buffer","data":"UwFE4ThXyqMip9lP5TAZwODNC5gUiequed6GlvQKF3w="}},"565POlLaOSOAw6ukIslnQFW3mtNbmo6n6c3+KF3vESI=":{"valueMac":{"type":"Buffer","data":"Cry9lvC4nXs9i+OfSr6iCaew/uOd75UQL5MI4WfVYNU="}},"6DYKzY/qWmJrh+S6AmogifOxGR8yzfHTR24xzYfY5mA=":{"valueMac":{"type":"Buffer","data":"82DgpMM9zLmn1uaECN1PgxClal4Ug0DzW9vkpa+1zCw="}},"7gocQUh2qgkVVIpIN4+LZmweJ5o44BPA6aDtPgdyfcA=":{"valueMac":{"type":"Buffer","data":"tjMdT/QHUrcWdxSFSdhE4r6cj9KlOOurHyrNzDJXv2Q="}},"7mD8Pj5RwAkj8MXdACxSkzxmuvy42BsmgcCmT+Z4em4=":{"valueMac":{"type":"Buffer","data":"waFTDYfHCUIoWJfsfCTB3kuAR0IZ1Y+kBfkFYj5/W8c="}},"7vxC63bMJWxDmgPEn83vBPi/qZAoGH+1X9I6adfyaT0=":{"valueMac":{"type":"Buffer","data":"NyvVcdIe8TauOGzRR8YyVfmYBdACYBgfviFZqdq1SIs="}},"735lHoZpOgid91mUQ+u5/7SXYib1zNSx6L3EV6fn9CE=":{"valueMac":{"type":"Buffer","data":"03ZKy3uC2I2SRmu6BkAT86DY5EvfnO8Tdb6B9dqpmTU="}},"8xEOG9VUAwxzqJQ0K2cXq4d2YqCRvlYd31aZsYEo/Uk=":{"valueMac":{"type":"Buffer","data":"mmIqXpSbmbliyIBgc2hcKi4kguaR0wvatOHYQlvLLbM="}},"80vbbv9544lRU3v20Parr51kuDHRaNZzCU++uoRSqSk=":{"valueMac":{"type":"Buffer","data":"40r51HFbEOSP0tf8RY21G9HkG8dRS0Ha2CxHof9CbxY="}},"9EU+x6J1A9VR+M8GdGR64WQpIZhH7GoswXZNjExljdQ=":{"valueMac":{"type":"Buffer","data":"BS+WMaLGA5mcUa+pU/xQOgjZjQ+L3qg4weaobFPbBas="}},"9wCG8xkIm94OcHXzYr10WCWQnIUOUzSKNMG1AoU1SxI=":{"valueMac":{"type":"Buffer","data":"lbUFQbaYdZWPekoJfMNIfh80ixg7Bi7NKoR2qY2rWFA="}},"/3h4SjYaIdthZ5Ymm03yHZoHYwekkpCUmE3Q2NWp3A4=":{"valueMac":{"type":"Buffer","data":"j0thy8563b+T6TsYGpuKTsLjTHThvr8Y6CGSvRbzEZ0="}},"/6TIR+Y+U3J7tp/zo4TMqKPtEojDMEZS6vDBrlbV4no=":{"valueMac":{"type":"Buffer","data":"/Xdy6g8FLePlswqM0A7kEYKaJ0hG8pybgacTPvjvEvY="}},"4iW7Sf+Bmtu4OwXTcd3dLt0DV6MB/OalfivUYGAZc2w=":{"valueMac":{"type":"Buffer","data":"56kVKuSG/lMB3KJdWZLre34E82UVcEeKsMO7u3KVV5I="}},"Z0jcqnBbAnX414iBaRAIlt03YxbAOBSrEN1CruogwEc=":{"valueMac":{"type":"Buffer","data":"vDQUvISyKC0mBWSZAb6k1bTqxPBAtDI8ApeTSows9TU="}},"fzhEz6KaIzAitgavd/rvaxKkAqbyGo9nVcQV5/rHs0I=":{"valueMac":{"type":"Buffer","data":"IeZvPtC91DobjlYcNeX6xW9d4/R3b7obcb94c5AWNOQ="}}}}