{"noiseKey":{"private":{"type":"Buffer","data":"2HFANzJfRDD8imzJh13MsfrweElflg5k/lserWowXX0="},"public":{"type":"Buffer","data":"gNO9YW+vvXse04fAKvakmJFOD+Neb13GB2UJyMIkvyc="}},"pairingEphemeralKeyPair":{"private":{"type":"Buffer","data":"AAFpMsJOS/JnPI+VUxOzAMIxmojd1OqjSw3+HJ9VD1w="},"public":{"type":"Buffer","data":"AfygnpPakibPfBtWkKBX9JgvWLMCNbrCECS6XzQThmM="}},"signedIdentityKey":{"private":{"type":"Buffer","data":"wKfuhM89DEP2FSxd19RbYm25nkJ/Uo4+TeLGeZMzFGc="},"public":{"type":"Buffer","data":"cGxvCJPLDBRXySqxAWmcDyGIezNaEDDuog33gr1dClo="}},"signedPreKey":{"keyPair":{"private":{"type":"Buffer","data":"QJrg2Nfav4Q3W7V64QN27GHlaIjjbBV3fiSQiRu9+V0="},"public":{"type":"Buffer","data":"vqi9pNM37DQfrjhuxZmFdPJfn+waeSGrwq+Fgwgy8DI="}},"signature":{"type":"Buffer","data":"y3mH4s0UMgx5y/vZ731Y/7iRIGAp8nArRLOo5grnlfUNWv2qKHCblWwav84J708vEapEHoxbznjZhvjpwwQojQ=="},"keyId":1},"registrationId":248,"advSecretKey":"4Jnr4MK9I4m8ouWLI61gG0X63wWg0VmPhmjD71dBIt0=","processedHistoryMessages":[],"nextPreKeyId":332,"firstUnuploadedPreKeyId":332,"accountSyncCounter":0,"accountSettings":{"unarchiveChats":false},"registered":false,"account":{"details":"CPS365QBEJXqvMgGGAggACgA","accountSignatureKey":"zoxcmjIkIAtOVb6jrE7a3/qv/Ml5gjhgYtwmfk0RN3g=","accountSignature":"xkWHf+pXn44Vjp7S8UfW6S8B62xlw6KlyS7yHHhjZdJFIVBPKjfWPWXNpQb2slWMHjoIjw2D+nzO0t8JGr1IDA==","deviceSignature":"L5B6I7ay1RqRBkcHmyYJ/cJ41HRfKtl3oGMGugXVSXyDhSyLI9CXCpn8DbUPaXFdZ1+JRg00/z9wVtt4hdfRiA=="},"me":{"id":"62857586452296:65@s.whatsapp.net","name":"Zhu Desu! じゅ です！","lid":"209212621734050:65@lid"},"signalIdentities":[{"identifier":{"name":"62857586452296:65@s.whatsapp.net","deviceId":0},"identifierKey":{"type":"Buffer","data":"Bc6MXJoyJCALTlW+o6xO2t/6r/zJeYI4YGLcJn5NETd4"}}],"platform":"smba","routingInfo":{"type":"Buffer","data":"CAgIAggS"},"lastAccountSyncTimestamp":1762604739,"lastPropHash":"1K4hH4","myAppStateKeyId":"AAAAAL/t"}