{"_sessions":{"BcAjW/N4UG1jz1xdJ+S7KdKBl4tq1AE/hS+/j69z9p0R":{"registrationId":4210,"currentRatchet":{"ephemeralKeyPair":{"pubKey":"Bd9S6eJsGbxfC65iIjQWFhixRr4HznjdToQB0Jy+4LoI","privKey":"EM0WHCk8f3HhvNqbW2s4Ow3bNeOXa/KJ+MKl5YNaZnA="},"lastRemoteEphemeralKey":"BVKe8jLZBY3ACJrYqkcJMIca2810KSRt03F5dInzDsJR","previousCounter":0,"rootKey":"432rdpwLz+vkkHAMznlwF4uBvdVkQ77HY3I2Xuk6KTk="},"indexInfo":{"baseKey":"BcAjW/N4UG1jz1xdJ+S7KdKBl4tq1AE/hS+/j69z9p0R","baseKeyType":1,"closed":-1,"used":1762657599090,"created":1762657599090,"remoteIdentityKey":"BVBKnl78lH8gj+73nBDR1MFj/+XEgAOGXhC6guZlaqoe"},"_chains":{"Bd9S6eJsGbxfC65iIjQWFhixRr4HznjdToQB0Jy+4LoI":{"chainKey":{"counter":19,"key":"AwAFuoe7MOvs+PwIvWCebzgiqe6mlnS+9V4B9XNOL+A="},"chainType":1,"messageKeys":{}}},"pendingPreKey":{"signedKeyId":1,"baseKey":"BcAjW/N4UG1jz1xdJ+S7KdKBl4tq1AE/hS+/j69z9p0R","preKeyId":1054}}},"version":"v1"}