{"_sessions":{"BQGE1rtBvvRrLF6t4BVw/WCJl2t/LX/GEjSunDteYJRW":{"registrationId":1643164697,"currentRatchet":{"ephemeralKeyPair":{"pubKey":"BZWUcWlAfdHzyNXTG33wZ6kSLpgixThPphYFpD+UA1Ee","privKey":"sHDkAVAjIZ3ssCBE9XOIktrcoB/x4HtEg2VYKPt6xEM="},"lastRemoteEphemeralKey":"BcyVrmEBsRb0HBmPyKTnYnYJNO/AB00ZJ0YWC5c6uPsg","previousCounter":0,"rootKey":"finN9DRpCy0/BKeZOZ3td7HzssMwB/ko6JfsbVTxaXo="},"indexInfo":{"baseKey":"BQGE1rtBvvRrLF6t4BVw/WCJl2t/LX/GEjSunDteYJRW","baseKeyType":2,"closed":-1,"used":1762685627199,"created":1762685627199,"remoteIdentityKey":"BXc3rnKviRe8q3275sqfWrurBrcrNPR0NjwqZlJlOINq"},"_chains":{"BcyVrmEBsRb0HBmPyKTnYnYJNO/AB00ZJ0YWC5c6uPsg":{"chainKey":{"counter":0,"key":"5kxUIMnysVS4Ux79uGP4mT7XGMgBVvMLiN67ysARDAg="},"chainType":2,"messageKeys":{}},"BZWUcWlAfdHzyNXTG33wZ6kSLpgixThPphYFpD+UA1Ee":{"chainKey":{"counter":-1,"key":"LHUbPATY8sYf8TzAdVcUlcq52KTusSDh05Y8DimzEr4="},"chainType":1,"messageKeys":{}}}}},"version":"v1"}