{"_sessions":{"BSFWvAO59tpN0pze5g8yqObws6xP3ea7zobxDtUStMdu":{"registrationId":1488295675,"currentRatchet":{"ephemeralKeyPair":{"pubKey":"BXQXtrgeDEjWKVDT5EWBDzcBKjbuHiqPBQjo/OHxM2NQ","privKey":"uKUmTuX596k4CoSmY42Yo7I2zE2HB6GkjNYbOIJWiXc="},"lastRemoteEphemeralKey":"Ba7ctA++n/PviBVX0+6Xcc6U3lijDlvbVFLfdirliCEU","previousCounter":0,"rootKey":"oncZSun4ghGGsPOoqn46p+Nw1M7DTGS5T9/6/tGQRSY="},"indexInfo":{"baseKey":"BSFWvAO59tpN0pze5g8yqObws6xP3ea7zobxDtUStMdu","baseKeyType":1,"closed":-1,"used":1762657597580,"created":1762657597580,"remoteIdentityKey":"BaQAvzkGqDxx2ZbvwqBRqKjn5HDjBwS2hCncI91N6YI1"},"_chains":{"BXQXtrgeDEjWKVDT5EWBDzcBKjbuHiqPBQjo/OHxM2NQ":{"chainKey":{"counter":19,"key":"s80YFwCrIjA/PctS/2DlLH8DqI5d0YdWRmRG80ZMecw="},"chainType":1,"messageKeys":{}}},"pendingPreKey":{"signedKeyId":79,"baseKey":"BSFWvAO59tpN0pze5g8yqObws6xP3ea7zobxDtUStMdu","preKeyId":1404913}}},"version":"v1"}