{"_sessions":{"BTbn0catAFztcsaElK1biiZjpLIbnhqhLP1dS+0ZbW0C":{"registrationId":1703477089,"currentRatchet":{"ephemeralKeyPair":{"pubKey":"BS/i3auiOP9rxOrU/bPypcTKJHPAGkA2Oy86AUyjBTAV","privKey":"CDyrgAq+LgjI8+4NhiLbbZ07mV8LoFKU9M9oB6zjNl4="},"lastRemoteEphemeralKey":"BeQIRVuGVCdSjd85ccVvu5OthX4Db60HDaZHFOuYtEhZ","previousCounter":0,"rootKey":"zoZTPGfBxjUKNxdmNleKS1JmEi6Fw2DPRBsjp1ramxc="},"indexInfo":{"baseKey":"BTbn0catAFztcsaElK1biiZjpLIbnhqhLP1dS+0ZbW0C","baseKeyType":2,"closed":-1,"used":1762849407376,"created":1762849407376,"remoteIdentityKey":"BQu3U4inuuc1hmjMMBWivTKi1GEPExG/7hjbYwjVIO8k"},"_chains":{"BeQIRVuGVCdSjd85ccVvu5OthX4Db60HDaZHFOuYtEhZ":{"chainKey":{"counter":0,"key":"qRaZOlR3jQtzI4r1EOTSItfPs38Fe5e6WJrobjk8EgI="},"chainType":2,"messageKeys":{}},"BS/i3auiOP9rxOrU/bPypcTKJHPAGkA2Oy86AUyjBTAV":{"chainKey":{"counter":-1,"key":"UXggYQvGIUyW2qGnrUK4dAMbVQIAWgsUSRbk2A/dCoY="},"chainType":1,"messageKeys":{}}}}},"version":"v1"}