{"_sessions":{"BT4UUlHFFIMclBw7zHCg+/ESD71TMusPm6u1csopEds9":{"registrationId":31082344,"currentRatchet":{"ephemeralKeyPair":{"pubKey":"BZSnSSUeUVYsZAmBUxxRcB22isSCbB7b8G2HddyfmjF/","privKey":"uHn1y3UVPx9f/+KDphhcsOZl5NuOX6LA/BriTQ4ixUc="},"lastRemoteEphemeralKey":"BeRlCHXdpl8EjAjAQmL7iZgAVYSHkEptfxu8KdZAiJdN","previousCounter":0,"rootKey":"jOnfcFgVtaE5i00hSfkVqjtZo2Fw3vKEHvHLunFQ5r8="},"indexInfo":{"baseKey":"BT4UUlHFFIMclBw7zHCg+/ESD71TMusPm6u1csopEds9","baseKeyType":2,"closed":-1,"used":1762762827031,"created":1762762827031,"remoteIdentityKey":"Be9AZ2bdz4IcUfmn174u/R41IJvKDUiSfemMKipwbBwy"},"_chains":{"BeRlCHXdpl8EjAjAQmL7iZgAVYSHkEptfxu8KdZAiJdN":{"chainKey":{"counter":0,"key":"FWCOo5o1KVlVlPJWFukcM8ye6JZVpdTSCToHzFepJ2k="},"chainType":2,"messageKeys":{}},"BZSnSSUeUVYsZAmBUxxRcB22isSCbB7b8G2HddyfmjF/":{"chainKey":{"counter":-1,"key":"7taz9n7vZDgaK9iEeEckAb32VNHjB8Ct/Nr3krfM3eQ="},"chainType":1,"messageKeys":{}}}}},"version":"v1"}