{"_sessions":{"BZvzSbhQnx85tgW8mWmCwfxV11yIFQIQUvxxFCPPQXxq":{"registrationId":2049651900,"currentRatchet":{"ephemeralKeyPair":{"pubKey":"Baukx4qZy8rjOBG1WqpQa9d5KNQE2EqL52XQo/Q8XQRy","privKey":"OLUvSCep491dpjUIPvNioMuMvgGtnmCP3lsTBWZebGs="},"lastRemoteEphemeralKey":"BRmDKmO4OmHv3q5z2E+N2FDPMbwb4TDwmDLMXQiNwzsK","previousCounter":0,"rootKey":"B6DjAW66jAu7gy/f/f2En5Ew1IQO2pPlBYVIUvlp7bc="},"indexInfo":{"baseKey":"BZvzSbhQnx85tgW8mWmCwfxV11yIFQIQUvxxFCPPQXxq","baseKeyType":2,"closed":1762616564556,"used":1762616457911,"created":1762613862834,"remoteIdentityKey":"BbbwnBXkTBJY8fZ6nAOzn2kpakqC51JaDfaMv4QDp7xR"},"_chains":{"BdH8kHcM17zzV4QEHCw9tu0ckf7Zs43zn+ucgg+tWQ4P":{"chainKey":{"counter":1},"chainType":2,"messageKeys":{}},"BRmDKmO4OmHv3q5z2E+N2FDPMbwb4TDwmDLMXQiNwzsK":{"chainKey":{"counter":15,"key":"elsP7hsXHyDGQoQMyhFdz3417a8pbeL/ACaIyd6kja0="},"chainType":2,"messageKeys":{"0":"QyeA90HvM5Kxaxbn0JAXlXToO0yrjAe8UiFiV4JDf44="}},"Baukx4qZy8rjOBG1WqpQa9d5KNQE2EqL52XQo/Q8XQRy":{"chainKey":{"counter":-1,"key":"vd6oonJSQctQ5obrwgrgNLrqgmFj3/+nEriVpw8SVb4="},"chainType":1,"messageKeys":{}}}},"Bb5LEFq0a29vJgDnDrkeIXzRhMViSNXBz47EM8wA/9pW":{"registrationId":2049651900,"currentRatchet":{"ephemeralKeyPair":{"pubKey":"BePcSPbMkqsEwGCDn7n4yBKp7tHVudZc18WAUR5ejoQy","privKey":"iHpTyb9a68OGINDasONKyfRQBWikthdu83N07zUuu0U="},"lastRemoteEphemeralKey":"BeCnVDcGcn9S6KMbAnHNupaTamyE6GdHOEMXXVwOyRQO","previousCounter":0,"rootKey":"CumfIW9G/HLkVGL6cz5QFFstAsqJj66ynNbPfW1lZFU="},"indexInfo":{"baseKey":"Bb5LEFq0a29vJgDnDrkeIXzRhMViSNXBz47EM8wA/9pW","baseKeyType":2,"closed":-1,"used":1762616564561,"created":1762616564561,"remoteIdentityKey":"BbbwnBXkTBJY8fZ6nAOzn2kpakqC51JaDfaMv4QDp7xR"},"_chains":{"BeCnVDcGcn9S6KMbAnHNupaTamyE6GdHOEMXXVwOyRQO":{"chainKey":{"counter":33,"key":"9c6KlyqaLn3LhNMCoT6tYnnHKLykD70P9009JthaLuA="},"chainType":2,"messageKeys":{}},"BePcSPbMkqsEwGCDn7n4yBKp7tHVudZc18WAUR5ejoQy":{"chainKey":{"counter":-1,"key":"VN17LPhWlsaDHg1npVKFVraUo1Yw6vHzG45k9D2XVPY="},"chainType":1,"messageKeys":{}}}}},"version":"v1"}