{"_sessions":{"BUWz8/79jusbtpXdEZEQtm+W2DFnNUOgb5R+VWbcvd1T":{"registrationId":1049052707,"currentRatchet":{"ephemeralKeyPair":{"pubKey":"BcwdSItGm3W0IaAv1fFHEEkfh/Wsak/ZrqojaSjmJJhA","privKey":"yHZEhfQ1JeHDegu1EE2smCXLCvOCE4bgix5DSPZJtmQ="},"lastRemoteEphemeralKey":"Bdc8NKQvjFgRfLzFfcxHzjb70eEcBgt05PP2EUeI1g0x","previousCounter":1,"rootKey":"LfAGyRjmSXQJyT+t4Qa4D7Y2Ua+ETpHXq5Igi2d1Gc0="},"indexInfo":{"baseKey":"BUWz8/79jusbtpXdEZEQtm+W2DFnNUOgb5R+VWbcvd1T","baseKeyType":2,"closed":-1,"used":1762844198597,"created":1762664067987,"remoteIdentityKey":"BSNJq3nWpgo8AgOJP751Hc9hk+1AWc3ANQqW2/E2zfxn"},"_chains":{"Bavd70H1AqCo9SqfBtdNMAhlybpDXa78NedZditLqzNC":{"chainKey":{"counter":0},"chainType":2,"messageKeys":{}},"BVgpnxmhiUfsMIV7BsuGmILku/SM27shG5MGBj8SVHBw":{"chainKey":{"counter":1},"chainType":2,"messageKeys":{}},"BRWiL7JG8ea7iFcC1K1kEDRPNjl0EP8PkyRyCoCKgIgN":{"chainKey":{"counter":1},"chainType":2,"messageKeys":{}},"BXAXNE5NOIusWY9xVGDhdZPBaRy1NXOpy+n37UyrbiUH":{"chainKey":{"counter":1},"chainType":2,"messageKeys":{}},"Bdc8NKQvjFgRfLzFfcxHzjb70eEcBgt05PP2EUeI1g0x":{"chainKey":{"counter":0,"key":"g+kOuVfZyuNmGTB4aFgXedNqK8S6uc5sttVHO+KHJOg="},"chainType":2,"messageKeys":{}},"BcwdSItGm3W0IaAv1fFHEEkfh/Wsak/ZrqojaSjmJJhA":{"chainKey":{"counter":-1,"key":"xXyA2VUWwcRSSxJ1qXTno7APKLXL4r1YBHXhzQtl2EE="},"chainType":1,"messageKeys":{}}}}},"version":"v1"}