{"_sessions":{"BWDeK/tDuINhybAkFWGzo94IBashq6FP+Vk87ufjI+9X":{"registrationId":1783338098,"currentRatchet":{"ephemeralKeyPair":{"pubKey":"BQV29UfJUN7sYXjv67bjLAIkStzm3VVmSmEg/mzW2gt4","privKey":"wOWCJSDPm9uOUMY5Saf5wAWBkf5ds47tjnoEuICW3mI="},"lastRemoteEphemeralKey":"BayBMak0yGoAexuLd17yKnE0K+hyZTiBJq7HXYMxJD8/","previousCounter":0,"rootKey":"64cUzAovtzBpss4jmW0J1Zag+VlEixTnf/CZQSAyWh0="},"indexInfo":{"baseKey":"BWDeK/tDuINhybAkFWGzo94IBashq6FP+Vk87ufjI+9X","baseKeyType":1,"closed":-1,"used":1762657597783,"created":1762657597783,"remoteIdentityKey":"BY87QpybZ689S3pnjSEqNg1/O3k+4DDcf9sxi8L2/B4W"},"_chains":{"BQV29UfJUN7sYXjv67bjLAIkStzm3VVmSmEg/mzW2gt4":{"chainKey":{"counter":19,"key":"R6fB30+tzgXbnDZMkhaPEI/lMfBytOU6g+3PTrZ5yLI="},"chainType":1,"messageKeys":{}}},"pendingPreKey":{"signedKeyId":7,"baseKey":"BWDeK/tDuINhybAkFWGzo94IBashq6FP+Vk87ufjI+9X","preKeyId":14039772}}},"version":"v1"}