{"_sessions":{"BR82AF3jrwqJTrPuvhXHZ28cq11JCg8jUGb9xA0swotl":{"registrationId":1482704582,"currentRatchet":{"ephemeralKeyPair":{"pubKey":"Bek35cA8ndsgx/L6yZLnMBc1N2IpppbDdejAeWCk+fIW","privKey":"+AO/lFRo4403a5dTme5ivvThj4jbzEnp7K0mDb95iWw="},"lastRemoteEphemeralKey":"BQT+iaP1EcCc0QxZQIzU1scuhbztLN209UWzAayXruZJ","previousCounter":0,"rootKey":"9tmg/285+7chyjPJqA2TfYnsub1eOwry2j+pEGDZ5g0="},"indexInfo":{"baseKey":"BR82AF3jrwqJTrPuvhXHZ28cq11JCg8jUGb9xA0swotl","baseKeyType":2,"closed":-1,"used":1762859033585,"created":1762611398765,"remoteIdentityKey":"BV7NRHm3TtHRL3Aam8OQtjPK4RgryBpNpiGJsjtBQecu"},"_chains":{"BblRsyJ0LpvPdLWPeWDh5bpPrOH+U0/3BVF0qzHViH9h":{"chainKey":{"counter":0},"chainType":2,"messageKeys":{}},"BQT+iaP1EcCc0QxZQIzU1scuhbztLN209UWzAayXruZJ":{"chainKey":{"counter":0,"key":"HMfpGw9do/KoP8oEU2rumEX36UKDhbO1pt+J+00uLkU="},"chainType":2,"messageKeys":{}},"Bek35cA8ndsgx/L6yZLnMBc1N2IpppbDdejAeWCk+fIW":{"chainKey":{"counter":-1,"key":"NQlRSToKQhH4N6VV5IsZ3DIw3jWCIxLoK6NYCmkPmZM="},"chainType":1,"messageKeys":{}}}}},"version":"v1"}