{"_sessions":{"BYkVTLHnK1ah8hyh8EVlZjxSjWjqwiG+/5azlkNuexsk":{"registrationId":291598093,"currentRatchet":{"ephemeralKeyPair":{"pubKey":"Bf5i+f36Y/h2pgrjpAvq5ZgxCtqMigFtD/RHXNmUUKs9","privKey":"AAPgJQoKhEArjBdBaSNoAexIpoWcuahFLldQdouUJXc="},"lastRemoteEphemeralKey":"Be56ytvfWW+4lOrRS4zIcuWT0Iq+Nb60WqazEkPMSFUB","previousCounter":0,"rootKey":"98niD/n6kGmq1VtqKTC6vv5Oa/V6OL1S0W2iR5jriyc="},"indexInfo":{"baseKey":"BYkVTLHnK1ah8hyh8EVlZjxSjWjqwiG+/5azlkNuexsk","baseKeyType":2,"closed":-1,"used":1762796370349,"created":1762796370349,"remoteIdentityKey":"BWsqLPIerpMj7qpD2P8BRfbRRdjg+WtSftduso/+3/9+"},"_chains":{"Be56ytvfWW+4lOrRS4zIcuWT0Iq+Nb60WqazEkPMSFUB":{"chainKey":{"counter":1,"key":"pwuLs0GsF28eI8XGF68B5DLxPCPTE3cA9UPiT4EQx2w="},"chainType":2,"messageKeys":{"0":"wrH9Y2GgA0Rb1zaus6RbW5UrWZEuo7x2GSVNl5T7ys0="}},"Bf5i+f36Y/h2pgrjpAvq5ZgxCtqMigFtD/RHXNmUUKs9":{"chainKey":{"counter":-1,"key":"KTX8jMqJDmRywRZfZiJTQ4X+5t3SM/xTXhMXo6rtgvs="},"chainType":1,"messageKeys":{}}}}},"version":"v1"}