{"_sessions":{"BTBnWKjATrEuy8D3MzjO7HS89Aso3kU9Yghj6s2jkb9D":{"registrationId":541207958,"currentRatchet":{"ephemeralKeyPair":{"pubKey":"BX0clfJLqeE496jyo0+Dvq0+0w8e1GWaUJCw/FIo891t","privKey":"yGX5qL0HlZDS5R+mFIOXr+d74kKtj6c6pH2lMwlxF1o="},"lastRemoteEphemeralKey":"BYzJBKu05X9PzAuEhUEr36Kg20XyLhkqGnUN/MOqSQwP","previousCounter":0,"rootKey":"DPYJ/TFOj34BARxVBqGysAhxY5s3FavzbIbP23uRd/0="},"indexInfo":{"baseKey":"BTBnWKjATrEuy8D3MzjO7HS89Aso3kU9Yghj6s2jkb9D","baseKeyType":1,"closed":-1,"used":1762657598085,"created":1762657598085,"remoteIdentityKey":"BUmRRqhrpvxJS3KP3gBpP7sxls02PRXN2CCrzY2BoDtv"},"_chains":{"BX0clfJLqeE496jyo0+Dvq0+0w8e1GWaUJCw/FIo891t":{"chainKey":{"counter":19,"key":"Lec2PfivoVj+ptfzOrCzEbF2ielZ4IN8SK/xCOPYRKw="},"chainType":1,"messageKeys":{}}},"pendingPreKey":{"signedKeyId":16,"baseKey":"BTBnWKjATrEuy8D3MzjO7HS89Aso3kU9Yghj6s2jkb9D","preKeyId":4489113}}},"version":"v1"}