{"_sessions":{"BdHcOz7ztwpCVz3LjLA7BWwoEf2d/3rFryf419w9T+t5":{"registrationId":160322388,"currentRatchet":{"ephemeralKeyPair":{"pubKey":"BTIUSJ3GCFMpsdrU1iGxgUehqy9s4uzk4KfTKaA5FWBa","privKey":"iEwLA2AvsdFsAq8UO4V8kitEDh2DAidYmb8DfbCuxWk="},"lastRemoteEphemeralKey":"BefF+zUEZgzFWSGz0uS5LDhcDlZJu+TEvg039CLh2+g7","previousCounter":0,"rootKey":"htL4YWipnZNu+j4b8ZlTXXOPgdmhkGFbQtSeDR9D2Pw="},"indexInfo":{"baseKey":"BdHcOz7ztwpCVz3LjLA7BWwoEf2d/3rFryf419w9T+t5","baseKeyType":2,"closed":1762665405472,"used":1762665389232,"created":1762665389232,"remoteIdentityKey":"BS0Q+Bd66wu4Gk6dQ12CGNDLDTufsq0HCxrn7eEniR1y"},"_chains":{"BefF+zUEZgzFWSGz0uS5LDhcDlZJu+TEvg039CLh2+g7":{"chainKey":{"counter":0,"key":"6Yn7n9plEvANQFZwDAd7JOwZeZsahuFt8sVL70cPfh8="},"chainType":2,"messageKeys":{}},"BTIUSJ3GCFMpsdrU1iGxgUehqy9s4uzk4KfTKaA5FWBa":{"chainKey":{"counter":-1,"key":"PSDaeWB0vV+9pmg16VUD1fJiTBk0q9UQd3vRjqFUHzw="},"chainType":1,"messageKeys":{}}}},"BRterpCMPK+7JbYb66LLjlgEZ9oWO5NgTXW4Gytsa2tI":{"registrationId":160322388,"currentRatchet":{"ephemeralKeyPair":{"pubKey":"BYvxvsD/niJoj7OdQEHcrFfMXzvyPh5OE/qNYM02OloY","privKey":"iLA3mAEVOV5EOsAuFqtJbURawWgRNeUCeaerEFfL2H4="},"lastRemoteEphemeralKey":"BW6DovouubWWilPGtS7ytJRDXHVDvEmgAh42LlWzg6dp","previousCounter":0,"rootKey":"LuHcGomKxrHjZNJ2D2RKUCqINRt05tyto8mIL2qso+w="},"indexInfo":{"baseKey":"BRterpCMPK+7JbYb66LLjlgEZ9oWO5NgTXW4Gytsa2tI","baseKeyType":2,"closed":1762666783866,"used":1762666686487,"created":1762665405478,"remoteIdentityKey":"BS0Q+Bd66wu4Gk6dQ12CGNDLDTufsq0HCxrn7eEniR1y"},"_chains":{"BfcLhtwKNenBe/cRU/pozE3JxSTVkwID5iLn3b3rGeY0":{"chainKey":{"counter":0},"chainType":2,"messageKeys":{}},"BeJcdj6q5TtcxQWV0cXciEV1NelJlBSjkySJdjPv9voK":{"chainKey":{"counter":0},"chainType":2,"messageKeys":{}},"Bb5E9Hv2JAXu8qk1hjJ5sVmURZZvKeoWbXSlKiUfKypP":{"chainKey":{"counter":2},"chainType":2,"messageKeys":{"0":"kreyw0hhQEdR23QS0yfd0KJynoBmigo+WSzT6MrQGLk="}},"BWr+s7M+ReeOTvDYaVl4lCFc7Pokf5CLHIbtVjcTlDBm":{"chainKey":{"counter":1},"chainType":2,"messageKeys":{}},"BaoIQ3DKmfJxEPm3VkTNBhIwT+TrDk92S0qmaWXNIRV8":{"chainKey":{"counter":1},"chainType":2,"messageKeys":{}},"BTXdcEGBCcE0cZQ8oO7HAavdOSW446b9IqY/nWm45c0Z":{"chainKey":{"counter":1},"chainType":2,"messageKeys":{}},"BTcKNLhHV4LdC75XDeCXVJX6GLjP5wLXKr83APxxLABX":{"chainKey":{"counter":0},"chainType":2,"messageKeys":{}},"BXLj2533ur0ohtOzGQb9U2FZmsvCwV3eb+q2XKEh8/8Y":{"chainKey":{"counter":1},"chainType":2,"messageKeys":{}},"BfHtUc5iYglHvAw1/WO+9pZCHVUvU1tz3fQipDMHk54O":{"chainKey":{"counter":0},"chainType":2,"messageKeys":{}},"BfipVyA1SgE2S3Jjs0RqQgcrLiQiJ8bHSwR/v2Az0NNr":{"chainKey":{"counter":1},"chainType":2,"messageKeys":{}},"BecdM8SVo8NN6NLfk0Zu337U52aMDw1OwSjJyIYyHxdj":{"chainKey":{"counter":1},"chainType":2,"messageKeys":{}},"BZVAO8Z2stvS2UcIEtOXzUM0rp85+TIZZ/BzEnSWrLFQ":{"chainKey":{"counter":1},"chainType":2,"messageKeys":{}},"BZWfxIk1bZzI38XMu0wf5c97Ze8Z2WLVHOfUXol24sEv":{"chainKey":{"counter":0},"chainType":2,"messageKeys":{}},"BbG9sf6FQcVyCqiGpFGjbNvrmb93bvqBik4zQUZcwwMg":{"chainKey":{"counter":1},"chainType":2,"messageKeys":{}},"BW6DovouubWWilPGtS7ytJRDXHVDvEmgAh42LlWzg6dp":{"chainKey":{"counter":1,"key":"vZlsQ8zwVORumdcy7xWr7U6oS0VRD6mXskOQWNJWMZ0="},"chainType":2,"messageKeys":{}},"BYvxvsD/niJoj7OdQEHcrFfMXzvyPh5OE/qNYM02OloY":{"chainKey":{"counter":-1,"key":"CMKbQ3Aqr5DlUm/Q7oOacbWXyKLHW02no3OXA7WoOCg="},"chainType":1,"messageKeys":{}}}},"BdSN6jshQLn3j9s3qpFJ8ETidHs1IAsA1roAZJsCJGlJ":{"registrationId":160322388,"currentRatchet":{"ephemeralKeyPair":{"pubKey":"BUq6VE2FJUq0/G/HWzIxghTKQr/QCQ0vr49T0f3v7fsX","privKey":"yBAVeAOsOODQTsV+xUEpYN8E/exmudEnnkGqwyIpF1A="},"lastRemoteEphemeralKey":"BTZ5i0/nmANJznzao0td1KrBtiJCHI5MmOVUIX8FZ9pv","previousCounter":0,"rootKey":"l/PObZeb0Mj/d+gMGLaHAvmLwC9npDGGzOUE8gdtUks="},"indexInfo":{"baseKey":"BdSN6jshQLn3j9s3qpFJ8ETidHs1IAsA1roAZJsCJGlJ","baseKeyType":2,"closed":1762666876279,"used":1762666783871,"created":1762666783871,"remoteIdentityKey":"BS0Q+Bd66wu4Gk6dQ12CGNDLDTufsq0HCxrn7eEniR1y"},"_chains":{"BTZ5i0/nmANJznzao0td1KrBtiJCHI5MmOVUIX8FZ9pv":{"chainKey":{"counter":0,"key":"4lcrYooxWlWJwAIomYC9YqFF9SnJyL3gBU1+6GJsZcU="},"chainType":2,"messageKeys":{}},"BUq6VE2FJUq0/G/HWzIxghTKQr/QCQ0vr49T0f3v7fsX":{"chainKey":{"counter":-1,"key":"mVHx3DLoy6OKPQ1ugPFx51/WLHyB/LAzyFcEhXmSsMk="},"chainType":1,"messageKeys":{}}}},"BZUOUnaO0ZPVn33Tafpbknbe6W4BGnunPQA598ul8cJX":{"registrationId":160322388,"currentRatchet":{"ephemeralKeyPair":{"pubKey":"BYJcocIQeT3W/XH6j0PbO131OHDa/1P6IgI2b1A/tSUl","privKey":"aAo51ZvUhK+LqEGfOUzfroADhNjT0H/b+6JsiUYeDV8="},"lastRemoteEphemeralKey":"BW30B7iLTpGHH4RKabYV9xTv89TL4LvsnJL2fPDYoZwD","previousCounter":0,"rootKey":"G67iLbLgazzzl5/22mqKPcnx2T2oCwNWvz86jDBmQBA="},"indexInfo":{"baseKey":"BZUOUnaO0ZPVn33Tafpbknbe6W4BGnunPQA598ul8cJX","baseKeyType":2,"closed":1762667000886,"used":1762666876285,"created":1762666876285,"remoteIdentityKey":"BS0Q+Bd66wu4Gk6dQ12CGNDLDTufsq0HCxrn7eEniR1y"},"_chains":{"BW30B7iLTpGHH4RKabYV9xTv89TL4LvsnJL2fPDYoZwD":{"chainKey":{"counter":0,"key":"/RL/iVlBi17LSSIPozfzJK+PnwGcu91Ut8eli0TlDho="},"chainType":2,"messageKeys":{}},"BYJcocIQeT3W/XH6j0PbO131OHDa/1P6IgI2b1A/tSUl":{"chainKey":{"counter":-1,"key":"zmPTtzV49JDE2bYt12/smJRiG7F0msaH0zgRQL5It4E="},"chainType":1,"messageKeys":{}}}},"BS6XIUYIHCUz4mSQfVMYRGbEdcHE0oRV5klUsDRf+o97":{"registrationId":160322388,"currentRatchet":{"ephemeralKeyPair":{"pubKey":"BYm2oohh7CjPOz7oRL79tGa4oymKj/nzfChktKQSRE4o","privKey":"WFxwmHAH8r9RMFVBtsYgYzuj0YA7FUzdavmFqMpxG1U="},"lastRemoteEphemeralKey":"Bc7lZ0JQlNVU8W/znPu9J3G9WZEMoXswu5ndPx2Hf21b","previousCounter":3,"rootKey":"Cn30tyGDfXykWXLBVQ4hO7Go05BsDozfHWkO1yjtHZE="},"indexInfo":{"baseKey":"BS6XIUYIHCUz4mSQfVMYRGbEdcHE0oRV5klUsDRf+o97","baseKeyType":2,"closed":1762668003377,"used":1762667922981,"created":1762667000891,"remoteIdentityKey":"BS0Q+Bd66wu4Gk6dQ12CGNDLDTufsq0HCxrn7eEniR1y"},"_chains":{"BZUO2UorSnesgNgfWPUbmVFBWJ5xanoEI24pAeWaDD85":{"chainKey":{"counter":1},"chainType":2,"messageKeys":{"1":"Yyk70imC9Oo27nU+GlK+gZjYhb04Kuhk4/CREbfxuio="}},"BZIc+ksYzYnJBK5Wn6LcvRTPlN3G4/LvIcdRIWIi6vxb":{"chainKey":{"counter":0},"chainType":2,"messageKeys":{}},"Bc7lZ0JQlNVU8W/znPu9J3G9WZEMoXswu5ndPx2Hf21b":{"chainKey":{"counter":0,"key":"CCt6jVBAzn71mYJJK83r2Z97eUB+6jI7/XJJ+vZslm0="},"chainType":2,"messageKeys":{}},"BYm2oohh7CjPOz7oRL79tGa4oymKj/nzfChktKQSRE4o":{"chainKey":{"counter":-1,"key":"LoMdJwYFvbLBnHO78/1Xeiy8DhLTkvSCTy6sxOaxoMo="},"chainType":1,"messageKeys":{}}}},"Bdks3yU8wsYtIaUGxp2dlFCSO3qyF4vEomNt7wOwOwwL":{"registrationId":160322388,"currentRatchet":{"ephemeralKeyPair":{"pubKey":"BftvTZIjeYExlN0SCeKFgzbUCQG+q4niwilxezrdXVgq","privKey":"uGBZkTndMt6Nu3lyaFY2H3wP6+LhewP82buZjVNneFg="},"lastRemoteEphemeralKey":"BaUdycUklKEEIQgXxwy2LPaajS8VinST5K6tP8s8TU4M","previousCounter":2,"rootKey":"t4b04BhQGApIjWaMqiZYB3T6DEJsKf0hySeFVwJBk7w="},"indexInfo":{"baseKey":"Bdks3yU8wsYtIaUGxp2dlFCSO3qyF4vEomNt7wOwOwwL","baseKeyType":2,"closed":1762668263090,"used":1762668037166,"created":1762668003383,"remoteIdentityKey":"BS0Q+Bd66wu4Gk6dQ12CGNDLDTufsq0HCxrn7eEniR1y"},"_chains":{"BfjfqSZPpJc4kV9zdQ5oWHX8gVBw8M53wRPKmecuIAsL":{"chainKey":{"counter":1},"chainType":2,"messageKeys":{}},"BVjFWB5biESEW/wFNBE+bAn9sBz3iKixxWY+PxmpQH4T":{"chainKey":{"counter":1},"chainType":2,"messageKeys":{}},"BaUdycUklKEEIQgXxwy2LPaajS8VinST5K6tP8s8TU4M":{"chainKey":{"counter":1,"key":"5zXoDw4fqbUHAKtdBbPZCNnDfZUTDalbv/Iz6I0xjIY="},"chainType":2,"messageKeys":{}},"BftvTZIjeYExlN0SCeKFgzbUCQG+q4niwilxezrdXVgq":{"chainKey":{"counter":2,"key":"j0f6LwyPjYBgcxfsUcgx4Eo1Kt2TgpigrG543DGMlvw="},"chainType":1,"messageKeys":{}}}},"Bf0HxPxasQ58QJoJmcc4gSqImFWCdyhVoaTkkdYKkNRo":{"registrationId":160322388,"currentRatchet":{"ephemeralKeyPair":{"pubKey":"BfW1z+/OvW0F765h6/ol4qkBD0wDz5QcNVsa5o8sH50K","privKey":"eH8pVQt/WGYwc3sXzeOfNqS6PUY93DW8Fcw8ZZFTPUA="},"lastRemoteEphemeralKey":"Bb0dlv9QboIWHIl/CeMxOs7pMgdd4SGrtjjFF3YrL5I+","previousCounter":0,"rootKey":"CTAUwfQh9+9ONzlgRs1zsLWCN6LlLbCahdtA8FyD2t0="},"indexInfo":{"baseKey":"Bf0HxPxasQ58QJoJmcc4gSqImFWCdyhVoaTkkdYKkNRo","baseKeyType":2,"closed":1762681126357,"used":1762681090820,"created":1762668263174,"remoteIdentityKey":"BS0Q+Bd66wu4Gk6dQ12CGNDLDTufsq0HCxrn7eEniR1y"},"_chains":{"BWjpw9aLS9d+vO8Cl9rGxdCfqSJ0k0gVwfWyqtgtNZY2":{"chainKey":{"counter":1},"chainType":2,"messageKeys":{}},"BZLVcIb+I1yENVBKYlSjDMbMwbR16g/WfLimiSrT2Y1g":{"chainKey":{"counter":1},"chainType":2,"messageKeys":{}},"BSVDTeYjtAtXAa2l7xmy+HkwmljDBUlErA5JospJaBZ8":{"chainKey":{"counter":0},"chainType":2,"messageKeys":{}},"BaRjOwE/MACDZKS2KiJnOxBx+YNkVoYRLzS3XsXm/s5e":{"chainKey":{"counter":1},"chainType":2,"messageKeys":{}},"BfjfvmyBWuuCMR84sVJXUND9XQIOTOBMzlJF3AD9RiBy":{"chainKey":{"counter":1},"chainType":2,"messageKeys":{}},"BdkiDb7e5i24Bflv/rMdjrwtfJHXDt7S401a9tkuHfZN":{"chainKey":{"counter":1},"chainType":2,"messageKeys":{}},"BR3Ram+HFqR9fb9P7fz6GDuZFxHlPp2mvpN8A80Xplpi":{"chainKey":{"counter":1},"chainType":2,"messageKeys":{}},"Bfw/Fqt4XIMoss5NDUl2fs9sE2DNvmgScrrXM9nSvjVh":{"chainKey":{"counter":1},"chainType":2,"messageKeys":{}},"BV3Llgheu/Fq/tSLFx9pVAH59+IdjqbWhcSmC4MLvBMw":{"chainKey":{"counter":1},"chainType":2,"messageKeys":{}},"BVPTqfIAo4KpX5kfL203s1kxfjq6mwNH7c8ndAejK7gg":{"chainKey":{"counter":1},"chainType":2,"messageKeys":{}},"BbYu9vwXIQePLWCs6+rZ7vIWozh/nJYzq3O36bnhZM9f":{"chainKey":{"counter":0},"chainType":2,"messageKeys":{}},"Bam2Il5K/7GaBGmX0JEJM8OQF5Ae7AQ3U3FH/2ofmKoV":{"chainKey":{"counter":3},"chainType":2,"messageKeys":{}},"BdIVAl7u0X6UIRVSa+5jX4OJnGTf1eVG/zRUiocuTIIs":{"chainKey":{"counter":0},"chainType":2,"messageKeys":{}},"BZaTbSMTm+a7XBp1L+ou7vEREAwp/LESevXCq9zGhpNo":{"chainKey":{"counter":1},"chainType":2,"messageKeys":{}},"Bc5pFC8PdLN3eSIN1/vOqZxiEhGH1+eEyc712DtnFMgk":{"chainKey":{"counter":1},"chainType":2,"messageKeys":{}},"BSY5C3I/EPeCY4Q95ENJyeXOYOVPL947yQo7tIjaugQO":{"chainKey":{"counter":0},"chainType":2,"messageKeys":{}},"BSnpmtAH5MW8/d2ROSFzx/GJEHOm899DFuZWSxr2qgIH":{"chainKey":{"counter":1},"chainType":2,"messageKeys":{}},"BZDM89pt+4+0VUDanjL6huPosd+Tz213cGPjZtG9FgNq":{"chainKey":{"counter":0},"chainType":2,"messageKeys":{}},"BWkz7Xzx2YKUXlXFG0qqzipekfwLplHQHRNhps8uEyAB":{"chainKey":{"counter":0},"chainType":2,"messageKeys":{}},"BSTG7BAwrmgP9JDqJBa1RDxmeaYaJ7g9NnuSR1z/QGAY":{"chainKey":{"counter":0},"chainType":2,"messageKeys":{}},"BVHH5xKUqxf6JB0HNL9YqOEItKkI76DWEWOyhYHYg1Yb":{"chainKey":{"counter":0},"chainType":2,"messageKeys":{}},"Bel2aalG0W4PYaOmMVQMqdShP3xvn/7WYwc1IkwwKnA2":{"chainKey":{"counter":0},"chainType":2,"messageKeys":{}},"BQ8qWytHiMGpUfhM03Gi/EFFpCBqnEY/8kolsWwUab07":{"chainKey":{"counter":1},"chainType":2,"messageKeys":{}},"BepeHlzaWapjQth+6ZV+/5BVkE+G1An270FP1jr9VQt2":{"chainKey":{"counter":1},"chainType":2,"messageKeys":{}},"BYT0bsk+9/9hrdP++dbPoDgr6zQaL1WiyLVRaQHpYrkp":{"chainKey":{"counter":1},"chainType":2,"messageKeys":{}},"BRqIfRd4lQL3HDPbL67lRKWXbLnEUWdSF2VXucotAHId":{"chainKey":{"counter":1},"chainType":2,"messageKeys":{}},"BdYvTIcmSb05gTtZTDFpsmB5nPm7IVvxS9UZr4TyQz9Z":{"chainKey":{"counter":0},"chainType":2,"messageKeys":{}},"BaMLYSorZrHzAmg2FPzCAP4xoiv4nvltYsqeuC2dzstL":{"chainKey":{"counter":1},"chainType":2,"messageKeys":{}},"BYk4AmZAb6xb7Zmt7IsW0/1frzNPgEBC3SvW0PzM7Ekz":{"chainKey":{"counter":1},"chainType":2,"messageKeys":{}},"BYiX3dA2vLYJYItF6EqMzefRCQWcRwx7UigGOnLdTWtp":{"chainKey":{"counter":0},"chainType":2,"messageKeys":{}},"BVwQh5bxVC7G2oD7cAGcgytvSSOD5KIO5iu+PZNOIRZV":{"chainKey":{"counter":1},"chainType":2,"messageKeys":{}},"BRGwW+3PxoI5fRpprEhUdXnziQ13DzskCbA3zT5v71Qq":{"chainKey":{"counter":1},"chainType":2,"messageKeys":{}},"BQVTk1uHTNeE1dIudRfY+D04CzVKQ2Z2kuJk+3EpryAY":{"chainKey":{"counter":1},"chainType":2,"messageKeys":{}},"BVupcOKJiWReUdrn0GJ1kfjXlBwpHePs3TLlkhCu/VlK":{"chainKey":{"counter":1},"chainType":2,"messageKeys":{}},"BaoFpni8DRg8TKhAXxEPzzfEPIU779jcRSTVq5yb5PcY":{"chainKey":{"counter":0},"chainType":2,"messageKeys":{}},"BbaEv3wIi17bV6q5afGO00e8HO18x/tVYqpbW2x+UDtn":{"chainKey":{"counter":1},"chainType":2,"messageKeys":{}},"BZDo2haDYbaab1hywq7KLlJ2hm1Lphx43PqR4tIY2md0":{"chainKey":{"counter":1},"chainType":2,"messageKeys":{}},"BTfTkot1YGLl1aL3kuX48ssCGpUTJApTdpV4OsxXEPw+":{"chainKey":{"counter":1},"chainType":2,"messageKeys":{}},"BabCULzKLb3SPHrUTFBON8eDMM7/dDQXl260TC/fhxc6":{"chainKey":{"counter":1},"chainType":2,"messageKeys":{}},"BdXR97NDrKMsB0wrHWH78frekrJxxQw4cZz3XGdvlY0Y":{"chainKey":{"counter":1},"chainType":2,"messageKeys":{}},"BRNNDQGNIQ2zUBp6YinlXCN7+or5DELWszCc9F7/DgUA":{"chainKey":{"counter":0},"chainType":2,"messageKeys":{}},"BR4RbQAkyIxpwTUzS76pVcIhNUJUWjlwsYs25hPV7Op3":{"chainKey":{"counter":0},"chainType":2,"messageKeys":{}},"BcWo5w/TS+6YFf6kRLxT/Pf1+AkwfAVqBIevmaJYPxBe":{"chainKey":{"counter":0},"chainType":2,"messageKeys":{}},"Bei7ziDkd5jwBPAi3RH9JmfmNrCJrSW6TmnAPhcXxwN/":{"chainKey":{"counter":1},"chainType":2,"messageKeys":{}},"BR5LR3FUBamCQGQTy2227fNOYUG4kjh+mYQEokSn3XgW":{"chainKey":{"counter":1},"chainType":2,"messageKeys":{}},"Bfw3G8SsgPRaZQaFdzGD4ri80c9jrp2EXw3MaaaYqXVW":{"chainKey":{"counter":1},"chainType":2,"messageKeys":{}},"BeOyvyzSwAJzR6IE1Tc1YGRghg0BCFIiJSvJgks5VrIr":{"chainKey":{"counter":0},"chainType":2,"messageKeys":{}},"BTNG3vje6qWMUEfHJVGVF0CuFzX6wKQaaevVxVO3/l9z":{"chainKey":{"counter":2},"chainType":2,"messageKeys":{}},"Bb0dlv9QboIWHIl/CeMxOs7pMgdd4SGrtjjFF3YrL5I+":{"chainKey":{"counter":2,"key":"5Mv456Fo+N0kjzFPVa9uj0DRy20NYbAdLNCF5gCjQeM="},"chainType":2,"messageKeys":{}},"BfW1z+/OvW0F765h6/ol4qkBD0wDz5QcNVsa5o8sH50K":{"chainKey":{"counter":-1,"key":"wvobObCqXDfpfiKJoll86XMs3PebXH9JM3lR01XMPiU="},"chainType":1,"messageKeys":{}}}},"Be3rm91FiYgPRzvw/qV15u1IG3dzR8bqXJ+Ai1wFN0kc":{"registrationId":160322388,"currentRatchet":{"ephemeralKeyPair":{"pubKey":"BQo1FwVhjWJrjlmxICZ43IBltAocLdKSdDjqyTqDzJBc","privKey":"IKy89qTqFJw1IuREjNqH1TcV6e+x2ookjmVEpR8FrFI="},"lastRemoteEphemeralKey":"Ba9DnwZSdfo0XjfybdKGfJndq2JqgDQ9BuV5zRam24Uw","previousCounter":0,"rootKey":"Jst/0zOLTJUeb4xqVi4oqYReuifjLHa9l9Y4glv84Pw="},"indexInfo":{"baseKey":"Be3rm91FiYgPRzvw/qV15u1IG3dzR8bqXJ+Ai1wFN0kc","baseKeyType":2,"closed":1762681178464,"used":1762681126362,"created":1762681126362,"remoteIdentityKey":"BS0Q+Bd66wu4Gk6dQ12CGNDLDTufsq0HCxrn7eEniR1y"},"_chains":{"Ba9DnwZSdfo0XjfybdKGfJndq2JqgDQ9BuV5zRam24Uw":{"chainKey":{"counter":0,"key":"826HPrc+nL2WxDM4guAogsLk6aso6xFUEIvCneV8Jbc="},"chainType":2,"messageKeys":{}},"BQo1FwVhjWJrjlmxICZ43IBltAocLdKSdDjqyTqDzJBc":{"chainKey":{"counter":-1,"key":"atztObrxZZluW35TuJewrpgl0GlEZnWNvb4Cnk2jGzA="},"chainType":1,"messageKeys":{}}}},"BclZWy2eSr2c4E8R+cdoRSd9aEM2pSoB92UhOUxxAxd1":{"registrationId":160322388,"currentRatchet":{"ephemeralKeyPair":{"pubKey":"BVi058LJ8wXmuZ2v6NDFgemj8rugzehunWPV7kNWPsgq","privKey":"ELADjWx8G6Qu0yNrZrmNAlte68hQJUApynyjjOcoSmU="},"lastRemoteEphemeralKey":"Bfd1khQ6bacE5byE5mN+6AY88f0VLCEfW9vfhWMwVI10","previousCounter":11,"rootKey":"NAjcHWfK7RWqe280RFepO4lasfjGEXveHKJItnlzsJE="},"indexInfo":{"baseKey":"BclZWy2eSr2c4E8R+cdoRSd9aEM2pSoB92UhOUxxAxd1","baseKeyType":2,"closed":1762705601430,"used":1762701932018,"created":1762681178471,"remoteIdentityKey":"BS0Q+Bd66wu4Gk6dQ12CGNDLDTufsq0HCxrn7eEniR1y"},"_chains":{"BdXD7Ji6OdCv57QvLaghU19Sv2KxGyckveEMGFDBedQR":{"chainKey":{"counter":1},"chainType":2,"messageKeys":{}},"BS1NsqTSn4uiOQxUFSvHJ1j2Yuy1Ngf+7cZWNOM19kly":{"chainKey":{"counter":0},"chainType":2,"messageKeys":{}},"Bd9YYAT5gQWt3xoWeZ0IC416ZcUHcDv8q6mwrwt0M7I4":{"chainKey":{"counter":0},"chainType":2,"messageKeys":{}},"BYEPUI4be+npIngq6vZKn7jIOQ63cxeJ6VjEnP3BfmVb":{"chainKey":{"counter":1},"chainType":2,"messageKeys":{}},"BXkUVM/ettOlX7QJxc2MSeCjuZOB2BjFwImdLrD4jCp9":{"chainKey":{"counter":0},"chainType":2,"messageKeys":{}},"BdznOqMebN96H71W9L1LfI4i36r0XR0jQerlqm+39n8v":{"chainKey":{"counter":0},"chainType":2,"messageKeys":{}},"BR6gFsE8L+t3Y41tx8pC4iR1T/ylo1G1ny0irFr0ifRB":{"chainKey":{"counter":1},"chainType":2,"messageKeys":{}},"BfUxqQzrT/AtGIwMPB9+4pB2Rw69eF3EnKazl2z20LM5":{"chainKey":{"counter":0},"chainType":2,"messageKeys":{}},"BY7a4xAHk7EalMGB4Hi8ZC44zqKqwE1p/4D6oY9NdREa":{"chainKey":{"counter":1},"chainType":2,"messageKeys":{}},"BQYJXpKGyaDMGtcb+Nuj51iWP+7//FElOiWCohEDF05D":{"chainKey":{"counter":0},"chainType":2,"messageKeys":{}},"BVI4aAyxaiSCcR9/B9XA7DHlNXyc57Q4qjV/K2AP74dV":{"chainKey":{"counter":0},"chainType":2,"messageKeys":{}},"BVEJ8+HTbYs+Zi0u09Z0pH3/66sbPduR6HEHm+RFoywa":{"chainKey":{"counter":0},"chainType":2,"messageKeys":{}},"BSiqiLNuhGuVgi8Akww2b5rlGSzMt+2tEIqFs6RigM1F":{"chainKey":{"counter":1},"chainType":2,"messageKeys":{}},"BU3wm/ZUTEZ8pvpYOzG6EE6ZO52aJeFLucTdbEHOJ9Qn":{"chainKey":{"counter":0},"chainType":2,"messageKeys":{}},"BamQuq46EKBHTVEV8/GSrnmA1r4/oCT27rMrmuCIvz5O":{"chainKey":{"counter":0},"chainType":2,"messageKeys":{}},"BeTmfj1eERtP2U5BXDb1JRotvQFAztH9E8WW9o2eP5hP":{"chainKey":{"counter":1},"chainType":2,"messageKeys":{}},"BRcA9vBq9UFoEnCTjUHfjMlQ2muvnxKxRD5kIPnHBsJn":{"chainKey":{"counter":0},"chainType":2,"messageKeys":{}},"BUOaYBv/9urzqnkLPI5lB0tWLAwutw1NvPMUjxoDZTA8":{"chainKey":{"counter":0},"chainType":2,"messageKeys":{}},"BdYXS8d1xNe8Y+BbIkiYTbMxWP1oSu0YxciSJOiXoMQq":{"chainKey":{"counter":1},"chainType":2,"messageKeys":{}},"BQSAz+zg/ll36URMh38xm2YiswFWlPmiSyzEP1lG7R0c":{"chainKey":{"counter":0},"chainType":2,"messageKeys":{}},"BayiK7X3muHmmxgjIw9z8GmMgaKlZSbQ/mrAkFUAZroQ":{"chainKey":{"counter":1},"chainType":2,"messageKeys":{}},"Bcpk15yEpcIazJMzkhFu+zy2CNZfgguZoENGGCTE9IIc":{"chainKey":{"counter":0},"chainType":2,"messageKeys":{}},"BR5oH17RKtGONMBC1EIm7FOeePU/NphtTrAdiXtNOVxl":{"chainKey":{"counter":0},"chainType":2,"messageKeys":{}},"BRLqBKDhMO6c7x4tF/wqjG3QMq8m25FEbjKZlJbAY9oD":{"chainKey":{"counter":0},"chainType":2,"messageKeys":{}},"BZkvUJQUcdjQABKXpOhJ4FsiARBB0NJJk2AC/v3mFbcq":{"chainKey":{"counter":1},"chainType":2,"messageKeys":{}},"BUiy0PnFOatHbe1mL5KMshKuIw50sVxnxeKwh0+q45RD":{"chainKey":{"counter":0},"chainType":2,"messageKeys":{}},"BUk97Lvs/j8siKO+h9keaWeKfjYdJ/GZwgQknltVww0Q":{"chainKey":{"counter":0},"chainType":2,"messageKeys":{}},"BTAAh/M3vlno8NzaoIq/cxMcSwlYu7pJQaFiRYEaOw1d":{"chainKey":{"counter":2},"chainType":2,"messageKeys":{}},"BRhNcM+q9oDgSVkblqWbUyaJuWumWmut5Y78TulhUhFI":{"chainKey":{"counter":0},"chainType":2,"messageKeys":{}},"BTMXuzd3g6IMDWlC4inRjpJPR6yqSgVIIosKAyMBTygU":{"chainKey":{"counter":1},"chainType":2,"messageKeys":{}},"BdK71Sutrj+6yg9wAaH12VF1//gU8Va1pqZl8xwkTscE":{"chainKey":{"counter":0},"chainType":2,"messageKeys":{}},"BbxMLx3k8skTqbNXPEGw4MkyZTBjY174aETfXvz72LgJ":{"chainKey":{"counter":1},"chainType":2,"messageKeys":{}},"BRLb8GtU3C9XaYmJdffeDI37H7ZJDm60vPhiQhtH/BIp":{"chainKey":{"counter":0},"chainType":2,"messageKeys":{}},"BU2ESp6ZEQMHZrm9Oiu1xlKfhMgIVy5/A7cUir22UZYv":{"chainKey":{"counter":0},"chainType":2,"messageKeys":{}},"BRrVTJCW7EheDvc/kyyNus3CLHWHWtgHVppqPV8XOMBI":{"chainKey":{"counter":0},"chainType":2,"messageKeys":{}},"BSiYRci/NjlbapGnIq8hEB7hgHnqVDzNNiSL42wm5nZS":{"chainKey":{"counter":0},"chainType":2,"messageKeys":{}},"BdHKqQeEQeJim+L2zel53e5VpqWT/ntPC3yK3AfYOKx8":{"chainKey":{"counter":0},"chainType":2,"messageKeys":{}},"BcCTjvJEQO2j1n7ORkU+cTSQjQnPrg4sW8IHcJKpDZw1":{"chainKey":{"counter":0},"chainType":2,"messageKeys":{}},"Be2sgA1IVBRlgv7LsQblkx6ppl5rAc2FMWq+po+FDexb":{"chainKey":{"counter":0},"chainType":2,"messageKeys":{}},"BfhYvQRzMG/IPP8FLYwuCiM+TldHXId3pfcikW4Avad0":{"chainKey":{"counter":0},"chainType":2,"messageKeys":{}},"BRwMhOK4kfqpsPgDaIa7hW192vMTc9tJzb1Gw1yYl5gM":{"chainKey":{"counter":1},"chainType":2,"messageKeys":{}},"BeK8ZB5ls1g6IMkowcJ62DUU0WFZ+47HzZvuWJWINdEu":{"chainKey":{"counter":0},"chainType":2,"messageKeys":{}},"BS5Yk5tphKwW8bsWZr11SFMptUFqN05nqldcDo1HUykU":{"chainKey":{"counter":0},"chainType":2,"messageKeys":{}},"Bc4cKgpM+t/F9ZS8Ty5kk4pN9aWlrRUzAytIk4R8kW0t":{"chainKey":{"counter":1},"chainType":2,"messageKeys":{}},"BXhjQFs5zLfb8yZJ+qDXN3KSGxD2pu42KS7o58W2a1Yu":{"chainKey":{"counter":2},"chainType":2,"messageKeys":{}},"BVT3a3ICoWpkBSaOImS8Tr59uHhhK/eG99REMxgJHTwx":{"chainKey":{"counter":1},"chainType":2,"messageKeys":{}},"BX3/sT0VDAcmbnX0Y9XhFs1lrOIjbwa+YVjspNbumldQ":{"chainKey":{"counter":0},"chainType":2,"messageKeys":{}},"BawUAGH3rNpeG3NFfSQrfShmMVVW6VIG6e1gNL/sclcZ":{"chainKey":{"counter":0},"chainType":2,"messageKeys":{}},"BRamsNQxY30xCUkoh8w6lzlgwsD11SMfAwGr/bQPvLlN":{"chainKey":{"counter":0},"chainType":2,"messageKeys":{}},"Bb/US5HqifwvMQbBq2/aN3fCfO4MWePj7Yub8wsQ9r0Q":{"chainKey":{"counter":0},"chainType":2,"messageKeys":{}},"BV4oKKcwkkZHf1yOW/3M68nQD6ZqixyicBGLgibnyhF+":{"chainKey":{"counter":0},"chainType":2,"messageKeys":{}},"Bb8rgExLhdFoKz43AZuks7qnUvxkF7JGNjR9sxrutpVx":{"chainKey":{"counter":1},"chainType":2,"messageKeys":{}},"BaBEV4TB4zmBiV/TKaYzg+T73rxeCGeeHnkqczY7lc4P":{"chainKey":{"counter":1},"chainType":2,"messageKeys":{}},"BfL4CpITBJmWobQ6QX7GxRbVBHctGQXgxg0/sacmCo4U":{"chainKey":{"counter":1},"chainType":2,"messageKeys":{}},"BYbI1edL2ICO9uKS4PtYOb22JqJFtf5skhJP+/7Z1uEz":{"chainKey":{"counter":0},"chainType":2,"messageKeys":{}},"BegxUVWU3SPSR9VZc5LI9tNQUWF4GKbBIZef+Ax84vMY":{"chainKey":{"counter":0},"chainType":2,"messageKeys":{}},"Bfd1khQ6bacE5byE5mN+6AY88f0VLCEfW9vfhWMwVI10":{"chainKey":{"counter":2,"key":"PWmh38QxksK5Uavxc8Kfk3GeEv2tyGANxKv0GS7VMgw="},"chainType":2,"messageKeys":{}},"BVi058LJ8wXmuZ2v6NDFgemj8rugzehunWPV7kNWPsgq":{"chainKey":{"counter":0,"key":"+ddADY4ebOxaKVpb4nDuQbXf/7+wyuFGXUKy4lqcQwo="},"chainType":1,"messageKeys":{}}}},"BUCC9qZsmjj2jFXW9C1EcDdr0oapMiXZfi6zGGGr1kt9":{"registrationId":160322388,"currentRatchet":{"ephemeralKeyPair":{"pubKey":"BSJOgq2qJo58TiH6JtYrfklR5KagMMXOw2XIAcSvTbgO","privKey":"aGf3hA3nPp3Toe0il+LeKy5TDb1aFiHAUMWQOyAqTWk="},"lastRemoteEphemeralKey":"BceRE71Ta075jNuL/z9ouYrkZEa8T7vuvWgf/nZU1xEj","previousCounter":0,"rootKey":"v5gfmaO5E5tyCj0rVBtJJ3rujwjDTKoklzX0b3Ec4OY="},"indexInfo":{"baseKey":"BUCC9qZsmjj2jFXW9C1EcDdr0oapMiXZfi6zGGGr1kt9","baseKeyType":2,"closed":1762728439183,"used":1762728419925,"created":1762705601472,"remoteIdentityKey":"BS0Q+Bd66wu4Gk6dQ12CGNDLDTufsq0HCxrn7eEniR1y"},"_chains":{"BUKCNoIIWHxOR3uoD+sanr4iFwStxSCSdW3EXv7Dy1Ej":{"chainKey":{"counter":1},"chainType":2,"messageKeys":{"0":"uEFFFe26pry8/rA1cSI294HkWoPuTFxbH+xTYH4CnU0="}},"BQ+KF2PIXVPmSclj7+vcUJ+5NCbyrzp52e2yi6UA8VMa":{"chainKey":{"counter":3},"chainType":2,"messageKeys":{}},"BRJUX0htK4ahkU2lHWIl+S7cAMJ3VNWDAw4cC9KdcBti":{"chainKey":{"counter":2},"chainType":2,"messageKeys":{}},"BQFAz7QFOQ1MXN1ZCCbDqMkMIgGQ1ngHs4NDPi+eDL0Y":{"chainKey":{"counter":0},"chainType":2,"messageKeys":{}},"BSTt+yEAkdT/1QhcnWa4/fqP8vTUIIb+paMm5xrclVRW":{"chainKey":{"counter":0},"chainType":2,"messageKeys":{}},"BU6LtB73MfsbGSZ/UxS6ORSJ+wXo/qP8drgs8WTGWbxt":{"chainKey":{"counter":0},"chainType":2,"messageKeys":{}},"BfA+I1kBQ+gTaTxb9tUkN6EM8/UbhWDshCeaASv9HWEt":{"chainKey":{"counter":0},"chainType":2,"messageKeys":{}},"BRM7X7zwZrlFjDAndVm2W8jcVFix8Mor8UNYGdcxBIFY":{"chainKey":{"counter":1},"chainType":2,"messageKeys":{}},"BceRE71Ta075jNuL/z9ouYrkZEa8T7vuvWgf/nZU1xEj":{"chainKey":{"counter":0,"key":"bCZy+hUR22zpAiE95N1fjdPThfZRz0CXqhaDOp6WpKM="},"chainType":2,"messageKeys":{}},"BSJOgq2qJo58TiH6JtYrfklR5KagMMXOw2XIAcSvTbgO":{"chainKey":{"counter":-1,"key":"00yLTuIFw6ex5eeXOXr8JK6ZqWfyLDjQinkJPw5qwgM="},"chainType":1,"messageKeys":{}}}},"BSDBtWtgcDDMQb/MX7Z54F6UDmTfrA9fPb5ipbtBaEh+":{"registrationId":160322388,"currentRatchet":{"ephemeralKeyPair":{"pubKey":"Batag4/9W8YK4OrVhuV1vAK1HpcZOSZJc6etawd18NJq","privKey":"yCQuj8xSI42E10fTqvm30AF6CtQdhS5t9YiXanC/8Xc="},"lastRemoteEphemeralKey":"BZ4YYtcsKXQr6UH4nXD0RzdCma4BcX7oMJLJp+uAPFZA","previousCounter":0,"rootKey":"clBMIsdOc+fhjdS+FsxVHkUjKOL6xJKLbn37e1CpxhY="},"indexInfo":{"baseKey":"BSDBtWtgcDDMQb/MX7Z54F6UDmTfrA9fPb5ipbtBaEh+","baseKeyType":2,"closed":1762728618387,"used":1762728439189,"created":1762728439189,"remoteIdentityKey":"BS0Q+Bd66wu4Gk6dQ12CGNDLDTufsq0HCxrn7eEniR1y"},"_chains":{"BZ4YYtcsKXQr6UH4nXD0RzdCma4BcX7oMJLJp+uAPFZA":{"chainKey":{"counter":0,"key":"tmJzYZwJ+XUw7m1ZXWxwLqWU0ldrIYfJU2X5c0jYhbo="},"chainType":2,"messageKeys":{}},"Batag4/9W8YK4OrVhuV1vAK1HpcZOSZJc6etawd18NJq":{"chainKey":{"counter":-1,"key":"pQ6HyrYNoCBpqvhXRZwZibai1qSyIHe33IDkQuMY4qE="},"chainType":1,"messageKeys":{}}}},"BZYTJlT/fxo88+auR5Znwh6cbTC8Q5GzYY1XjCQyKwQX":{"registrationId":160322388,"currentRatchet":{"ephemeralKeyPair":{"pubKey":"BXibblSbiVSRPHQCrnh3zCcwuOtgKACPdn+vm0Fxfoxt","privKey":"sIZ2ATqkVeWO7pjk7AYEES5BYAaToH484Z4rRC3aKG8="},"lastRemoteEphemeralKey":"BeWYsrhj9xenc+vit2XNTczkGLTgziJ66kiKO6a5OpZa","previousCounter":0,"rootKey":"TkbW26sW3it/ZD0FxAsCuJKTc35oS9MBK98sm9xFm8A="},"indexInfo":{"baseKey":"BZYTJlT/fxo88+auR5Znwh6cbTC8Q5GzYY1XjCQyKwQX","baseKeyType":2,"closed":1762728788575,"used":1762728661632,"created":1762728618474,"remoteIdentityKey":"BS0Q+Bd66wu4Gk6dQ12CGNDLDTufsq0HCxrn7eEniR1y"},"_chains":{"BZBlm0T8ZL9RHccDEX6zqIQJDS4cQ2fyY7hlnj7xgPMb":{"chainKey":{"counter":0},"chainType":2,"messageKeys":{}},"BeWYsrhj9xenc+vit2XNTczkGLTgziJ66kiKO6a5OpZa":{"chainKey":{"counter":0,"key":"8qB93cYPDkwsvptAnh3mRnhSlVJBUgQuGujnwo5oICs="},"chainType":2,"messageKeys":{}},"BXibblSbiVSRPHQCrnh3zCcwuOtgKACPdn+vm0Fxfoxt":{"chainKey":{"counter":-1,"key":"Ip+GVRTu5W2fTifjxoITh9LcAOm6BlU/OrcMbkW9bNM="},"chainType":1,"messageKeys":{}}}},"BUIAawrFVBAksrXvYYZhadj0H1LeJhx3y/AEH3tdNrgB":{"registrationId":160322388,"currentRatchet":{"ephemeralKeyPair":{"pubKey":"BSasXha0OxT9Q8/g3eKtfBGAvhsFd/2e+88UBFcswCB4","privKey":"OMhyFPQBwZWujxepuUmfKlOXmmj4jgriNU6KGwuOp18="},"lastRemoteEphemeralKey":"BaAbTZdb7hNAtrgLvtZoLdEG70f7p3kDMuAx9jsjAlUy","previousCounter":0,"rootKey":"4FbSZYoBAmb60QFFf6V6oiibZlJLScVf4MXBUh1hXd0="},"indexInfo":{"baseKey":"BUIAawrFVBAksrXvYYZhadj0H1LeJhx3y/AEH3tdNrgB","baseKeyType":2,"closed":1762728968210,"used":1762728911481,"created":1762728788581,"remoteIdentityKey":"BS0Q+Bd66wu4Gk6dQ12CGNDLDTufsq0HCxrn7eEniR1y"},"_chains":{"BRE3s53mVphDR/Bk8rvLJePsZs+DVZTMGbV1zUEhpGkA":{"chainKey":{"counter":0},"chainType":2,"messageKeys":{}},"BcpyrHXgzHYcjaQRRmwT1ci0uWEj6/dCr6k07Yy4GnsS":{"chainKey":{"counter":0},"chainType":2,"messageKeys":{}},"BYvpjAUfCdfao7rSxYhGPCHXah4rxhHsVexECN+IUaBZ":{"chainKey":{"counter":0},"chainType":2,"messageKeys":{}},"BW6zWo+6onvl/TbEb9tAdhz+MdAds0DUPR5WGmp6UMoX":{"chainKey":{"counter":0},"chainType":2,"messageKeys":{}},"BbB6IpH+xVHxoGRUQ1M2Zlfxq80ztKK0DReCIWLa5TRg":{"chainKey":{"counter":1},"chainType":2,"messageKeys":{}},"BaAbTZdb7hNAtrgLvtZoLdEG70f7p3kDMuAx9jsjAlUy":{"chainKey":{"counter":0,"key":"XMJ55FiZ2BHh8/Wfmi34KOUnPR+MB9LegRFuXGEQm9I="},"chainType":2,"messageKeys":{}},"BSasXha0OxT9Q8/g3eKtfBGAvhsFd/2e+88UBFcswCB4":{"chainKey":{"counter":-1,"key":"UkYrQS7ArLFgEo7i2+QkfEQEtN/MBa5twIJt7SE3JnQ="},"chainType":1,"messageKeys":{}}}},"BfqbuwGd5yrBulq43GaUULl2Gk1oi/ITxBqTSCCDbwNM":{"registrationId":160322388,"currentRatchet":{"ephemeralKeyPair":{"pubKey":"BQ7Mk3NRPkXwb+0emyjYYuVVVV1uYHQM0ZjnvFN+hTl5","privKey":"+N4r+HPeilLE9fGu6TAsoMnoAMhsJ3UglLnZROE1ynY="},"lastRemoteEphemeralKey":"BZPqQdT5Gzn0eSTgKQsV9Cs4w9vB5aGo3rnIRhFFOpJe","previousCounter":0,"rootKey":"UNGU5JJENMJ0lhvfnxIRSpX3k3Kf8kpw1Lf2nkfjRqU="},"indexInfo":{"baseKey":"BfqbuwGd5yrBulq43GaUULl2Gk1oi/ITxBqTSCCDbwNM","baseKeyType":2,"closed":1762733128748,"used":1762731426495,"created":1762728968216,"remoteIdentityKey":"BS0Q+Bd66wu4Gk6dQ12CGNDLDTufsq0HCxrn7eEniR1y"},"_chains":{"Bdg5iaDuAmDOU/xDxvQyRvy52u7sbPdwuxZ9EyLoj1g5":{"chainKey":{"counter":0},"chainType":2,"messageKeys":{}},"BZzz5/sk0UajzYuwNVvH8qM4d6UCSMw5O5ozXrb954Qt":{"chainKey":{"counter":1},"chainType":2,"messageKeys":{}},"BW1u8hM4OpUmXCgcshrSwRl7jlv2/KlJI4JXKzfGbFNV":{"chainKey":{"counter":1},"chainType":2,"messageKeys":{"1":"IGUNYuew8jQcvrUoIGRrYIkDXblRbrCJ83jfj+XcsAI="}},"BUE1mIpghb3i98F74C8HYSdzRsYriErWxm5ytcSECzcv":{"chainKey":{"counter":1},"chainType":2,"messageKeys":{}},"Bf+RXcKClNNewE1CNdqAL+AgRVwm2nQGpr1iIpYf9o8p":{"chainKey":{"counter":0},"chainType":2,"messageKeys":{}},"BcigNR/hrpL+rvMVEX6Ln9fJK8GFAUn8XXjiyk33tug3":{"chainKey":{"counter":0},"chainType":2,"messageKeys":{}},"BdRkHII4uLUscccJqEGrRHPEWTvYU2GkcguXzoaRFLAg":{"chainKey":{"counter":0},"chainType":2,"messageKeys":{}},"BevmF4/M8Mg3y+F4Q4cF7Lpsgd0q4/E9KLzlzpEKaJsg":{"chainKey":{"counter":0},"chainType":2,"messageKeys":{}},"BRiLw306MBgDqSzZYnRyUYHoJfg3LsBj/UITwIul5rl0":{"chainKey":{"counter":0},"chainType":2,"messageKeys":{}},"Bcd4CDydcZZnD861ldVEgdD9MSJK53u0WOXr/D8tI/Rj":{"chainKey":{"counter":1},"chainType":2,"messageKeys":{}},"Baz4PydIKd33eghhylo7EZ3msFlXUEo111HpgCCtQHtI":{"chainKey":{"counter":0},"chainType":2,"messageKeys":{}},"BcSFNxH7q55sN08Qry9upJEpbgG7GHd8CpzBgLH5tEd8":{"chainKey":{"counter":0},"chainType":2,"messageKeys":{}},"BcM5+GQhynpdHRTys6pszZDqVHd/ffiV0OrGEUv8sOsU":{"chainKey":{"counter":1},"chainType":2,"messageKeys":{}},"BaAHBcdGhqjlzMwj5AfGsD1AJk9enG5jjy5FSfCEel1O":{"chainKey":{"counter":0},"chainType":2,"messageKeys":{}},"BQJHcqC6NQzoXv5k5NgYssMQfp0kfDdmxNFTv+pf9lob":{"chainKey":{"counter":0},"chainType":2,"messageKeys":{}},"BV2Q3jI8kcTvKTPiA/pASbbPjHIvzWIvRLxu8sQl7Kdq":{"chainKey":{"counter":0},"chainType":2,"messageKeys":{}},"Bc5afm+JmrDLzF5fdkldQeCd3ID0Pukon0OmTcfy0PJ4":{"chainKey":{"counter":0},"chainType":2,"messageKeys":{}},"BTD6w4bFCP1UWGUTNMjweonEyswESj0NZHx51vEi1cYb":{"chainKey":{"counter":1},"chainType":2,"messageKeys":{}},"BS/6LHhe/aiN0oieZWWRmyXIzbyPzTJwM71IUKt7TK0v":{"chainKey":{"counter":1},"chainType":2,"messageKeys":{}},"Ba3qEd9Ro/k4m/GFqKpb9Omdiniq62UegJbT6fHMwHtA":{"chainKey":{"counter":1},"chainType":2,"messageKeys":{}},"Bf32EwnmdVz1mdqqd11QqCa2RgCXlKq7q8LCWuHkZpMe":{"chainKey":{"counter":0},"chainType":2,"messageKeys":{}},"Bfn0NUNFHP1echRziYJwe5GrOaGwFQ2lfwPt14hKxOMi":{"chainKey":{"counter":1},"chainType":2,"messageKeys":{}},"BZPqQdT5Gzn0eSTgKQsV9Cs4w9vB5aGo3rnIRhFFOpJe":{"chainKey":{"counter":0,"key":"TU9bEg+ChKVqHlDdrSaICN9NueWK4igHkakSq4kC1Qo="},"chainType":2,"messageKeys":{}},"BQ7Mk3NRPkXwb+0emyjYYuVVVV1uYHQM0ZjnvFN+hTl5":{"chainKey":{"counter":2,"key":"eBpTQDkCXV73ebrZKxLQPGeheFNyHrniMBM77M/gEAI="},"chainType":1,"messageKeys":{}}}},"BdvVkcE2Aj4ffdJrsF0RAw9vcKq0EeMot0I0YZvI2sMD":{"registrationId":160322388,"currentRatchet":{"ephemeralKeyPair":{"pubKey":"BT4nNWnniCnNcX9CWQZwUEyvkxcUGbCk9GdsUcZdboEy","privKey":"gHCPPFKyXN4QoPY+OTUwqzp20E85mUHVw3jEbmYUXns="},"lastRemoteEphemeralKey":"BUnV35M1Cm2IGFmq379cfyCvGOwOOETAI9ZUTQeYQVJD","previousCounter":2,"rootKey":"N8dDyAMTPV0ne5SnpqOjslffV7MCQ6v8M8asHs2mQTg="},"indexInfo":{"baseKey":"BdvVkcE2Aj4ffdJrsF0RAw9vcKq0EeMot0I0YZvI2sMD","baseKeyType":2,"closed":1762746911025,"used":1762745650784,"created":1762733128753,"remoteIdentityKey":"BS0Q+Bd66wu4Gk6dQ12CGNDLDTufsq0HCxrn7eEniR1y"},"_chains":{"BeY0z/2/psmVoqz4tCAYqQL0th1TPo4bbB9T1oRx0Ogn":{"chainKey":{"counter":0},"chainType":2,"messageKeys":{}},"BX1wlDTOVn6mZtI/S9Ygr3jzGCtuqret3Y0baV8WJnQd":{"chainKey":{"counter":0},"chainType":2,"messageKeys":{}},"Ba7MvYXN5Bl9ydgJD/Z7xGQNnlalCinI31N8S2cXuzZQ":{"chainKey":{"counter":0},"chainType":2,"messageKeys":{}},"BWdtSwZVn2chRhRoR2Y0MyR6s7Npuv3wiII0jljy6G4k":{"chainKey":{"counter":4},"chainType":2,"messageKeys":{}},"BWDSDU7e21TpfftzNywLPd5BVK6LDOrulsE7nOEfZQ9Y":{"chainKey":{"counter":0},"chainType":2,"messageKeys":{}},"Ba5wKHt8se6k/y5/Tk+VjZwGF4jYCpIbLvHY+8DiUDJ0":{"chainKey":{"counter":0},"chainType":2,"messageKeys":{}},"BUnV35M1Cm2IGFmq379cfyCvGOwOOETAI9ZUTQeYQVJD":{"chainKey":{"counter":0,"key":"FQL73zx2mlT8LGkbPJWa+1iqJRjozwa8/Zu8fWEBn5w="},"chainType":2,"messageKeys":{}},"BT4nNWnniCnNcX9CWQZwUEyvkxcUGbCk9GdsUcZdboEy":{"chainKey":{"counter":2,"key":"O5qYhRRnMi9OsC3XiIx4YMzehA02pfZA4eWC0wkG4xk="},"chainType":1,"messageKeys":{}}}},"BaMXqcVK6iD1r1VAb7wEiZr04N5b+4hqV0s4kd3yhLU6":{"registrationId":160322388,"currentRatchet":{"ephemeralKeyPair":{"pubKey":"BdZQ+sn/61QMhAF08wi5eNwA6rMoKrOjnA4UQY9Dh0gO","privKey":"SCzQo+zWTRD1Yiqwcw1nyK2Ng6mUKSUU4gre6C4NOV8="},"lastRemoteEphemeralKey":"BXYyQkTrDmnPYzG86nfGOMD34MAMn7Y00RvRDmSLqchJ","previousCounter":1,"rootKey":"BvrMVZh1Hg3Edfxsb1FCpzCIEpYyVUv0c8bymeF7Tzc="},"indexInfo":{"baseKey":"BaMXqcVK6iD1r1VAb7wEiZr04N5b+4hqV0s4kd3yhLU6","baseKeyType":2,"closed":1762762132777,"used":1762761998984,"created":1762746911029,"remoteIdentityKey":"BS0Q+Bd66wu4Gk6dQ12CGNDLDTufsq0HCxrn7eEniR1y"},"_chains":{"Bf559gHdOvfm3pmoYokWBUiSRw+ELY7DrRWJFdwlLZkL":{"chainKey":{"counter":3},"chainType":2,"messageKeys":{"0":"rPlsP5D8p+t33OlVsBpjEdDJuNRpJJhIkXStiZJPxJM="}},"BVTIO6+UU1L95C5OD9pTnzfNKEEa8RnTyPmOnwRroT5g":{"chainKey":{"counter":2},"chainType":2,"messageKeys":{}},"BXePQj5ejqyWDdQtLoCHgJxAk+wlmVS2zK3/ZuKXPDhg":{"chainKey":{"counter":1},"chainType":2,"messageKeys":{}},"BRSQ217gGw7+zmXu92M5xzsJJAzK86P3GJgOZwiG1Lkn":{"chainKey":{"counter":0},"chainType":2,"messageKeys":{}},"Bb71WQvPkssOkrRR9b9HtYEFMy4TKa9AwJELHWFelbJz":{"chainKey":{"counter":0},"chainType":2,"messageKeys":{}},"BWg3s24BusCPqxblnBMmhz2B7j21vliag0YmPvA9gAME":{"chainKey":{"counter":0},"chainType":2,"messageKeys":{}},"BTSKEsr0lGHvL82+dKXj1ZCE+C/b5xiSsU8DbmrzKUo5":{"chainKey":{"counter":1},"chainType":2,"messageKeys":{}},"BYtMTLuwKuzBnWIf4E7Ci8H0IR/6+iiBzo+nPrfn4Ex6":{"chainKey":{"counter":0},"chainType":2,"messageKeys":{}},"BfXa8TkUETDpTr6N+miDLclvY5oUCgZo0O7rBE2SDFJM":{"chainKey":{"counter":1},"chainType":2,"messageKeys":{}},"BXeLBDTxFrCAaP/hu4cy8gGrWIEZxsMXz0xq3ny0xxJ9":{"chainKey":{"counter":0},"chainType":2,"messageKeys":{}},"BUrGo8xQJZDF8+Si/d5e67zOgxe8yZ7TYJ1hD+wtNUI+":{"chainKey":{"counter":1},"chainType":2,"messageKeys":{}},"BdEcp6mV+PIzcQ+JjgYnToiVibV7/hLrC7jmY5/QoXk4":{"chainKey":{"counter":0},"chainType":2,"messageKeys":{}},"BedjkAIZFRD8dVqqhgWejUA7AQv/H9r7VV3qxeXxhLkm":{"chainKey":{"counter":0},"chainType":2,"messageKeys":{}},"BcjFOt9lsBeCdjwiL77fxR5BaLhIYE/jWnX/B0HXV5QK":{"chainKey":{"counter":0},"chainType":2,"messageKeys":{}},"BVyVafsoZ7Fp9+8K5Hl66x8ODpT+M2ObvQTF1IiMfxIc":{"chainKey":{"counter":0},"chainType":2,"messageKeys":{}},"BTXEg2mLcQBONEGwsV0MI0zwkxrIjiUuF+FrF3NI9+xy":{"chainKey":{"counter":3},"chainType":2,"messageKeys":{}},"BSw0YgImhb0h/nmVvF9Efz7fgNsoc9lhqer1QpsBteh9":{"chainKey":{"counter":4},"chainType":2,"messageKeys":{}},"BbtffWGvAYT47hm8Y8qYyousrC/OG7qVeKi23VbDvJo4":{"chainKey":{"counter":1},"chainType":2,"messageKeys":{"0":"GkxcrggxVprgH8Gziw3P4JnAGqIJji83z69Irf/0w3o="}},"BTqsNLi9ydGGyIWtTKAKwdBG/oYN6Rz4V8yZDjU/DcBP":{"chainKey":{"counter":2},"chainType":2,"messageKeys":{}},"Ba/p7vB/3zxG3xm2Zl86lABjCfqDMQ3dCDAwwC7wGDNd":{"chainKey":{"counter":0},"chainType":2,"messageKeys":{}},"BfTfkkVBw4DkH5erUREQ6P21ZpNiO3vWntmB3+Sr/VsZ":{"chainKey":{"counter":0},"chainType":2,"messageKeys":{}},"BVv1ISeVSr5cSL1N2W5JAiZXAZc4wXTk1o5T1E3FHEht":{"chainKey":{"counter":0},"chainType":2,"messageKeys":{}},"BaOkeTTOrDRJrzP5p/I5Ma2DORnxG+1wtkYTps1tUaI4":{"chainKey":{"counter":0},"chainType":2,"messageKeys":{}},"BaxgXKaK8KbahN6QhVHebNUfm8+cefGKI+eOdDXdDttG":{"chainKey":{"counter":1},"chainType":2,"messageKeys":{}},"BXYyQkTrDmnPYzG86nfGOMD34MAMn7Y00RvRDmSLqchJ":{"chainKey":{"counter":0,"key":"cunuiBsPxpmGU5AvD3W7IHZcplqrt6Xr5BeVkuEue7Y="},"chainType":2,"messageKeys":{}},"BdZQ+sn/61QMhAF08wi5eNwA6rMoKrOjnA4UQY9Dh0gO":{"chainKey":{"counter":1,"key":"c67V4wYO4C5agiwcEC3rbnIH14riFCMyA6a5Lv9UViY="},"chainType":1,"messageKeys":{}}}},"BfGrAU84xxryf+Z8XvYJ1qaCCnDsqEoJtst5MbHv6KAv":{"registrationId":160322388,"currentRatchet":{"ephemeralKeyPair":{"pubKey":"BbnD0MvCvC65vESMx7r+0QXrmcaqzKh0nUFe1ohGGY8c","privKey":"aN+PNQdRtN74FTSMqaNQQV7OXt/KEbWSF4pgWwy2fmU="},"lastRemoteEphemeralKey":"BYPbGGIoF8HW9WhBao/dxF3c12EZ78ChrvhaDp8ZHkV4","previousCounter":0,"rootKey":"W6n8wPYvF1V3h8uQYMpjDBbNEYCBcA0sRApeT7lTEGk="},"indexInfo":{"baseKey":"BfGrAU84xxryf+Z8XvYJ1qaCCnDsqEoJtst5MbHv6KAv","baseKeyType":2,"closed":1762773796682,"used":1762762132783,"created":1762762132783,"remoteIdentityKey":"BS0Q+Bd66wu4Gk6dQ12CGNDLDTufsq0HCxrn7eEniR1y"},"_chains":{"BYPbGGIoF8HW9WhBao/dxF3c12EZ78ChrvhaDp8ZHkV4":{"chainKey":{"counter":1,"key":"HHuZrcVcP2GI58SPtj7kMTGmzVtcJfNj9SLukJYxdxg="},"chainType":2,"messageKeys":{}},"BbnD0MvCvC65vESMx7r+0QXrmcaqzKh0nUFe1ohGGY8c":{"chainKey":{"counter":1,"key":"kt6rcesXgpFqk8EpauctF4UKGPYtGB95zVmaRAciRxM="},"chainType":1,"messageKeys":{}}}},"BYPprtI3H0OEk8qVaVBvW/N/6dzOkRhKc70Rc9K/QbIz":{"registrationId":160322388,"currentRatchet":{"ephemeralKeyPair":{"pubKey":"BRjpZRTyz8Xdr9dluSywMx9+TYgliUlzD6MmZD/YQ8Jh","privKey":"IIfpcM6EQG1fxOVBxFvRZqtxqLiiRxiIAmQOE4Ed/EI="},"lastRemoteEphemeralKey":"BUbQN6pMLg8Kh433yXais9M1M0fQZbAFJr9LN9/YBNR2","previousCounter":0,"rootKey":"uHAtHfO3uSZ+ZWqIJH8gsg94S5nDNkdwl60KQdRRxvA="},"indexInfo":{"baseKey":"BYPprtI3H0OEk8qVaVBvW/N/6dzOkRhKc70Rc9K/QbIz","baseKeyType":2,"closed":1762780925780,"used":1762780817520,"created":1762773796687,"remoteIdentityKey":"BS0Q+Bd66wu4Gk6dQ12CGNDLDTufsq0HCxrn7eEniR1y"},"_chains":{"BYs3XizYbZMKa+TkBoRTgVb0pm58sUOgM+OyC4AhXlAX":{"chainKey":{"counter":0},"chainType":2,"messageKeys":{}},"BdBY04vA+a4ZoZ3woYNp2WCx1QTK0ESDH9B6VJ2RtJVH":{"chainKey":{"counter":1},"chainType":2,"messageKeys":{}},"Bd4rkhjFOK23UDWGRUhTsNHO6EKx8CsU5zjAS84dnlt4":{"chainKey":{"counter":0},"chainType":2,"messageKeys":{}},"BUbQN6pMLg8Kh433yXais9M1M0fQZbAFJr9LN9/YBNR2":{"chainKey":{"counter":0,"key":"rjqd2LafgCTvQWVDQWDUiB6+44b8BdqAQGqcxBuB1Bo="},"chainType":2,"messageKeys":{}},"BRjpZRTyz8Xdr9dluSywMx9+TYgliUlzD6MmZD/YQ8Jh":{"chainKey":{"counter":-1,"key":"XA4kpZeaN8WYhDZr7zTau+Tz8m8kJMUU6E+Sb9DegUY="},"chainType":1,"messageKeys":{}}}},"BdMBk3zVAStA+7mQ8raifexDzMa089uq1SOdCJq8mEo2":{"registrationId":160322388,"currentRatchet":{"ephemeralKeyPair":{"pubKey":"BZxqNAjMvcVpwhduxFEsTBRkWcXsNIeuTZDaKMu15vp7","privKey":"oIOVnozIxTVGEOUcCISNYWlJIES0DubCV324dF6H80M="},"lastRemoteEphemeralKey":"BYi/UQ40m15aR5vrbH5Uu/T+3keBCSaAvM5xTwjhzSkq","previousCounter":0,"rootKey":"r55dkDiT1/X/4qj60f1bQyluLWaxnS1jRhg1DGsshsY="},"indexInfo":{"baseKey":"BdMBk3zVAStA+7mQ8raifexDzMa089uq1SOdCJq8mEo2","baseKeyType":2,"closed":1762781534776,"used":1762781453261,"created":1762780925785,"remoteIdentityKey":"BS0Q+Bd66wu4Gk6dQ12CGNDLDTufsq0HCxrn7eEniR1y"},"_chains":{"BXtGjUXAFJEb16XQKKiL3eyfRmqPaaEWqk/28kqHGBU+":{"chainKey":{"counter":1},"chainType":2,"messageKeys":{}},"BUJA5xCKkURlXOkTfI5hu9Q092jKLhmla4RvrjHUFJ9L":{"chainKey":{"counter":2},"chainType":2,"messageKeys":{}},"BVoMJRZ/Cuz1FQDkx/RaFkVqgbLTCMivE3joXtmvmaNk":{"chainKey":{"counter":3},"chainType":2,"messageKeys":{}},"Bc/WySpSbrwjqmRWT6R6RVIKfyg5dz3WbuY72abet3AE":{"chainKey":{"counter":3},"chainType":2,"messageKeys":{}},"BXYktrge7zmG3aWkKAnSshL6LAelWoedlLsfGZ/QgX9F":{"chainKey":{"counter":0},"chainType":2,"messageKeys":{}},"BSxWv0xUrcHHElErUMxFj6FyMixqz9ivLV/AekCtSDci":{"chainKey":{"counter":0},"chainType":2,"messageKeys":{}},"BZCnvoBJJhlYkirL1OLZnvq6aSMMeksU0o9K3cVwPc55":{"chainKey":{"counter":1},"chainType":2,"messageKeys":{}},"BYi/UQ40m15aR5vrbH5Uu/T+3keBCSaAvM5xTwjhzSkq":{"chainKey":{"counter":1,"key":"8jH65+TdEQB+HoXWAOw+pIjzUT+gktqCcMgD0B0tmg0="},"chainType":2,"messageKeys":{}},"BZxqNAjMvcVpwhduxFEsTBRkWcXsNIeuTZDaKMu15vp7":{"chainKey":{"counter":-1,"key":"/jo+ZqSLChFhmby0DPb3VFaECXUsX5mOo16FNno7iGQ="},"chainType":1,"messageKeys":{}}}},"BdQo2k53CvbMQtRbeN3eiMxpkpi4kLUZlxQ13exu2HEn":{"registrationId":160322388,"currentRatchet":{"ephemeralKeyPair":{"pubKey":"BY7zleBmiJD8ozIZrLqMKwJTKN0WPwGCYExLIhZQzAZB","privKey":"sNakpyrjKzctoJrwq6oV1gutekViMpyiYneRiQIch1U="},"lastRemoteEphemeralKey":"BW8DMfOr465vi1OpwF90iJMq4qPIZ+WDgki3WQNT0dFY","previousCounter":0,"rootKey":"ubmLXRmB4GLQUUlSJxYHFSJBfSTo1dcoVDGx2dsxRl4="},"indexInfo":{"baseKey":"BdQo2k53CvbMQtRbeN3eiMxpkpi4kLUZlxQ13exu2HEn","baseKeyType":2,"closed":1762782743074,"used":1762782522278,"created":1762781534782,"remoteIdentityKey":"BS0Q+Bd66wu4Gk6dQ12CGNDLDTufsq0HCxrn7eEniR1y"},"_chains":{"BeQSnYQOd6+4g3prs0E3poipfPsBclGWqSPydpsrzrhI":{"chainKey":{"counter":4},"chainType":2,"messageKeys":{}},"Bd5vaoJiRGJ+q/BA5y/TaiPmXO0WIPNHhp5QWqkCfXVL":{"chainKey":{"counter":2},"chainType":2,"messageKeys":{}},"BeGslS6PI9saUMQnCptvmcgPsXzdC+qEZef3VgyKF64l":{"chainKey":{"counter":5},"chainType":2,"messageKeys":{}},"BW8DMfOr465vi1OpwF90iJMq4qPIZ+WDgki3WQNT0dFY":{"chainKey":{"counter":0,"key":"kzOJK79mczawUr2I0gOcx27h5LINQHWbjOyKIi5FDro="},"chainType":2,"messageKeys":{}},"BY7zleBmiJD8ozIZrLqMKwJTKN0WPwGCYExLIhZQzAZB":{"chainKey":{"counter":-1,"key":"1/0qw+XZxgJytk6Wrf+bWJEYlwrTqytHRATv+bD6b1A="},"chainType":1,"messageKeys":{}}}},"BfaqMIgsmtk0t3atx38q2ghSBf+s0AaT6BgLNgxD+st/":{"registrationId":160322388,"currentRatchet":{"ephemeralKeyPair":{"pubKey":"BcRGLOg4igt9qkPvCOqGnxH/leHhHwHWjLiXQYjmHRYX","privKey":"IMo5HhDNXdpzPIJaCrVzNq85zJnpfU8Xog1If+jUEXk="},"lastRemoteEphemeralKey":"BdPhyJf8qBpr1yG9lYGH5nI9L5IgS3VR6YGMyAfSc7da","previousCounter":0,"rootKey":"SpZVT4ea8fIJMQG1p/8I2blNgTDKEdxry5RPPmitFzI="},"indexInfo":{"baseKey":"BfaqMIgsmtk0t3atx38q2ghSBf+s0AaT6BgLNgxD+st/","baseKeyType":2,"closed":1762782744377,"used":1762782743079,"created":1762782743079,"remoteIdentityKey":"BS0Q+Bd66wu4Gk6dQ12CGNDLDTufsq0HCxrn7eEniR1y"},"_chains":{"BdPhyJf8qBpr1yG9lYGH5nI9L5IgS3VR6YGMyAfSc7da":{"chainKey":{"counter":0,"key":"VOd7VS8GSevshIYntric7s4G5J66FZQa6dpscq1zqg4="},"chainType":2,"messageKeys":{}},"BcRGLOg4igt9qkPvCOqGnxH/leHhHwHWjLiXQYjmHRYX":{"chainKey":{"counter":-1,"key":"9xaUYZ5006Veq3RCjM4To2J+HeGU8SEoCHafqSyDU2M="},"chainType":1,"messageKeys":{}}}},"Bd7BO8ysaq3nVaPtJWK5QGLv6aCmI5s6SyhhHEbuU+Uc":{"registrationId":160322388,"currentRatchet":{"ephemeralKeyPair":{"pubKey":"BXbYFCGtbaQjkCOwFPfvMSd9BZYZlunO2lpwVIhrdaI0","privKey":"wJ0dJbjp/5rZR3/UWRose1KfvbKhjTTM1dFYqvnP030="},"lastRemoteEphemeralKey":"BayFLRnKCf/EbP3NWpBzZw8Pyzgc9wJr9D/m30DqzvIr","previousCounter":0,"rootKey":"e8hPs0rrgPurKMR9xwqhom6ZmRePaLz8AU7gsQ6tiaA="},"indexInfo":{"baseKey":"Bd7BO8ysaq3nVaPtJWK5QGLv6aCmI5s6SyhhHEbuU+Uc","baseKeyType":2,"closed":1762782779597,"used":1762782744382,"created":1762782744382,"remoteIdentityKey":"BS0Q+Bd66wu4Gk6dQ12CGNDLDTufsq0HCxrn7eEniR1y"},"_chains":{"BayFLRnKCf/EbP3NWpBzZw8Pyzgc9wJr9D/m30DqzvIr":{"chainKey":{"counter":0,"key":"fBIFFm2I1kOaQ23jgZhoOqVmVFSB6HTUciyqNF0BU3Q="},"chainType":2,"messageKeys":{}},"BXbYFCGtbaQjkCOwFPfvMSd9BZYZlunO2lpwVIhrdaI0":{"chainKey":{"counter":1,"key":"HmQEuex1th5dxnJfDcGT3M0kx+URt12yxCAEIAA/p/Y="},"chainType":1,"messageKeys":{}}}},"Ba5IynnLp4yAZ4NV5q62Z469qW1Ecbn2FlX6y7MCwate":{"registrationId":160322388,"currentRatchet":{"ephemeralKeyPair":{"pubKey":"BVvbzYy1J1LtzWvG8t60ojLFSE8K367YdfUKPm7ktwJ1","privKey":"SDEAJjF5wEyC2HqCOGj+BbT5sX/mYo6o/Zmkn5WDS18="},"lastRemoteEphemeralKey":"BSHqba772vEnoJxYLEb2KA1l39GuxovHG2RAttAZbXEq","previousCounter":0,"rootKey":"AoEPzAZ1kJ339ElMflO8xiDyUz8pXoe+GN9Ne7X3bik="},"indexInfo":{"baseKey":"Ba5IynnLp4yAZ4NV5q62Z469qW1Ecbn2FlX6y7MCwate","baseKeyType":2,"closed":1762783199772,"used":1762783057538,"created":1762782779603,"remoteIdentityKey":"BS0Q+Bd66wu4Gk6dQ12CGNDLDTufsq0HCxrn7eEniR1y"},"_chains":{"BUjEVctRde9pFMWZ070XjA9Go25vsIzVVsoGvPz5T19A":{"chainKey":{"counter":2},"chainType":2,"messageKeys":{}},"BSHqba772vEnoJxYLEb2KA1l39GuxovHG2RAttAZbXEq":{"chainKey":{"counter":0,"key":"b5ih8QKtFvX46B71UGrMy6E/jKlImagGQKWr3pyGN4g="},"chainType":2,"messageKeys":{}},"BVvbzYy1J1LtzWvG8t60ojLFSE8K367YdfUKPm7ktwJ1":{"chainKey":{"counter":-1,"key":"uJSiNXcltWK7JFWZdUjcaGu1trwqJ0OdqaLOkQUfGyg="},"chainType":1,"messageKeys":{}}}},"BdMqlBquEuDne+jUT0WNy3dw6tieP7KspqAJFoj6brVn":{"registrationId":160322388,"currentRatchet":{"ephemeralKeyPair":{"pubKey":"BTs6C31uSlvY9V+3ziUlZdDK7lyTLW0FlQNS72rdQLk1","privKey":"0FK86hp6l3aTA3KmPZfZZ+usj6lDixP/DqDI+BvQlWk="},"lastRemoteEphemeralKey":"BRJZyRrYi4Dcjy7kavywjQZKWfE09zf4rxCO796YzKUe","previousCounter":0,"rootKey":"U/L+DK/BRF5gPuuDUSI8kNdR6iWAOKB8PCCq0aG6ZVI="},"indexInfo":{"baseKey":"BdMqlBquEuDne+jUT0WNy3dw6tieP7KspqAJFoj6brVn","baseKeyType":2,"closed":1762812188188,"used":1762786038623,"created":1762783199777,"remoteIdentityKey":"BS0Q+Bd66wu4Gk6dQ12CGNDLDTufsq0HCxrn7eEniR1y"},"_chains":{"BflJtc54CtKtLBZSe+aXdxDDQjM/mqujENng6ACzwXtu":{"chainKey":{"counter":0},"chainType":2,"messageKeys":{}},"BX3YaVHjqlM3YYf93xhNfu39npm9iSoCsBbRkj9d6Ok9":{"chainKey":{"counter":0},"chainType":2,"messageKeys":{}},"BZol87u85qWaBCL/wgLhd4ngf3SNmfh2lCQMA2VNL89K":{"chainKey":{"counter":0},"chainType":2,"messageKeys":{}},"BTqR95/5Ezsato4x6G8+QReYaup7QjlRESybCdrWaQpU":{"chainKey":{"counter":0},"chainType":2,"messageKeys":{}},"BV/rFisXg7gm3Dq6WK+FEsew/TrzSkXGJwiopvqh6N9u":{"chainKey":{"counter":0},"chainType":2,"messageKeys":{}},"BUsU2l9N9gUvmdgOgxgpPqwXc3CHTV8FfX6dzfyNUD4N":{"chainKey":{"counter":0},"chainType":2,"messageKeys":{}},"BZ/D49UcsvvYWtcOviK+8jXkhASrATYgI5vLLi31THs3":{"chainKey":{"counter":1},"chainType":2,"messageKeys":{}},"BeOkEJL5DH+TMnGXoIIY7oDACt5PBt7z4JzREW7+a6BD":{"chainKey":{"counter":0},"chainType":2,"messageKeys":{}},"BRlWiW5wW1km4h6Qe/hAZSuY4slr8za4S901F3twwCQm":{"chainKey":{"counter":0},"chainType":2,"messageKeys":{}},"BbVByk2zPy7VRiv10VbJcIR5Kzs8ya/he12s65lYPkNq":{"chainKey":{"counter":0},"chainType":2,"messageKeys":{}},"BbJfXKFgX4iErzmwVm1H195kQxF1bBA1OISVXaMi4RBH":{"chainKey":{"counter":0},"chainType":2,"messageKeys":{}},"BQYEXt4HsMo0otO17ywdwQZeq4ElIsAy+LIFoJyZ1Xh3":{"chainKey":{"counter":0},"chainType":2,"messageKeys":{}},"BakCEhsdlBkqGwKkETZVOqtbU2E0gp8k1/u87ENcqM4u":{"chainKey":{"counter":0},"chainType":2,"messageKeys":{}},"BVjI6asGNS+OknB3vsy4EB986eTH7PYohNL2y0m+CiQK":{"chainKey":{"counter":0},"chainType":2,"messageKeys":{}},"BbIYkyaGPO2ZE5DJ5S3lg9W74pJkmxCDrcBc4JjbV7Bc":{"chainKey":{"counter":0},"chainType":2,"messageKeys":{}},"BWfu+t4dxyKPooyxu3PX4xSpyA42rodm1Y12YInaC9kG":{"chainKey":{"counter":0},"chainType":2,"messageKeys":{}},"BfSNyVW0LuLAAIP6tTaFEyYeopoZWF24ZrtDJf6mBul2":{"chainKey":{"counter":0},"chainType":2,"messageKeys":{}},"BSKdXa3htdMzMc7BebRQpsJm+Z9zx2nY7ywfwTpUp7km":{"chainKey":{"counter":0},"chainType":2,"messageKeys":{}},"BRJZyRrYi4Dcjy7kavywjQZKWfE09zf4rxCO796YzKUe":{"chainKey":{"counter":2,"key":"bNFWiGRCMyO42HMrNXwnnSSXuY63+itxCFOmvWklhDM="},"chainType":2,"messageKeys":{}},"BTs6C31uSlvY9V+3ziUlZdDK7lyTLW0FlQNS72rdQLk1":{"chainKey":{"counter":0,"key":"FAi8vQ9LTyJ/Asg+9mmlLjpkKHa1UPS1HgtjIRVO+mo="},"chainType":1,"messageKeys":{}}}},"BTWJ91R87ocRRHarcZXwwIkf4ow6vKwmWXQPi4xwU4QL":{"registrationId":160322388,"currentRatchet":{"ephemeralKeyPair":{"pubKey":"BdcC9mw+B7gesuhe7m0c8E/vy2qzc/TvjKi+pQ/hvq53","privKey":"4O7auFRKN9veaHxFLgGtu0+pg6uCNfz56xfDQUnt6F4="},"lastRemoteEphemeralKey":"BdR/G5KEDwZoddOqYl7ctxF77dvElQG3+pa4uRVwpvg3","previousCounter":2,"rootKey":"bQGiBj0d2b1kbNEb2slO4C8mtekK9GwyQQao1ZIVMGc="},"indexInfo":{"baseKey":"BTWJ91R87ocRRHarcZXwwIkf4ow6vKwmWXQPi4xwU4QL","baseKeyType":2,"closed":1762815315782,"used":1762814331470,"created":1762812188275,"remoteIdentityKey":"BS0Q+Bd66wu4Gk6dQ12CGNDLDTufsq0HCxrn7eEniR1y"},"_chains":{"BSjPCimzfGcOVicGzu/ZTGasRx3RQ9D/UA9mQr4oM/he":{"chainKey":{"counter":0},"chainType":2,"messageKeys":{}},"BV5k6Il/VdnT1Jp1mSzew0+hF589/pPADsgSBQPSY+kE":{"chainKey":{"counter":0},"chainType":2,"messageKeys":{}},"Baos+9dgtpVa2pc+2co142N0g59QcYQylJ+8oSBBdYka":{"chainKey":{"counter":0},"chainType":2,"messageKeys":{}},"BXsM5BDb3kVD/FL0hJxiVnz4jTH6iRnC6PdOIcsfUE8W":{"chainKey":{"counter":0},"chainType":2,"messageKeys":{}},"BfEc7zTFDly+irFXSJnCgZLeJR/S4+klByo1BKFiBGQx":{"chainKey":{"counter":0},"chainType":2,"messageKeys":{}},"BfRWz/Y1cSFDpRSilSTOuwWODdXzpGvRQkYHw8mIUIB8":{"chainKey":{"counter":0},"chainType":2,"messageKeys":{}},"BYYrG0X1uqqzd1UocELkbmZs5SSHTwJrp4ocAKh0WJBP":{"chainKey":{"counter":0},"chainType":2,"messageKeys":{}},"BXjy/M3BJJT+e5pbph65Kq6STJvCPvyJi9q0FWtjDjB1":{"chainKey":{"counter":0},"chainType":2,"messageKeys":{}},"BdR/G5KEDwZoddOqYl7ctxF77dvElQG3+pa4uRVwpvg3":{"chainKey":{"counter":0,"key":"/L0qllq8SFR2rwU5tUaJFJGpy5KRUShzjxJ7YSPXuHU="},"chainType":2,"messageKeys":{}},"BdcC9mw+B7gesuhe7m0c8E/vy2qzc/TvjKi+pQ/hvq53":{"chainKey":{"counter":1,"key":"Fs0YPOIA/ynJtsP77SkPuNcOMPQbEydaSlfTPkJ/4Ok="},"chainType":1,"messageKeys":{}}}},"BdPlI2q3/YpPrrQxBWbWC5lsG633M8yrdzX8gHg1sao+":{"registrationId":160322388,"currentRatchet":{"ephemeralKeyPair":{"pubKey":"BXApox414vLIU7tRxzDiumnwPwilC2JIvWf94H7Z8HtV","privKey":"wN/Z9jqkutDTbrrAxf55xMvDh1pOQTaKIuR5e7wVOGw="},"lastRemoteEphemeralKey":"Ba7xSw/n7Cwnc9Ea5jnxGTYPNN4Fe0f8KPeR4IPzmc1u","previousCounter":0,"rootKey":"5Gklhmps7FJ4CFf2UMW+J0DiPhz7C25g+L5f33dJFmk="},"indexInfo":{"baseKey":"BdPlI2q3/YpPrrQxBWbWC5lsG633M8yrdzX8gHg1sao+","baseKeyType":2,"closed":1762816698402,"used":1762816559282,"created":1762815315788,"remoteIdentityKey":"BS0Q+Bd66wu4Gk6dQ12CGNDLDTufsq0HCxrn7eEniR1y"},"_chains":{"BbaB9J5QzM24ufpNmfoQ0/CsM1Ug2irjrn6d8cV5pwkB":{"chainKey":{"counter":1},"chainType":2,"messageKeys":{}},"BUg8AcwWDwbUhxiR5G4ulU78WCZnEPKKeH38XG+9798q":{"chainKey":{"counter":0},"chainType":2,"messageKeys":{}},"BWwcX5BUTTo355Sly+fTp349BFYKiKByQb4WE39VkwcL":{"chainKey":{"counter":1},"chainType":2,"messageKeys":{}},"BbMpDbT+w/oubc02Rq2qinQbiHDuu3DAVhgl+B1lGpUN":{"chainKey":{"counter":0},"chainType":2,"messageKeys":{}},"BVpb3LW6VcpsLI9QNeN8yjazs2lEs8lwBHnHI726TjNI":{"chainKey":{"counter":0},"chainType":2,"messageKeys":{}},"BU6yrYmqtBjAvhZeXqIoKWpvC4dxK2YxakScPK/ifbkg":{"chainKey":{"counter":0},"chainType":2,"messageKeys":{}},"BZs0wcZS5Al2KHhZLppuMW4K/vR+gBcGkj0VJx2pYL0Y":{"chainKey":{"counter":0},"chainType":2,"messageKeys":{}},"BWwcr9lfyl2ciR5lddKIcrcw6UL9Ywuq45j0LbHOowkn":{"chainKey":{"counter":0},"chainType":2,"messageKeys":{}},"BZUq8qvRG+gzoQ3zDYI3pdDg77R5aT6zUdMACmu+UHxq":{"chainKey":{"counter":0},"chainType":2,"messageKeys":{}},"BUmdpaevd3+n0Gy+yeRUW4kdQScUlriAhJC5Acq2cjx9":{"chainKey":{"counter":0},"chainType":2,"messageKeys":{}},"BQJEX89y6zV23xm3GFIlnX38SjyCzKIrfgaDNQZXtzB0":{"chainKey":{"counter":0},"chainType":2,"messageKeys":{}},"BT9kTuKuc/GQQ8s2fFeRlBCXw5gArwweA37deDcoarYJ":{"chainKey":{"counter":0},"chainType":2,"messageKeys":{}},"BchRYk165PZffxktd3Q/7Z/UxxKoFabSjGhoPo0isWYh":{"chainKey":{"counter":0},"chainType":2,"messageKeys":{}},"BcDvGXaZjQcqhqwPt9MBtjpYr47G+vPCDPUZ1MaMxwVs":{"chainKey":{"counter":1},"chainType":2,"messageKeys":{}},"Ba7xSw/n7Cwnc9Ea5jnxGTYPNN4Fe0f8KPeR4IPzmc1u":{"chainKey":{"counter":0,"key":"eoiqx2Ynk0WtaGff4/N2uYFIZtWev2qORINmm5moFJs="},"chainType":2,"messageKeys":{}},"BXApox414vLIU7tRxzDiumnwPwilC2JIvWf94H7Z8HtV":{"chainKey":{"counter":-1,"key":"U/BFBx0AC39SjvLDdBooEQpw8Ck1wzONTkPnNbJ6hl4="},"chainType":1,"messageKeys":{}}}},"BcXMH6+Z2kHO1DsTQNyUjpcz3YLq8CpL+zY3nwtF7c43":{"registrationId":160322388,"currentRatchet":{"ephemeralKeyPair":{"pubKey":"BbCPe/fgyw4c4UieSLCLNNR4yRWCltCa9yuskeuTOSsH","privKey":"cH56l2s5jnA/4jL/lATAqeC6kL4784P73t7acLfFTHQ="},"lastRemoteEphemeralKey":"Bbq1cvKoRnCh2p/ozOvCJby/vErQT2+f18kcuMeX11lQ","previousCounter":3,"rootKey":"2CznTvh0TcD3aytqHtCu59x4u8ht9vjWfvU/QqhxQoI="},"indexInfo":{"baseKey":"BcXMH6+Z2kHO1DsTQNyUjpcz3YLq8CpL+zY3nwtF7c43","baseKeyType":2,"closed":1762822964387,"used":1762820460513,"created":1762816698474,"remoteIdentityKey":"BS0Q+Bd66wu4Gk6dQ12CGNDLDTufsq0HCxrn7eEniR1y"},"_chains":{"BVpXLBhOLhzrvQYY5hHculrb/loIRt2Za5b0/9vz4zVg":{"chainKey":{"counter":1},"chainType":2,"messageKeys":{}},"BVXT0G4hoMwN6C8lHT/gbru0zuIhiwMFwIFEyz1Vya1g":{"chainKey":{"counter":0},"chainType":2,"messageKeys":{}},"BeKF6zqY0v/SdfyG5wGFpX6Ow/j8sql8RWHfp2SsAfEB":{"chainKey":{"counter":0},"chainType":2,"messageKeys":{}},"BSY+IVdw74h5nbZ7rvuqkzAmVPyZNZ6su0wf8Or3KiMn":{"chainKey":{"counter":1},"chainType":2,"messageKeys":{}},"BfjMs2yo4yEIm/F4f3MajmwbKo2Wrk0uSqEajZmcCnZY":{"chainKey":{"counter":0},"chainType":2,"messageKeys":{}},"BUS0hVpBm3TZCjQQ9XHPJn6DElu0XIVImUAovQbQdnJK":{"chainKey":{"counter":0},"chainType":2,"messageKeys":{}},"BT3fjn1e5+1RLCzTut3K4MckPdrlBjj6Fv3OLTjUkWgd":{"chainKey":{"counter":1},"chainType":2,"messageKeys":{}},"BcF2J8Rks4xQQ64sA2cCeJGe5WwsacqCmW8AkQwqL8h4":{"chainKey":{"counter":1},"chainType":2,"messageKeys":{}},"Bd6Fm/Uoryo/PoJEtQUZrF5Ieu7NDfPX3StAcgfQO5gq":{"chainKey":{"counter":0},"chainType":2,"messageKeys":{}},"BdLAoOIqFsQCmSlANKQgXfXgYwCHJdrBj8r1E3VhCDk/":{"chainKey":{"counter":0},"chainType":2,"messageKeys":{}},"BYTjo9LLiUC67QDuCT4qmtFS8BfQvZc+7kO56ezK7ep8":{"chainKey":{"counter":1},"chainType":2,"messageKeys":{}},"BV3bkiZM7M8pIKWrI8Cg3R+9OOtMSzoTbbOmZwkf3kII":{"chainKey":{"counter":0},"chainType":2,"messageKeys":{}},"BUL7hwo6rAjIJ6WnOSaxSlN/PQ8J9keneiZGXassJdNT":{"chainKey":{"counter":0},"chainType":2,"messageKeys":{}},"BRKyjnL+3xXQczQhPjUxkBpIgmQk3GnAHAuzqsYqIK4J":{"chainKey":{"counter":0},"chainType":2,"messageKeys":{}},"BQfquUrUO9kjmVxr8lXrKF7UQzBGKoxiiml5UcNJEXlj":{"chainKey":{"counter":0},"chainType":2,"messageKeys":{}},"BbLzGIANz/2jlQX2fXdnFJr9aDdFq7ZE5o/kaFM+3vcw":{"chainKey":{"counter":0},"chainType":2,"messageKeys":{}},"BWSRF5863bOXnDsuUBkvWwcv1Pi+NaED6uw1z4OkHoZF":{"chainKey":{"counter":0},"chainType":2,"messageKeys":{}},"BWlu/+4EjIh6AJ2NMHFmNUp2s4nx6LBo15zUWiU1REpb":{"chainKey":{"counter":0},"chainType":2,"messageKeys":{}},"BcQTWlpyCi9q+EnAJEh4hr4y4vKFB55rl1QmnI3+L/lT":{"chainKey":{"counter":0},"chainType":2,"messageKeys":{}},"Bfn1RQpdsSpJbozcx0hpjVjpKh2mqGVeri/Vy7iOPJdN":{"chainKey":{"counter":1},"chainType":2,"messageKeys":{}},"BSjoiglH/cGxbJlKTeXSx84tYdvnAoL3gGXiyf/lqwF8":{"chainKey":{"counter":0},"chainType":2,"messageKeys":{}},"BdVG7iFVoSoLF5GQc6l93NOYuILMaHZYX56dvi8Olpsg":{"chainKey":{"counter":2},"chainType":2,"messageKeys":{}},"BbeYem22IUFCeoMSLyGsRPdrzPzpGiFHj6+oCl1hFqwN":{"chainKey":{"counter":0},"chainType":2,"messageKeys":{}},"BTqfVEsUtOT9eh4sFrrBnmTSrizgprIQEFMavqF64R9T":{"chainKey":{"counter":1},"chainType":2,"messageKeys":{}},"Bc9ScJEUPpiF6ZqP/OSMt6xjTGumrGtWioRD84VmsUtX":{"chainKey":{"counter":0},"chainType":2,"messageKeys":{}},"BTf9CxhyHXdxZ9s3LKDe4o479bsD0VjS+xbfSelExM1h":{"chainKey":{"counter":0},"chainType":2,"messageKeys":{}},"BTLB6RdUiYophIp14VDOBd5T+f3P+7rINjgtLMxUM5Ux":{"chainKey":{"counter":0},"chainType":2,"messageKeys":{}},"BYDrtQ6sySHJX1q6Xai90i6sfu/jBuJvbqG+xqNn8U4k":{"chainKey":{"counter":0},"chainType":2,"messageKeys":{}},"BZhfy4BghTG7g0UZ+rp6oDZwy3lDiLmfgphCLwT4MW1h":{"chainKey":{"counter":0},"chainType":2,"messageKeys":{}},"BVNMgE9KvJDugIjsSydpYb7a0BwA4Bwl17ni37K+QPZN":{"chainKey":{"counter":1},"chainType":2,"messageKeys":{}},"BTgpqdBT2GR6PF3Apfh8h2TT76eENQBdhm/sUeZ8ayR7":{"chainKey":{"counter":0},"chainType":2,"messageKeys":{}},"Bbgr+fcnfE+snUr/VVRxLCMoTwQILJ9vtGWA4pyZFNpG":{"chainKey":{"counter":1},"chainType":2,"messageKeys":{}},"BQglFheXD2fycv9OCPvfZoLENWh0lQevfbZY8bg49lIH":{"chainKey":{"counter":0},"chainType":2,"messageKeys":{}},"Bbq1cvKoRnCh2p/ozOvCJby/vErQT2+f18kcuMeX11lQ":{"chainKey":{"counter":0,"key":"2WGEueYQbftDE34eCfHeS/6Zwo17RK1z2D/mwNALgNQ="},"chainType":2,"messageKeys":{}},"BbCPe/fgyw4c4UieSLCLNNR4yRWCltCa9yuskeuTOSsH":{"chainKey":{"counter":1,"key":"anLvTUuzKOMxdnuwP5c5+Nnp8B7XQm+Hh7JGX5/XcAs="},"chainType":1,"messageKeys":{}}}},"Bcg4HTBpdreE6HhqGl88GI/WEk/IpmnXApqGrc1NpJ1p":{"registrationId":160322388,"currentRatchet":{"ephemeralKeyPair":{"pubKey":"BZHQaX7/aY9llwejlFEYUo54mlF+fUmgPqWuRp27OWJw","privKey":"0Nk6lG7/qmtZKkIyVvpnM5NW+nIMND9kav7N1CXKCGo="},"lastRemoteEphemeralKey":"BWDI/I+/6uAbzATSNI4y2VrTi9o+FkAH1msz6cRFflwu","previousCounter":1,"rootKey":"62hI19B4URfAWmGLLPgt/hpxfFups4378GIzCTfTLBI="},"indexInfo":{"baseKey":"Bcg4HTBpdreE6HhqGl88GI/WEk/IpmnXApqGrc1NpJ1p","baseKeyType":2,"closed":1762823731170,"used":1762823177777,"created":1762822964474,"remoteIdentityKey":"BS0Q+Bd66wu4Gk6dQ12CGNDLDTufsq0HCxrn7eEniR1y"},"_chains":{"BagRQuGpe4uEWWub1EGaO/RjrA6SdW5UCWJPUtBwhjsi":{"chainKey":{"counter":0},"chainType":2,"messageKeys":{}},"BXty2Hu8tP3ZBke4u7xpdIRs7dLf7cdwkC7GKmixkhVm":{"chainKey":{"counter":0},"chainType":2,"messageKeys":{}},"Bb0Iq09TWhnTMx/oZn2eKDaUKXIuRNp0a0ICECjhAqdj":{"chainKey":{"counter":0},"chainType":2,"messageKeys":{}},"BWDI/I+/6uAbzATSNI4y2VrTi9o+FkAH1msz6cRFflwu":{"chainKey":{"counter":0,"key":"9VOrZPashsEqEMRmAXmI/sZw7aDOknjSrMZiPp/kpBQ="},"chainType":2,"messageKeys":{}},"BZHQaX7/aY9llwejlFEYUo54mlF+fUmgPqWuRp27OWJw":{"chainKey":{"counter":3,"key":"eD8euBVSpYW72AVxwE3Zy820LGlM6RrNz7WCmKYSaa8="},"chainType":1,"messageKeys":{}}}},"BRzjOC5y5QiJwQyL6BCnpy5hWIs4jxYsn7TJzdYS9bsY":{"registrationId":160322388,"currentRatchet":{"ephemeralKeyPair":{"pubKey":"BYxbFBHDQDyOyl9FMYNRfGGMzAZhsuFsUHeMQK1dYgIJ","privKey":"kH17bsN0fLmwUQzDLeiH5oz7WcHiPXfWdrQDyO/caEs="},"lastRemoteEphemeralKey":"BTCetXe7pQLFC2jsvU/ivhZG56aEgtc/3fTX/n2JoJMM","previousCounter":2,"rootKey":"SGGNI7rmRpWRoddd3rNjgAs82BnwmUat+MqQvApx4Ag="},"indexInfo":{"baseKey":"BRzjOC5y5QiJwQyL6BCnpy5hWIs4jxYsn7TJzdYS9bsY","baseKeyType":2,"closed":1762838718576,"used":1762838058750,"created":1762823731175,"remoteIdentityKey":"BS0Q+Bd66wu4Gk6dQ12CGNDLDTufsq0HCxrn7eEniR1y"},"_chains":{"BUEtfDmOCeNWahk5jnotnXwoO3y8rBL5G/jqAnDM6QQF":{"chainKey":{"counter":1},"chainType":2,"messageKeys":{}},"Bf9VHejPddXxE5Kf+dgxFxyEZbfUAzkOiM/SPJ4xg0Nk":{"chainKey":{"counter":0},"chainType":2,"messageKeys":{}},"BVvF5dGPPC04yAIP5YMq5xRnLDRT61w6sK63tW7FCjg9":{"chainKey":{"counter":0},"chainType":2,"messageKeys":{}},"BaT9OAmbU3avijIBBMQxfkpno9y2c/d6ADYoEslJonMe":{"chainKey":{"counter":0},"chainType":2,"messageKeys":{}},"Bc41Ff3am2iKrwywdFrh6hVgSGezwKCY4f2IlLO3YBJo":{"chainKey":{"counter":0},"chainType":2,"messageKeys":{}},"BWpzvy+g7a8Z1gBRG4FeuW7IeaaEFjoWwkxfWZ69+y44":{"chainKey":{"counter":1},"chainType":2,"messageKeys":{}},"BT+S3QCymqCbRAZcwHnVt0bTpcHTynl6blLsflP4Ymx7":{"chainKey":{"counter":0},"chainType":2,"messageKeys":{}},"BVDshFwA0wVJmIKNesWN/OUYwjxShrrp6LLQaDWbEV8N":{"chainKey":{"counter":0},"chainType":2,"messageKeys":{}},"BTCetXe7pQLFC2jsvU/ivhZG56aEgtc/3fTX/n2JoJMM":{"chainKey":{"counter":0,"key":"PvmRSWlTjH0aDgUazzwRjJgLNMlz3ViKTLaM+Rohwus="},"chainType":2,"messageKeys":{}},"BYxbFBHDQDyOyl9FMYNRfGGMzAZhsuFsUHeMQK1dYgIJ":{"chainKey":{"counter":2,"key":"UT0npvTuik92DEsuZ4pc4ig3nUD+dyViziH6Dg9ZSsY="},"chainType":1,"messageKeys":{}}}},"BRM1OaYu67KJ0unig28l/4q3x1NIN8hzCSlOLGGrWOIx":{"registrationId":160322388,"currentRatchet":{"ephemeralKeyPair":{"pubKey":"BWzZqdkPP+jgh8wCC5FEci+O7a9kyJVKJ6v2DcpJCnsQ","privKey":"GFDrGZRYspwTPWaW9ZHHjPiOtmjlrRwMmciM5GZs13o="},"lastRemoteEphemeralKey":"BQtGMeOlCneXX3/5cx/rh0EGIbWt7HQ6mnPA1WLk4GZv","previousCounter":2,"rootKey":"oMqQG9fBTIFOSqi/YEqCzzA0ygon1Bze6H5q4zeJE9A="},"indexInfo":{"baseKey":"BRM1OaYu67KJ0unig28l/4q3x1NIN8hzCSlOLGGrWOIx","baseKeyType":2,"closed":1762839220790,"used":1762838833039,"created":1762838718675,"remoteIdentityKey":"BS0Q+Bd66wu4Gk6dQ12CGNDLDTufsq0HCxrn7eEniR1y"},"_chains":{"BTMuHTBbE7Xm2wMU4t5RB41r5Z+ccR/JGzsVPY9rUCUS":{"chainKey":{"counter":0},"chainType":2,"messageKeys":{}},"BfVhu2tDVoaipbWmFkuXt+HaHwlydSK/IYEOaSBWLvUB":{"chainKey":{"counter":0},"chainType":2,"messageKeys":{}},"BQtGMeOlCneXX3/5cx/rh0EGIbWt7HQ6mnPA1WLk4GZv":{"chainKey":{"counter":0,"key":"F3qJ2tSzuCsynHTAFui55Wy+S6eWJD40gtXxYGe8Hk0="},"chainType":2,"messageKeys":{}},"BWzZqdkPP+jgh8wCC5FEci+O7a9kyJVKJ6v2DcpJCnsQ":{"chainKey":{"counter":2,"key":"7yY0AMhDXN4SlgGPfSheQ8sIjsyoy6NRYjt+DY7ann4="},"chainType":1,"messageKeys":{}}}},"BWrFVF0gnRosOnk9UTcW7q05bu082FPsXtggqOr9RGIg":{"registrationId":160322388,"currentRatchet":{"ephemeralKeyPair":{"pubKey":"Bb9CmUJiN5is/autV/mJObI3LHc2DhkI1TUjOVhU2AYC","privKey":"4Dq6BCOF8/VhEZJl4dXhFTzob3HWqkT/NgP+xGbvPHQ="},"lastRemoteEphemeralKey":"BdQiQpxoFMjaFAce9lXo4HBZUmOvdR4nv5iXIv6+USt/","previousCounter":1,"rootKey":"cVfk3yDmeVNg+O8MkINwFVEBl9SWSPEt3B8LHCXd3bg="},"indexInfo":{"baseKey":"BWrFVF0gnRosOnk9UTcW7q05bu082FPsXtggqOr9RGIg","baseKeyType":2,"closed":1762839786858,"used":1762839630120,"created":1762839220875,"remoteIdentityKey":"BS0Q+Bd66wu4Gk6dQ12CGNDLDTufsq0HCxrn7eEniR1y"},"_chains":{"BSy2aa8FM/KnQkYDhgsZdhB/KIl/LQrHrP3NYW5z6wpX":{"chainKey":{"counter":1},"chainType":2,"messageKeys":{}},"BSQC/ErF5C78t/K3+yvRLsqaKtbY2Yli32VNbgVznY83":{"chainKey":{"counter":0},"chainType":2,"messageKeys":{}},"Bes6OPujzgLck3dA9m2tQSRVItGmdLfIBTP3V6Q2u1oX":{"chainKey":{"counter":0},"chainType":2,"messageKeys":{}},"BdQiQpxoFMjaFAce9lXo4HBZUmOvdR4nv5iXIv6+USt/":{"chainKey":{"counter":0,"key":"4KjGfwMOnYqjlNHBFREbaGTaB8S1Cn8po313Mj7k5Kk="},"chainType":2,"messageKeys":{}},"Bb9CmUJiN5is/autV/mJObI3LHc2DhkI1TUjOVhU2AYC":{"chainKey":{"counter":1,"key":"N1XQv9IpacAuO04eIajAS/2OdQ/x1WNoxk+dZxJn8FA="},"chainType":1,"messageKeys":{}}}},"BQF9bgH1KgaktGSV5kpcLLYSUGxawZWFDE14wZ1dols0":{"registrationId":160322388,"currentRatchet":{"ephemeralKeyPair":{"pubKey":"BRkDQNIGLLHl78QIhTvqvT22rtgw/PM8YQZ/h+PMIn8M","privKey":"+IpqBDk8sdTM6PE6YkBfQERG011+TeYtgXVtXvMRaVY="},"lastRemoteEphemeralKey":"BTRwniNUCsNVvJBx+uR8YEFovoj4qYvF4Iwr+oxa8Sst","previousCounter":2,"rootKey":"sMOwtvc7hqf55wI0JIaW+gMKtlv4EHms5hZf7Zqj5f4="},"indexInfo":{"baseKey":"BQF9bgH1KgaktGSV5kpcLLYSUGxawZWFDE14wZ1dols0","baseKeyType":2,"closed":1762840319180,"used":1762839960618,"created":1762839786872,"remoteIdentityKey":"BS0Q+Bd66wu4Gk6dQ12CGNDLDTufsq0HCxrn7eEniR1y"},"_chains":{"BYajEj9ED+yIsdrZpnA0wIMpG4/yOKunMRl7S7aMN05B":{"chainKey":{"counter":0},"chainType":2,"messageKeys":{}},"BTRwniNUCsNVvJBx+uR8YEFovoj4qYvF4Iwr+oxa8Sst":{"chainKey":{"counter":1,"key":"Memy/pXmFLDa7JrlL9VVQBigV/ZCs+8RYoFpBc/53TM="},"chainType":2,"messageKeys":{}},"BRkDQNIGLLHl78QIhTvqvT22rtgw/PM8YQZ/h+PMIn8M":{"chainKey":{"counter":0,"key":"TJBi17bBIvzfbZFsbG7KD+TkkTv/hBjMW+J/lm9mGR4="},"chainType":1,"messageKeys":{}}}},"BQ6rW4r/mjP74HluxaLJ6BTfGuUl8IQocxk0rifiVdNO":{"registrationId":160322388,"currentRatchet":{"ephemeralKeyPair":{"pubKey":"BZh6kcZO3yc8UcUFF2NXniqk2Y5GqJh8Fv4Dayg7J/gd","privKey":"IHd4BNxCWe8RpNyCrHwuwu//4IGk5n6u7dNEhMTEqHk="},"lastRemoteEphemeralKey":"BdMdpQKqVHHQvOOKaqziB+yvk/gcERaNu3jXEJNrNSQE","previousCounter":0,"rootKey":"thbBF8Mtyg5sTeMSSWbqVZNe3V9GknCLsnYQ7esJmms="},"indexInfo":{"baseKey":"BQ6rW4r/mjP74HluxaLJ6BTfGuUl8IQocxk0rifiVdNO","baseKeyType":2,"closed":1762840909389,"used":1762840567794,"created":1762840319186,"remoteIdentityKey":"BS0Q+Bd66wu4Gk6dQ12CGNDLDTufsq0HCxrn7eEniR1y"},"_chains":{"BVrl3mk5LM5oiaSi2wL23gvmW4cy4Ro+rqXbzsKxoUtS":{"chainKey":{"counter":1},"chainType":2,"messageKeys":{}},"BeXTrcION/oT4j5yWHRefS7t5sZFwGPRlDXSDW7mX/ts":{"chainKey":{"counter":0},"chainType":2,"messageKeys":{}},"BZcrr8xwTjtw/mKWNOCmYSiJUJA2ndQHLGzmX82lE9A1":{"chainKey":{"counter":0},"chainType":2,"messageKeys":{}},"BWjpQKr1+3oihqtrIJ61jY1he9tp9gdC0XP2GyifLyU6":{"chainKey":{"counter":2},"chainType":2,"messageKeys":{}},"BS9pOF8mXIUK79gAryqo+gtbJQVjqypDA0xUZAwTB/gR":{"chainKey":{"counter":1},"chainType":2,"messageKeys":{}},"BdMdpQKqVHHQvOOKaqziB+yvk/gcERaNu3jXEJNrNSQE":{"chainKey":{"counter":0,"key":"Yngelk3aFln89n5Ge7thpkUVUVwq3O32uNGzVzrK4F0="},"chainType":2,"messageKeys":{}},"BZh6kcZO3yc8UcUFF2NXniqk2Y5GqJh8Fv4Dayg7J/gd":{"chainKey":{"counter":2,"key":"MP9zupPZH0OGYgxuQsLA3W2Om71QYIQS5XRB5mPAvso="},"chainType":1,"messageKeys":{}}}},"Bd6jGX8Ws7pFUnAy0BWvkZum2RZpBRbmaSHVQYn899Ff":{"registrationId":160322388,"currentRatchet":{"ephemeralKeyPair":{"pubKey":"BZWhh2FCqjGm6rjB28YOU1Qvr+CdBag4GC1Z8AGj4Gwp","privKey":"mHKbwGUDwk02qSwDKxAz9+mI37WZt51lhTd3zaesLFU="},"lastRemoteEphemeralKey":"BSCjVYUflIkeC5Ql9PW0lHfhqkP6h71dI4iBCVC2vS12","previousCounter":0,"rootKey":"oy0rN/WxfoQX33ZacRjwB1vRHru06i1BNWrBsv7pw5w="},"indexInfo":{"baseKey":"Bd6jGX8Ws7pFUnAy0BWvkZum2RZpBRbmaSHVQYn899Ff","baseKeyType":2,"closed":1762841596589,"used":1762840909475,"created":1762840909475,"remoteIdentityKey":"BS0Q+Bd66wu4Gk6dQ12CGNDLDTufsq0HCxrn7eEniR1y"},"_chains":{"BSCjVYUflIkeC5Ql9PW0lHfhqkP6h71dI4iBCVC2vS12":{"chainKey":{"counter":0,"key":"b+K6D/HS2vBPQ4gtBgXz3i1d76OkStWq4246+zXFb6U="},"chainType":2,"messageKeys":{}},"BZWhh2FCqjGm6rjB28YOU1Qvr+CdBag4GC1Z8AGj4Gwp":{"chainKey":{"counter":1,"key":"vExmsx+1eRHxe/4O6E8pd8s1UWO3glW+eEvAqmnPcjE="},"chainType":1,"messageKeys":{}}}},"BfrP65avjpWHQlC8W+02gU3Ok5FnFDk3+jkc4QyNchd1":{"registrationId":160322388,"currentRatchet":{"ephemeralKeyPair":{"pubKey":"BbbPCnt5ZBYgteyrHmEn2ORkFuMoUQVqUQy3oIvcyyBQ","privKey":"mMrDPl2rr6zL3lt4n8RfIlkhRE0XvY3A6rovrnG17lM="},"lastRemoteEphemeralKey":"BThVMtnlKof0lsoNKMCXPXws19BAcoaE8432YKxcMzR3","previousCounter":0,"rootKey":"JIzKsLR/e+0Nb3bvp01dbSooiPVCqW3vDXFLGuKILqw="},"indexInfo":{"baseKey":"BfrP65avjpWHQlC8W+02gU3Ok5FnFDk3+jkc4QyNchd1","baseKeyType":2,"closed":1762841651132,"used":1762841596676,"created":1762841596676,"remoteIdentityKey":"BS0Q+Bd66wu4Gk6dQ12CGNDLDTufsq0HCxrn7eEniR1y"},"_chains":{"BThVMtnlKof0lsoNKMCXPXws19BAcoaE8432YKxcMzR3":{"chainKey":{"counter":0,"key":"tjJq6g2kseFvYy/2zWuySDoKe238iBwGdiGhkvrZJmU="},"chainType":2,"messageKeys":{}},"BbbPCnt5ZBYgteyrHmEn2ORkFuMoUQVqUQy3oIvcyyBQ":{"chainKey":{"counter":2,"key":"WHoyAEX9e1iRjc5LuX1KjZKONRNnt/Tsmgf+anWCdls="},"chainType":1,"messageKeys":{}}}},"Bb7SmvRoTdols6c+ZMbNvRd6Bg4Un6iwyoMhq4DfiuA/":{"registrationId":160322388,"currentRatchet":{"ephemeralKeyPair":{"pubKey":"BXZTJPKWMYot83U0vnUPNR4wirsOS+UmNnuK42aayHYn","privKey":"wFi2obybk1Q6ECJb/Rvf77aDLlMdhimojhsHMkoZJ2I="},"lastRemoteEphemeralKey":"BacTl+FBeSAhxPT5/KqkuNdW6drFWoNY9fi3Ee9wsgN0","previousCounter":10,"rootKey":"qkmZ50xWnWAIAmQJX/NWrR2joZoWY6aLUcUyom3FZ1E="},"indexInfo":{"baseKey":"Bb7SmvRoTdols6c+ZMbNvRd6Bg4Un6iwyoMhq4DfiuA/","baseKeyType":2,"closed":1762859059926,"used":1762859032580,"created":1762841651137,"remoteIdentityKey":"BS0Q+Bd66wu4Gk6dQ12CGNDLDTufsq0HCxrn7eEniR1y"},"_chains":{"BUyrngJaEulWn85e8yJ6x2Lx8wHGCwtEAGPRw8YRS40c":{"chainKey":{"counter":1},"chainType":2,"messageKeys":{}},"Bfr8SJ0cnT79BRqG0z4g1BSmSwa3dCw2VBdZT/iHIi5b":{"chainKey":{"counter":0},"chainType":2,"messageKeys":{}},"BYs2DpwD4XTmMJjKwh/oVqWhaDtkJ8zpmII07DSLLcFT":{"chainKey":{"counter":0},"chainType":2,"messageKeys":{}},"BZ2nVftlge1Qg52A687mdsbb0/KmVEvSBWWieg0fKQNK":{"chainKey":{"counter":0},"chainType":2,"messageKeys":{}},"BXQ6xBBjczpUeKSpWzHD2fL5xFjn7jf3lTPd8G9VOt0K":{"chainKey":{"counter":0},"chainType":2,"messageKeys":{}},"Be6TFcLc9ARpy2l/kG72aLuYYNmA/2d6XWzo2uqD+C8s":{"chainKey":{"counter":0},"chainType":2,"messageKeys":{}},"BbYBmWEC4WeMlFZkh/N3l8ja57OniHpF9g8intMl4cc+":{"chainKey":{"counter":1},"chainType":2,"messageKeys":{}},"BeHGbrhFqvWXzVTrt+A9MnHdv1t5rSJKPV9fPQrEIIUg":{"chainKey":{"counter":0},"chainType":2,"messageKeys":{}},"BcOvunw/X9GDFvbUaElxf2tsaWpeoWqW1cMbe81sNzoY":{"chainKey":{"counter":1},"chainType":2,"messageKeys":{}},"BcPNFQ6GFwGmAjd3s8DxGoOa/JRN5NNHPaA97nTkkNwy":{"chainKey":{"counter":0},"chainType":2,"messageKeys":{}},"BSCPJKxlmClN9oelAvEkft6w9ohe9GepdER75KkBXTxe":{"chainKey":{"counter":0},"chainType":2,"messageKeys":{}},"BcTlf0GP4Oo4qeiWlj5CfbaHijaIunc0MSMcTntSI85M":{"chainKey":{"counter":0},"chainType":2,"messageKeys":{}},"BXn6TBMiGnvNV19USIHJvBa0bpp5JzWRSKGcJKVyzCwu":{"chainKey":{"counter":0},"chainType":2,"messageKeys":{}},"BV3ekSLAobj4TZvd2X4WU5b4Q6K1ZxoOeyC9VZQmBkB4":{"chainKey":{"counter":0},"chainType":2,"messageKeys":{}},"BTgF2bYiGZEdu22jUTcEvKM9dSXBXiIIqnjl472IsW8i":{"chainKey":{"counter":0},"chainType":2,"messageKeys":{}},"BdmPswU7LneUijTodyXfbjx0evOEAX5+itUIhf7aRKBE":{"chainKey":{"counter":0},"chainType":2,"messageKeys":{}},"BacTl+FBeSAhxPT5/KqkuNdW6drFWoNY9fi3Ee9wsgN0":{"chainKey":{"counter":0,"key":"Wa9X0rBgirRhyTiGefp6qUP16Lft1WgSE5OOVbMDpI4="},"chainType":2,"messageKeys":{}},"BXZTJPKWMYot83U0vnUPNR4wirsOS+UmNnuK42aayHYn":{"chainKey":{"counter":-1,"key":"sJwEQb8hsz/ROLv/Ge1EK1EAVC2VaX0ifB6raiMtjEI="},"chainType":1,"messageKeys":{}}}},"BbqEMZSUJRfauLFUHweg6dHKaPAaCHeoTKBaM6KI9rIN":{"registrationId":160322388,"currentRatchet":{"ephemeralKeyPair":{"pubKey":"BVl/4P/V1LbAJN+Fmz2UNoYwQxqPf1lTVTjP8MPk60Na","privKey":"iPsKRHnf7vexIaieZUmQMIct8KPzlbBpM6OFRKyS1kk="},"lastRemoteEphemeralKey":"BVjls9yfAmENlM4EEJMcF1KZurUvJgY054MNj8OaMbtZ","previousCounter":0,"rootKey":"/JZPNG+Y3/p6lr5znoep5nnOkBbLTVLvKjda3c++mWM="},"indexInfo":{"baseKey":"BbqEMZSUJRfauLFUHweg6dHKaPAaCHeoTKBaM6KI9rIN","baseKeyType":2,"closed":1762859243176,"used":1762859059975,"created":1762859059975,"remoteIdentityKey":"BS0Q+Bd66wu4Gk6dQ12CGNDLDTufsq0HCxrn7eEniR1y"},"_chains":{"BVjls9yfAmENlM4EEJMcF1KZurUvJgY054MNj8OaMbtZ":{"chainKey":{"counter":2,"key":"iQe9LotWsvvvJFw9gzCFPjs/UK4OawXinIEN9xNGA9A="},"chainType":2,"messageKeys":{}},"BVl/4P/V1LbAJN+Fmz2UNoYwQxqPf1lTVTjP8MPk60Na":{"chainKey":{"counter":-1,"key":"UvwfqvkDIFYcFRr5xksc6YzctOOydGRG1fV7dOKiD5Y="},"chainType":1,"messageKeys":{}}}},"BYLZm0qNm0RrtZiTbuqDWQyUBlvCjkP/ozxOtfLLuj5X":{"registrationId":160322388,"currentRatchet":{"ephemeralKeyPair":{"pubKey":"BeThabeKt4gRCCQjPLU5zW+ZPHD5XSQiSgxGVhwv+NJe","privKey":"4N1D788i0BVpOz7TZR5u479ke0gbqX6XEzcc1VxtH0Y="},"lastRemoteEphemeralKey":"BcL0waNoOR3jDeD8btaR+NJcCKtmoQKp0E8qXUHrS6EN","previousCounter":0,"rootKey":"eIqjY5OhR9tMFL7S2ejlAVEcIvWgbSTCc0GvUGDV5rQ="},"indexInfo":{"baseKey":"BYLZm0qNm0RrtZiTbuqDWQyUBlvCjkP/ozxOtfLLuj5X","baseKeyType":2,"closed":1762859646874,"used":1762859243375,"created":1762859243375,"remoteIdentityKey":"BS0Q+Bd66wu4Gk6dQ12CGNDLDTufsq0HCxrn7eEniR1y"},"_chains":{"BcL0waNoOR3jDeD8btaR+NJcCKtmoQKp0E8qXUHrS6EN":{"chainKey":{"counter":3,"key":"CSNr10ME6p88sbj9Q1Y+ZAnXbQ5u+sZONReVwTEKC3k="},"chainType":2,"messageKeys":{}},"BeThabeKt4gRCCQjPLU5zW+ZPHD5XSQiSgxGVhwv+NJe":{"chainKey":{"counter":-1,"key":"8YwurF27xBWL2CGr8AcUVZgF/SPBFOdeNHcrxuUgY/w="},"chainType":1,"messageKeys":{}}}},"BRjeMS3V+XjihUfLo6xdA6XGxoAX5DovRJNYcGlXzggK":{"registrationId":160322388,"currentRatchet":{"ephemeralKeyPair":{"pubKey":"BWuuOcg+QNL29sNPUAre1rA7ipNHwIpzZ5hpqQrDdBNI","privKey":"KHNvwjfc+IHBq6I3mLjoi/fnpb5Ax8UU+qPB7frMNV0="},"lastRemoteEphemeralKey":"BYUeMGsRFcJjF9io6cZHGewnExy8mcBBANy4LXUQLM0s","previousCounter":0,"rootKey":"2yMW5ktT9hrXGV5XyJFXVqnAOKJZUNYNRELsHFaXnjw="},"indexInfo":{"baseKey":"BRjeMS3V+XjihUfLo6xdA6XGxoAX5DovRJNYcGlXzggK","baseKeyType":2,"closed":1762859791080,"used":1762859646879,"created":1762859646879,"remoteIdentityKey":"BS0Q+Bd66wu4Gk6dQ12CGNDLDTufsq0HCxrn7eEniR1y"},"_chains":{"BYUeMGsRFcJjF9io6cZHGewnExy8mcBBANy4LXUQLM0s":{"chainKey":{"counter":1,"key":"WF16wwkSIDhQQqotawz53YeZn1Cz11X9VM2HbRV9ruA="},"chainType":2,"messageKeys":{}},"BWuuOcg+QNL29sNPUAre1rA7ipNHwIpzZ5hpqQrDdBNI":{"chainKey":{"counter":3,"key":"qVhD/0HValLQJvB16DXHGuKFqpGkk5Pd/xJKFTb3388="},"chainType":1,"messageKeys":{}}}},"BQnjwaJQkOH/2RFnV/b3Z245eSWjnlbeCjqZ54wJmHNP":{"registrationId":160322388,"currentRatchet":{"ephemeralKeyPair":{"pubKey":"BVFxS4+8dSV8fVo23J5woWk/EG8a5xbe67OHGcWKukN9","privKey":"uKJpxpBwJ+d2SioyISjT6eVv1tIwhIrLyI9XezcYG1E="},"lastRemoteEphemeralKey":"BcjRXyAEVfMUZAi4o4GT/Tj0S1DVy58wBUBEHBg7p0p8","previousCounter":0,"rootKey":"ZHRWSMqGqDWNkUj+lIyCmjIm/yPpEMdRgZAWd2c1sPE="},"indexInfo":{"baseKey":"BQnjwaJQkOH/2RFnV/b3Z245eSWjnlbeCjqZ54wJmHNP","baseKeyType":2,"closed":-1,"used":1762859791085,"created":1762859791085,"remoteIdentityKey":"BS0Q+Bd66wu4Gk6dQ12CGNDLDTufsq0HCxrn7eEniR1y"},"_chains":{"BcjRXyAEVfMUZAi4o4GT/Tj0S1DVy58wBUBEHBg7p0p8":{"chainKey":{"counter":0,"key":"TQWaCIn0XtIOEKnuxTiFlbva6DeK5/mcqFJ8FD4+1Fk="},"chainType":2,"messageKeys":{}},"BVFxS4+8dSV8fVo23J5woWk/EG8a5xbe67OHGcWKukN9":{"chainKey":{"counter":-1,"key":"2fhZTW7xYs8q7jUztYBe5MUq/WACKCVWm+7Ywm+XP5o="},"chainType":1,"messageKeys":{}}}}},"version":"v1"}