{"_sessions":{"BeTmyNgt7vTfloHW2dlb0cfmAqcHDxX8r0HpRMjdVBUa":{"registrationId":1472897990,"currentRatchet":{"ephemeralKeyPair":{"pubKey":"BQ3BR1GbP0lnwVKC58pa0HyTYYNc7h6k5y8r8AaHNcYx","privKey":"SOREzv0wSKPnzappQEMmRVAznoAqlh83X+o2aBfAMns="},"lastRemoteEphemeralKey":"BTw/EoZAiD7AzINCgvUlQuCkaWMsDvwNFlX+kEIt+Y1r","previousCounter":0,"rootKey":"PUHIz54a4nesftiRctslnkBY8062goq2/Z2PJLOe8eo="},"indexInfo":{"baseKey":"BeTmyNgt7vTfloHW2dlb0cfmAqcHDxX8r0HpRMjdVBUa","baseKeyType":1,"closed":-1,"used":1762657598276,"created":1762657598276,"remoteIdentityKey":"BUPksNFeTMJ3pPLW+qb11vLpENsF7pdKaubbvXIo6ht0"},"_chains":{"BQ3BR1GbP0lnwVKC58pa0HyTYYNc7h6k5y8r8AaHNcYx":{"chainKey":{"counter":19,"key":"kdL8VTF2Zv12pLH1og+FT+uYmexgGc5fkQtx++P0Wnc="},"chainType":1,"messageKeys":{}}},"pendingPreKey":{"signedKeyId":10,"baseKey":"BeTmyNgt7vTfloHW2dlb0cfmAqcHDxX8r0HpRMjdVBUa","preKeyId":12748123}}},"version":"v1"}