{"_sessions":{"BUkPXp5zqV0Cdt2eh3KocoseL9CZDIpz9RFEeQjT+C85":{"registrationId":1740708916,"currentRatchet":{"ephemeralKeyPair":{"pubKey":"BaWH58GO6GRgkVfSVTmZS1zXnz/tWeUQ/PpgcV8JbrN0","privKey":"wB2R1f5Prtcv0p/RrBSPq41S0dyswfOOmO5waBpiilc="},"lastRemoteEphemeralKey":"Bc6f+R3aT185D+jYDlB7nAFmUwV52AnjodkEUIUif3JY","previousCounter":19,"rootKey":"quXJtKnvGN7l+jEERw94epay2TKzuOnVT56DRQRW7GQ="},"indexInfo":{"baseKey":"BUkPXp5zqV0Cdt2eh3KocoseL9CZDIpz9RFEeQjT+C85","baseKeyType":1,"closed":-1,"used":1762859050405,"created":1762657597683,"remoteIdentityKey":"BVVVKHUDDg8xzVNTcllkR0XihHWDcP1rgDDxjR8x5FVG"},"_chains":{"Bc6f+R3aT185D+jYDlB7nAFmUwV52AnjodkEUIUif3JY":{"chainKey":{"counter":0,"key":"ea21RYeGNBlhtYs85UhhOY0WEZVtspm5QeCaxyJJEZ8="},"chainType":2,"messageKeys":{}},"BaWH58GO6GRgkVfSVTmZS1zXnz/tWeUQ/PpgcV8JbrN0":{"chainKey":{"counter":-1,"key":"IyxAc1O5QyCg6bik0py+QLzGlTCxy0b+JMSs83I0m/o="},"chainType":1,"messageKeys":{}}}}},"version":"v1"}