{"_sessions":{"BbHE15jXnb1RK2zuspzkVlEtfrGh8Q1MKliqYPqBsoBP":{"registrationId":2043050481,"currentRatchet":{"ephemeralKeyPair":{"pubKey":"BUxFp6AKSFQthTNAZKuX28Y9oeZdtQAzNWuUeEarf7tK","privKey":"eKZc/Ai326u+3nWNF2l5qFwYhXrBJSTt0mdfhvTFtV4="},"lastRemoteEphemeralKey":"BYEwFXT+lNLwpZ2+B+FOLPzaHD5S4anGrKvWVuboTt55","previousCounter":0,"rootKey":"oyyjrGd0SS3vkMp6GIeefnPOwwu0bcYQA10Fx4mAKCk="},"indexInfo":{"baseKey":"BbHE15jXnb1RK2zuspzkVlEtfrGh8Q1MKliqYPqBsoBP","baseKeyType":2,"closed":-1,"used":1762848069899,"created":1762848069899,"remoteIdentityKey":"BUBmB7+hYCGz9+ASXpfwyBuMcRsvjPraLxkqS8wqjE4a"},"_chains":{"BYEwFXT+lNLwpZ2+B+FOLPzaHD5S4anGrKvWVuboTt55":{"chainKey":{"counter":0,"key":"YrOcVSS586tjkSI+S5RYzwN+18NYI/VUkmdHXluMQjg="},"chainType":2,"messageKeys":{}},"BUxFp6AKSFQthTNAZKuX28Y9oeZdtQAzNWuUeEarf7tK":{"chainKey":{"counter":-1,"key":"ftUZbn+3rwHNorxVg5vBuDhUF0PfQEm35xSej5Ql2YY="},"chainType":1,"messageKeys":{}}}}},"version":"v1"}