{"_sessions":{"BUmURSlLtBYIKfrtNGbvYQlX45sqN5LLK0yP1jHsdQ5u":{"registrationId":1046467559,"currentRatchet":{"ephemeralKeyPair":{"pubKey":"BWMSJXsBomsNewDF2euIFOoMMYSqk6MqzqGJJ4h6q05Y","privKey":"qGyTl2uxxotIeEFdB3JQ3VOyO29Ob/whVO3mJicHIWg="},"lastRemoteEphemeralKey":"BaO6Cqf/FSvLdjXiebwh5Nycer4ZhOWznTnvapyoSiZJ","previousCounter":0,"rootKey":"s6Kcp/pZpT35Q42ZLxjFfATRhDG0BApwTKDN5FZ86k4="},"indexInfo":{"baseKey":"BUmURSlLtBYIKfrtNGbvYQlX45sqN5LLK0yP1jHsdQ5u","baseKeyType":2,"closed":-1,"used":1762616912209,"created":1762616912209,"remoteIdentityKey":"BUdA9DZ2aAZAR5V/NNjlLm3di8TUT4+2ofEBIMmNsf0q"},"_chains":{"BaO6Cqf/FSvLdjXiebwh5Nycer4ZhOWznTnvapyoSiZJ":{"chainKey":{"counter":0,"key":"BrhjaYJRcIHFbXw6CWsRRpARefzh4YMhp1hucYD/qNE="},"chainType":2,"messageKeys":{}},"BWMSJXsBomsNewDF2euIFOoMMYSqk6MqzqGJJ4h6q05Y":{"chainKey":{"counter":19,"key":"NPKsm8leGVzUjh9/LVrZ0NEU3CMP33XJ/0o3V5I+H0Q="},"chainType":1,"messageKeys":{}}}}},"version":"v1"}