{"_sessions":{"BfIPV2tejijsRxNewja8vK2hMVaB/XQULfgCHMFQLeN4":{"registrationId":1007629884,"currentRatchet":{"ephemeralKeyPair":{"pubKey":"BZ5PEFwiBihg2bV7PhSNkflvw/kBJKjYuWsJyi2QFZp5","privKey":"SFCTZqJumOpJ6VGq3QcdwcCdtqUDT1XXL/YX+T6rc3Y="},"lastRemoteEphemeralKey":"BUpVeNFDv/lzhKjQ6gCxpGaVUSuVYEuxgKaZvDUt7xpp","previousCounter":0,"rootKey":"dHDX5jAKzFw1aB29/dmXZ0sCuudgQGn6C8pHPZWacig="},"indexInfo":{"baseKey":"BfIPV2tejijsRxNewja8vK2hMVaB/XQULfgCHMFQLeN4","baseKeyType":2,"closed":-1,"used":1762839533299,"created":1762839533299,"remoteIdentityKey":"BUgUBiWEcW4rHK4nLNbIpEf+7GNPj1yZNCR+guFdQ5N9"},"_chains":{"BUpVeNFDv/lzhKjQ6gCxpGaVUSuVYEuxgKaZvDUt7xpp":{"chainKey":{"counter":0,"key":"bjS/B/zpDlvi8WcUuA0Yf/mvxRfTL+gx9aWJyvLTEx4="},"chainType":2,"messageKeys":{}},"BZ5PEFwiBihg2bV7PhSNkflvw/kBJKjYuWsJyi2QFZp5":{"chainKey":{"counter":-1,"key":"ZvNuiW0tXKS0eSDhEpL/xrQAdqHpDdlD7aE/vhwcHY8="},"chainType":1,"messageKeys":{}}}}},"version":"v1"}