{"_sessions":{"BRDPjKKaEOK4txOMOYrBg6DUC1gY/YTP6/WVAB0foRlc":{"registrationId":160322388,"currentRatchet":{"ephemeralKeyPair":{"pubKey":"BZvTDGZWtL7Ic8P9Y+cDzCwFh+5D8L8CGNKBIKfgc0Jd","privKey":"GK8RZOo+ABH8egK+d1pGqIgi6IBg9xUbR5stK6ukZUM="},"lastRemoteEphemeralKey":"BbyxJ2rs6jB+thswixFiOzNHqqSt6gJ17tzHYdFn5LUT","previousCounter":0,"rootKey":"p0IWuIFwwBgzvnnz19N+YuucJhVDCpnFlF/7urterwg="},"indexInfo":{"baseKey":"BRDPjKKaEOK4txOMOYrBg6DUC1gY/YTP6/WVAB0foRlc","baseKeyType":1,"closed":1762605174034,"used":1762604315142,"created":1762604315142,"remoteIdentityKey":"BS0Q+Bd66wu4Gk6dQ12CGNDLDTufsq0HCxrn7eEniR1y"},"_chains":{"BZvTDGZWtL7Ic8P9Y+cDzCwFh+5D8L8CGNKBIKfgc0Jd":{"chainKey":{"counter":6,"key":"2j66jiWtv+AtLaNBK0QFa5jb2aFoFacp60uRNxHKtjM="},"chainType":1,"messageKeys":{}}},"pendingPreKey":{"signedKeyId":11,"baseKey":"BRDPjKKaEOK4txOMOYrBg6DUC1gY/YTP6/WVAB0foRlc","preKeyId":10389861}},"BXa3382++cO3e2gPFVaQol1QXeHRyFiFVWecERgClu5H":{"registrationId":160322388,"currentRatchet":{"ephemeralKeyPair":{"pubKey":"Bc3+1b+3K+Rapper2GpSW5k9fvZpwVCFkIdiFmhnVnEm","privKey":"iL20J8MBbJX0AZkqCV8RGNz5lrzrLvh6EZiSV0qQ+mA="},"lastRemoteEphemeralKey":"BXlrOlwPSXJOlpSGmoA+6O8Hc85qvKBuqfwxbo4ODRVE","previousCounter":0,"rootKey":"X0Yq9hQDJMqCBkcRx4jACQjs3wt4jAE7fZqzkjX75PM="},"indexInfo":{"baseKey":"BXa3382++cO3e2gPFVaQol1QXeHRyFiFVWecERgClu5H","baseKeyType":2,"closed":1762652082846,"used":1762605174040,"created":1762605174040,"remoteIdentityKey":"BS0Q+Bd66wu4Gk6dQ12CGNDLDTufsq0HCxrn7eEniR1y"},"_chains":{"BXlrOlwPSXJOlpSGmoA+6O8Hc85qvKBuqfwxbo4ODRVE":{"chainKey":{"counter":0,"key":"bvIbXZMBIRiHOJN6a6RQKd3nPCyXkydO3skT05RJzNk="},"chainType":2,"messageKeys":{}},"Bc3+1b+3K+Rapper2GpSW5k9fvZpwVCFkIdiFmhnVnEm":{"chainKey":{"counter":5,"key":"QTVc62erTv7K/RrwSChnEPZykPQpHpqSe2kb4xIa/G8="},"chainType":1,"messageKeys":{}}}},"BYcR85GOxg2xcg7M31N6C/uQ+v+x3JoKHHSarYstwPcF":{"registrationId":160322388,"currentRatchet":{"ephemeralKeyPair":{"pubKey":"BR34uXB1U4ZwEwiIqwdxfau1OfV4x5WKm1Dt3GXZqEAp","privKey":"cMEIBKpFQ085svKltVmuvKCoD3fyZw9PIGS9QVCHvmY="},"lastRemoteEphemeralKey":"BYd6EPeUluLdGWKMuvmbPuNqcsBPWCXeGEg0cdDhTUYN","previousCounter":0,"rootKey":"cu6krBGmtGbWd5NZil7gXh3enbQ2UTQYZcSsSGAIcGc="},"indexInfo":{"baseKey":"BYcR85GOxg2xcg7M31N6C/uQ+v+x3JoKHHSarYstwPcF","baseKeyType":2,"closed":1762704927099,"used":1762652082851,"created":1762652082851,"remoteIdentityKey":"BS0Q+Bd66wu4Gk6dQ12CGNDLDTufsq0HCxrn7eEniR1y"},"_chains":{"BYd6EPeUluLdGWKMuvmbPuNqcsBPWCXeGEg0cdDhTUYN":{"chainKey":{"counter":0,"key":"ZXy1iaIKnNA+1/gsNFL3b7CHm+vmwNpwvFoeq1sMoI0="},"chainType":2,"messageKeys":{}},"BR34uXB1U4ZwEwiIqwdxfau1OfV4x5WKm1Dt3GXZqEAp":{"chainKey":{"counter":63,"key":"5XPz9GjVf/3laMK/jwA784p6m4TzL6ZmlE5zynySS2o="},"chainType":1,"messageKeys":{}}}},"BUCC9qZsmjj2jFXW9C1EcDdr0oapMiXZfi6zGGGr1kt9":{"registrationId":160322388,"currentRatchet":{"ephemeralKeyPair":{"pubKey":"BbUbz3aZZoL3DpCTF5VzioTRpWBdzUL47TAztSyjQt4j","privKey":"wCTGuQB75pLPsXq0RE2ZkYGqRYzA+UoM41TAHgwhc3o="},"lastRemoteEphemeralKey":"BUKCNoIIWHxOR3uoD+sanr4iFwStxSCSdW3EXv7Dy1Ej","previousCounter":0,"rootKey":"IgAadgs2pGC/L6UEz2lV1kgfBYfXPa77BA2ujWEJzhU="},"indexInfo":{"baseKey":"BUCC9qZsmjj2jFXW9C1EcDdr0oapMiXZfi6zGGGr1kt9","baseKeyType":2,"closed":1762725727392,"used":1762704927102,"created":1762704927102,"remoteIdentityKey":"BS0Q+Bd66wu4Gk6dQ12CGNDLDTufsq0HCxrn7eEniR1y"},"_chains":{"BUKCNoIIWHxOR3uoD+sanr4iFwStxSCSdW3EXv7Dy1Ej":{"chainKey":{"counter":0,"key":"jTr08gYs28Q5DIU9scrjMlEk34050KCydB9klR6Syz0="},"chainType":2,"messageKeys":{}},"BbUbz3aZZoL3DpCTF5VzioTRpWBdzUL47TAztSyjQt4j":{"chainKey":{"counter":10,"key":"NAExSSHlEvFYpP6fkpVL51ZLKmCcDMnOjNJG5oB5dLI="},"chainType":1,"messageKeys":{}}}},"BUlJA7eJy3pmsVpadrSM8GS3Wc9Vhalzx7PZHsr4WxxH":{"registrationId":160322388,"currentRatchet":{"ephemeralKeyPair":{"pubKey":"BS7U3fjvxbPZhWCsHKbg2C5Q68Jr78kkwm4PbJdTWhR7","privKey":"8OxbGJZQdUSN5cPup7WK/VRP9agDOrkevkmgXtdg+Uk="},"lastRemoteEphemeralKey":"BbyxJ2rs6jB+thswixFiOzNHqqSt6gJ17tzHYdFn5LUT","previousCounter":0,"rootKey":"TWXmp2EVUZ4cMRzkWvGumy9TlnE9gDNOXDXkPPan7Ek="},"indexInfo":{"baseKey":"BUlJA7eJy3pmsVpadrSM8GS3Wc9Vhalzx7PZHsr4WxxH","baseKeyType":1,"closed":1762725727691,"used":1762725727387,"created":1762725727387,"remoteIdentityKey":"BS0Q+Bd66wu4Gk6dQ12CGNDLDTufsq0HCxrn7eEniR1y"},"_chains":{"BS7U3fjvxbPZhWCsHKbg2C5Q68Jr78kkwm4PbJdTWhR7":{"chainKey":{"counter":-1,"key":"rgskn80De5ZQt+Q/TIIe8PASHEjvi+AWzcW+DJ48s0Y="},"chainType":1,"messageKeys":{}}},"pendingPreKey":{"signedKeyId":11,"baseKey":"BUlJA7eJy3pmsVpadrSM8GS3Wc9Vhalzx7PZHsr4WxxH","preKeyId":10389564}},"BQ+440I/uCulRsdzueFdRhcG6vwHM0X/ludipa48KWpz":{"registrationId":160322388,"currentRatchet":{"ephemeralKeyPair":{"pubKey":"BcLIba2ymgwBHMWjvznxtEaVP3WUUK5GZW2Hp3RqwIo7","privKey":"cBh0I1N2Neo0pBJSfpOlvIknmZitKIHslQ6lPJgjx1E="},"lastRemoteEphemeralKey":"BbyxJ2rs6jB+thswixFiOzNHqqSt6gJ17tzHYdFn5LUT","previousCounter":0,"rootKey":"cnyg03QxLgNxNWMdQP18i/PqVfoBq7jbv5ujVkVz7rw="},"indexInfo":{"baseKey":"BQ+440I/uCulRsdzueFdRhcG6vwHM0X/ludipa48KWpz","baseKeyType":1,"closed":1762725727989,"used":1762725727688,"created":1762725727688,"remoteIdentityKey":"BS0Q+Bd66wu4Gk6dQ12CGNDLDTufsq0HCxrn7eEniR1y"},"_chains":{"BcLIba2ymgwBHMWjvznxtEaVP3WUUK5GZW2Hp3RqwIo7":{"chainKey":{"counter":-1,"key":"B5fHXST/8v7b5F6Flj7eXRjuCcir3DQN9Mhe7gleaCI="},"chainType":1,"messageKeys":{}}},"pendingPreKey":{"signedKeyId":11,"baseKey":"BQ+440I/uCulRsdzueFdRhcG6vwHM0X/ludipa48KWpz","preKeyId":10389553}},"BYGhOEGN5UAuBd+lTdizWBd3Yvp95ELmYNcZxPWap6E+":{"registrationId":160322388,"currentRatchet":{"ephemeralKeyPair":{"pubKey":"BYiP4Im+2QUcak7P1eHWCeiwt+QwJ/EyNH/4lATJriNQ","privKey":"mIn5/7+gC2LxE4bxr65Z1oTsG88JB5wkWbRm4Rmu+Xo="},"lastRemoteEphemeralKey":"BbyxJ2rs6jB+thswixFiOzNHqqSt6gJ17tzHYdFn5LUT","previousCounter":0,"rootKey":"4i8ElJj8a6SJTo+4kbWzcEq+e1p5cf9QkNbsjwTOLo8="},"indexInfo":{"baseKey":"BYGhOEGN5UAuBd+lTdizWBd3Yvp95ELmYNcZxPWap6E+","baseKeyType":1,"closed":1762725728282,"used":1762725727986,"created":1762725727986,"remoteIdentityKey":"BS0Q+Bd66wu4Gk6dQ12CGNDLDTufsq0HCxrn7eEniR1y"},"_chains":{"BYiP4Im+2QUcak7P1eHWCeiwt+QwJ/EyNH/4lATJriNQ":{"chainKey":{"counter":-1,"key":"BnqVK/YZbNqbyXih65t5QNjPDTmiD6ENcrelhiMWoWM="},"chainType":1,"messageKeys":{}}},"pendingPreKey":{"signedKeyId":11,"baseKey":"BYGhOEGN5UAuBd+lTdizWBd3Yvp95ELmYNcZxPWap6E+","preKeyId":10389669}},"BRgT44HMYcU63ibaxgwehIdG77GzGqitNg47TL6S/o4A":{"registrationId":160322388,"currentRatchet":{"ephemeralKeyPair":{"pubKey":"BbyZ23xoiWeTJc0MjFgYQ4CDGI6V2ksxTeK+BIrtCMI3","privKey":"IH/yfSTzzDgA96jeGjOApDWlFmFvI/HYgjyTa+sXrmE="},"lastRemoteEphemeralKey":"BbyxJ2rs6jB+thswixFiOzNHqqSt6gJ17tzHYdFn5LUT","previousCounter":0,"rootKey":"xqOV6bgrmrCCig0K9FvKSFIDNyjF+l7i9bfhDGnigE0="},"indexInfo":{"baseKey":"BRgT44HMYcU63ibaxgwehIdG77GzGqitNg47TL6S/o4A","baseKeyType":1,"closed":1762725728574,"used":1762725728278,"created":1762725728278,"remoteIdentityKey":"BS0Q+Bd66wu4Gk6dQ12CGNDLDTufsq0HCxrn7eEniR1y"},"_chains":{"BbyZ23xoiWeTJc0MjFgYQ4CDGI6V2ksxTeK+BIrtCMI3":{"chainKey":{"counter":-1,"key":"xikKXc8VpXJ2nX3l8EA4DRPukZpV+yzqDxOua6A46WY="},"chainType":1,"messageKeys":{}}},"pendingPreKey":{"signedKeyId":11,"baseKey":"BRgT44HMYcU63ibaxgwehIdG77GzGqitNg47TL6S/o4A","preKeyId":10389551}},"BZd3X1JKixWYTv63UvVJR34LsM+mz1fPXQInR//MU+MZ":{"registrationId":160322388,"currentRatchet":{"ephemeralKeyPair":{"pubKey":"BYUUPXaIZ9cNDfnJU3L/h6upxCYIAwLLBuqwux7VXQF/","privKey":"wJ8hLQeqfwCtTpj6HrnJWwwQKrK9iBpm6gzmA2uicmo="},"lastRemoteEphemeralKey":"BbyxJ2rs6jB+thswixFiOzNHqqSt6gJ17tzHYdFn5LUT","previousCounter":0,"rootKey":"D7SPUesH9OTviA74mZ+ZbX5/zuNrPB5tS5mkvsMnmd8="},"indexInfo":{"baseKey":"BZd3X1JKixWYTv63UvVJR34LsM+mz1fPXQInR//MU+MZ","baseKeyType":1,"closed":1762725728865,"used":1762725728571,"created":1762725728571,"remoteIdentityKey":"BS0Q+Bd66wu4Gk6dQ12CGNDLDTufsq0HCxrn7eEniR1y"},"_chains":{"BYUUPXaIZ9cNDfnJU3L/h6upxCYIAwLLBuqwux7VXQF/":{"chainKey":{"counter":-1,"key":"BpFJ87bTP9zvhs/l/3Bn07AcrgC1lB95LoYdFNvOIUg="},"chainType":1,"messageKeys":{}}},"pendingPreKey":{"signedKeyId":11,"baseKey":"BZd3X1JKixWYTv63UvVJR34LsM+mz1fPXQInR//MU+MZ","preKeyId":10389543}},"BfoS87Fh9olkAKkiatlJH1JMLgOoQ+YgGTH/OhPgwcEY":{"registrationId":160322388,"currentRatchet":{"ephemeralKeyPair":{"pubKey":"BXxneoicojuVYLvs8qT4SA0Ln1QauEYvKftUyBFambwQ","privKey":"+JBUfsUwM4uEAHGKZFRT1t99rApt/Sf7lMZ7FgItAXg="},"lastRemoteEphemeralKey":"BbyxJ2rs6jB+thswixFiOzNHqqSt6gJ17tzHYdFn5LUT","previousCounter":0,"rootKey":"xbs22WMsS4+TJEby+C8upFb13lBPlo5BY+6rLCcrRs0="},"indexInfo":{"baseKey":"BfoS87Fh9olkAKkiatlJH1JMLgOoQ+YgGTH/OhPgwcEY","baseKeyType":1,"closed":1762725729159,"used":1762725728862,"created":1762725728862,"remoteIdentityKey":"BS0Q+Bd66wu4Gk6dQ12CGNDLDTufsq0HCxrn7eEniR1y"},"_chains":{"BXxneoicojuVYLvs8qT4SA0Ln1QauEYvKftUyBFambwQ":{"chainKey":{"counter":-1,"key":"Uf9yTo1hS90j9h9xEojWW5GqCftonSs9xNc7+WYr9/E="},"chainType":1,"messageKeys":{}}},"pendingPreKey":{"signedKeyId":11,"baseKey":"BfoS87Fh9olkAKkiatlJH1JMLgOoQ+YgGTH/OhPgwcEY","preKeyId":10389452}},"Be6r478yLLQpuSM79CuOE3wtZxfnh0eZlM72i7lRuCBC":{"registrationId":160322388,"currentRatchet":{"ephemeralKeyPair":{"pubKey":"BWHrdtPrW/uvBIX5XllvvQIXNNejdWr+/rMH2E3Y1fk5","privKey":"CJZxDHduTfB6KbieGuCqAWXglKvZA4CCmAhPTmzmB1w="},"lastRemoteEphemeralKey":"BbyxJ2rs6jB+thswixFiOzNHqqSt6gJ17tzHYdFn5LUT","previousCounter":0,"rootKey":"AuwbeJ+4wgbPucIinFRgqOFuYnpg00viBHNpy3Sg9Y0="},"indexInfo":{"baseKey":"Be6r478yLLQpuSM79CuOE3wtZxfnh0eZlM72i7lRuCBC","baseKeyType":1,"closed":1762725729456,"used":1762725729155,"created":1762725729155,"remoteIdentityKey":"BS0Q+Bd66wu4Gk6dQ12CGNDLDTufsq0HCxrn7eEniR1y"},"_chains":{"BWHrdtPrW/uvBIX5XllvvQIXNNejdWr+/rMH2E3Y1fk5":{"chainKey":{"counter":-1,"key":"/ouAjAF/wRIkvUDp1GX/5WFRQaujviNdyfycCE1sIfc="},"chainType":1,"messageKeys":{}}},"pendingPreKey":{"signedKeyId":11,"baseKey":"Be6r478yLLQpuSM79CuOE3wtZxfnh0eZlM72i7lRuCBC","preKeyId":10389670}},"BXGU34fKfoQPuSbKiCS7BXBuHZmk2yOTkMPBw/wnTTpL":{"registrationId":160322388,"currentRatchet":{"ephemeralKeyPair":{"pubKey":"BbQpOs3xNb55E4uzjNypJ3MtnFDMZO6c6BTr6F+IkhN6","privKey":"mM3hT+H+tW+G3sBcYDcYoqiXIdAMbbQcIJcFCzhDV1c="},"lastRemoteEphemeralKey":"BbyxJ2rs6jB+thswixFiOzNHqqSt6gJ17tzHYdFn5LUT","previousCounter":0,"rootKey":"QBJoDSpF+OABmL/pegD8M6QMs85pVB+800ugDHeMgyA="},"indexInfo":{"baseKey":"BXGU34fKfoQPuSbKiCS7BXBuHZmk2yOTkMPBw/wnTTpL","baseKeyType":1,"closed":1762725729752,"used":1762725729452,"created":1762725729452,"remoteIdentityKey":"BS0Q+Bd66wu4Gk6dQ12CGNDLDTufsq0HCxrn7eEniR1y"},"_chains":{"BbQpOs3xNb55E4uzjNypJ3MtnFDMZO6c6BTr6F+IkhN6":{"chainKey":{"counter":-1,"key":"Ghg+gf0NtGHeXwVCucdEYDZMP9KDMalgrJQ9H3+az/4="},"chainType":1,"messageKeys":{}}},"pendingPreKey":{"signedKeyId":11,"baseKey":"BXGU34fKfoQPuSbKiCS7BXBuHZmk2yOTkMPBw/wnTTpL","preKeyId":10389572}},"BbzoEQ0VR5ZLhswPXqykfgM9ZsqpeQbOlZ32Xn1CxQhF":{"registrationId":160322388,"currentRatchet":{"ephemeralKeyPair":{"pubKey":"BZ+Rmx+iA/L3h2B6R7taQ0UEgh7QwgjBU7EmsYcSYWZh","privKey":"oGs9T0ciXcf5ESVl/8LGe0u+vkqYffxtf77ZN+r1cW4="},"lastRemoteEphemeralKey":"BbyxJ2rs6jB+thswixFiOzNHqqSt6gJ17tzHYdFn5LUT","previousCounter":0,"rootKey":"oDjcBEK6JCwOr7PLOqzpOd8ObIIR8geQqjXYf1C4eBI="},"indexInfo":{"baseKey":"BbzoEQ0VR5ZLhswPXqykfgM9ZsqpeQbOlZ32Xn1CxQhF","baseKeyType":1,"closed":1762725730047,"used":1762725729746,"created":1762725729746,"remoteIdentityKey":"BS0Q+Bd66wu4Gk6dQ12CGNDLDTufsq0HCxrn7eEniR1y"},"_chains":{"BZ+Rmx+iA/L3h2B6R7taQ0UEgh7QwgjBU7EmsYcSYWZh":{"chainKey":{"counter":-1,"key":"Wu99w8JPXsMppEEsblwdYD/hA6P1BLRTw4cv/S39D7U="},"chainType":1,"messageKeys":{}}},"pendingPreKey":{"signedKeyId":11,"baseKey":"BbzoEQ0VR5ZLhswPXqykfgM9ZsqpeQbOlZ32Xn1CxQhF","preKeyId":10389822}},"BbDCzKaDwNVKR+App+1O0CMVtrGM+VzAfUb23yDLE74L":{"registrationId":160322388,"currentRatchet":{"ephemeralKeyPair":{"pubKey":"BfqKCqpcvQaDDONPmcahzy5T+g2zgKqMuvw8cTWOfrYW","privKey":"sGnTtr1O1gVZArd7Fi/pg7m9YPqkKLzTZ3E6ewSEtWQ="},"lastRemoteEphemeralKey":"BbyxJ2rs6jB+thswixFiOzNHqqSt6gJ17tzHYdFn5LUT","previousCounter":0,"rootKey":"fZbQkUZW9dqDOddUPj/cUewBgczob++d1g4tvJgNAMs="},"indexInfo":{"baseKey":"BbDCzKaDwNVKR+App+1O0CMVtrGM+VzAfUb23yDLE74L","baseKeyType":1,"closed":1762725730341,"used":1762725730043,"created":1762725730043,"remoteIdentityKey":"BS0Q+Bd66wu4Gk6dQ12CGNDLDTufsq0HCxrn7eEniR1y"},"_chains":{"BfqKCqpcvQaDDONPmcahzy5T+g2zgKqMuvw8cTWOfrYW":{"chainKey":{"counter":-1,"key":"tzyus8HYYAzc/4RFlGr2YcKO6/tLAeYLaFWx5rLFhUw="},"chainType":1,"messageKeys":{}}},"pendingPreKey":{"signedKeyId":11,"baseKey":"BbDCzKaDwNVKR+App+1O0CMVtrGM+VzAfUb23yDLE74L","preKeyId":10389374}},"Bf3tvt8K3l4pKJVKsfJUZB0YOUCKq/O5AhAL/U7VMRZD":{"registrationId":160322388,"currentRatchet":{"ephemeralKeyPair":{"pubKey":"BcNnSz8LY9F7fTPaO7d84/ZPkP3Ho/WUnfm0n+n4ACtS","privKey":"+F7ceV6A89eVabzkwUu27m3//vNWbFgIdj2+LinJv0E="},"lastRemoteEphemeralKey":"BbyxJ2rs6jB+thswixFiOzNHqqSt6gJ17tzHYdFn5LUT","previousCounter":0,"rootKey":"ihsiFlfDEeOjFLHkfrgqTAZy8s+r2mVPIifHPEVtVJg="},"indexInfo":{"baseKey":"Bf3tvt8K3l4pKJVKsfJUZB0YOUCKq/O5AhAL/U7VMRZD","baseKeyType":1,"closed":1762745701727,"used":1762725730337,"created":1762725730337,"remoteIdentityKey":"BS0Q+Bd66wu4Gk6dQ12CGNDLDTufsq0HCxrn7eEniR1y"},"_chains":{"BcNnSz8LY9F7fTPaO7d84/ZPkP3Ho/WUnfm0n+n4ACtS":{"chainKey":{"counter":10,"key":"M5Tc0br1vE5BzH8WtYIMcT+djUJZAN8NBe5jXOY64L0="},"chainType":1,"messageKeys":{}}},"pendingPreKey":{"signedKeyId":11,"baseKey":"Bf3tvt8K3l4pKJVKsfJUZB0YOUCKq/O5AhAL/U7VMRZD","preKeyId":10389548}},"BaMXqcVK6iD1r1VAb7wEiZr04N5b+4hqV0s4kd3yhLU6":{"registrationId":160322388,"currentRatchet":{"ephemeralKeyPair":{"pubKey":"BVm+aGjllXLhw1A6pwgb6yUAhzkUjLZfdNRdw18kidUE","privKey":"QBlUu7Ur6CWAeAgC3Qs5C9chDkXETycF57qR64eEf2o="},"lastRemoteEphemeralKey":"Bf559gHdOvfm3pmoYokWBUiSRw+ELY7DrRWJFdwlLZkL","previousCounter":0,"rootKey":"0801nVHvwZnlMIGSMv/Eta1sH8knPLWFg90di7HVCiI="},"indexInfo":{"baseKey":"BaMXqcVK6iD1r1VAb7wEiZr04N5b+4hqV0s4kd3yhLU6","baseKeyType":2,"closed":1762754484833,"used":1762745701731,"created":1762745701731,"remoteIdentityKey":"BS0Q+Bd66wu4Gk6dQ12CGNDLDTufsq0HCxrn7eEniR1y"},"_chains":{"Bf559gHdOvfm3pmoYokWBUiSRw+ELY7DrRWJFdwlLZkL":{"chainKey":{"counter":0,"key":"Ow2jum+OIwB9GVcqGB6S+epyHnLeOa4yxa/DKIzPhvI="},"chainType":2,"messageKeys":{}},"BVm+aGjllXLhw1A6pwgb6yUAhzkUjLZfdNRdw18kidUE":{"chainKey":{"counter":0,"key":"cvYJk5LV8m5Ar+PMy5xydS/KqGc6taMyP0PEodU4KLU="},"chainType":1,"messageKeys":{}}}},"BZ5i50qjUZbfN7m8e27RN5NIukWI1iK6enTcnicu9lwB":{"registrationId":160322388,"currentRatchet":{"ephemeralKeyPair":{"pubKey":"BTO9QYmJvWvST+n+nNsMbjTjnLbUPynqU7pb1rhuZ6xp","privKey":"2OvKxSDT7xpW7EHkbeeXj5NQKRh6IYj9U19U1Sv5Wls="},"lastRemoteEphemeralKey":"Bdp3XPESHGQrQ1h2gJG7E/cf8VDO7ny09gcejqofY6lx","previousCounter":28,"rootKey":"cgb1LV37vtztPtQCumFIj0xOvM7vz76u1gk5yF2NyyA="},"indexInfo":{"baseKey":"BZ5i50qjUZbfN7m8e27RN5NIukWI1iK6enTcnicu9lwB","baseKeyType":1,"closed":-1,"used":1762816657431,"created":1762754484824,"remoteIdentityKey":"BS0Q+Bd66wu4Gk6dQ12CGNDLDTufsq0HCxrn7eEniR1y"},"_chains":{"Bdp3XPESHGQrQ1h2gJG7E/cf8VDO7ny09gcejqofY6lx":{"chainKey":{"counter":21,"key":"ZMmUIY0XN50zwQ8nq4W5Uz4AAt3Q6zuhCfTNhVHkJaE="},"chainType":2,"messageKeys":{"0":"YPJVp/G71X2ChvbZ33RAOGxAhcdyWZVbpxS7fJn5taA=","1":"0m6Sg+Mm+5Az/e95PNH184ADTKeCHzB2trFP+bhw7uk=","2":"TgNlcPNecygitm0k0xphK3I5oNKwpFy5Mr7mxP9BJwo=","3":"bC3PVJ4zKicfLUJ2qcHSg5bVAHqtyRClPgFKLIWl2H4=","4":"33RhpsZEPT7QHWEqXGmLHdEfAJnbodG3RWBHiHMmUFk=","5":"Hb3o7J90JZbQo5xHH3JLBSO2R3BsZNr41Vw3qEFgaJE=","6":"AkkOG6dFn512RCaS9qvnIOpsNxG3SVQT8/OmXCIPtkU=","7":"CMKeyQ7WUE/0+Dks0Aks3C0N7ydHWCrcaz8S0OLKMMI=","8":"yc5QGQ8yErsy+1EDVheVTz00ubmm6kMho9jPybtnFQE=","9":"ru6aqGalkXk9R97GoBygCKH/1of1RfJklEGoTNv0DD8=","10":"1PUDgOUgaQvucHOqEp10FvhFzSlwBbxCKjfW6Oo8CLU=","11":"CBkFwhsnZHATMEXQ2UBAZp61OukeML9ogoFn7nJxpTM=","12":"qGj368ETawDtb7SBBxmqsAjCR4U97oRYup5O3F1MhfQ=","13":"DdlQ7E6pk492aIpecfNubnJrw3WQjt4H7CF3C0LEvbM=","14":"y363+JM4BVP/0L3L/aSsSWCd9xPIoYVo3A11vcx13Og=","15":"oZ34iQhHxb3h9ZXzoZ70pdUZXHEffJC+hzmDyztFmfI=","16":"VLiC1mIJWlUu4IxgyRk8FzeOt4V7gmD8gW5annr0rz4=","17":"seAyT8e2GBk8BdKBdUgWzgmeQr+nH2wjBLGQAiyVcHo=","18":"OEj6/iQWC+3jy4DcGqOcX9MzdlCy004hod/XDlKdrn0=","19":"fN1agogfugpFpDmhTmCi0+fIntD9SeCq/BvHarAFn6A=","20":"ybJgpqq1rYY01cEIfmjuZTh74w9VhIDV2e3kf/APAZ4="}},"BTO9QYmJvWvST+n+nNsMbjTjnLbUPynqU7pb1rhuZ6xp":{"chainKey":{"counter":28,"key":"dxrVwTTjUB9fQVLjDBUJPHMT4VTq0v0CcPoyYvuPXg8="},"chainType":1,"messageKeys":{}}}}},"version":"v1"}