{"_sessions":{"BXH8Y3vNFcHG6qZTcKcVGOTsBa8B5rqaJnrzH3tt5qst":{"registrationId":1100731920,"currentRatchet":{"ephemeralKeyPair":{"pubKey":"BRhBQNROwcx2MnQVn6dTbJchesyyeKBo9TxotgqDf8kM","privKey":"oFpqolkBv0PxLh8p0R75aRrexY166ah1BIKBukmqgXY="},"lastRemoteEphemeralKey":"BR7H1bXBAlVPBjbWZmtHt7hZ/g0/AQGWfmHOZK6QQohy","previousCounter":0,"rootKey":"p+mWqeFLj8rMNjgq/lguKyKfCdtHI61F2x7cjDCkYWs="},"indexInfo":{"baseKey":"BXH8Y3vNFcHG6qZTcKcVGOTsBa8B5rqaJnrzH3tt5qst","baseKeyType":2,"closed":-1,"used":1762801117419,"created":1762801117419,"remoteIdentityKey":"Bb+j7feJh9Lk/5z9M/N/szgz4OWAk9sX+t2aG4Zcy4Iy"},"_chains":{"BR7H1bXBAlVPBjbWZmtHt7hZ/g0/AQGWfmHOZK6QQohy":{"chainKey":{"counter":1,"key":"jbG7BiibjOuSnRjzYoZg/qR9rGtiZEV69cUDf5xJ6Gc="},"chainType":2,"messageKeys":{}},"BRhBQNROwcx2MnQVn6dTbJchesyyeKBo9TxotgqDf8kM":{"chainKey":{"counter":-1,"key":"SVhyrBPVH/Ql5/BPqmF1AjKvLFYutyhVpaDvUgTMa08="},"chainType":1,"messageKeys":{}}}}},"version":"v1"}