{"_sessions":{"BXY8q5TZ7SJYcrVkOoibDFvgvLHbKpOCu5ACIqRWRShT":{"registrationId":1610578882,"currentRatchet":{"ephemeralKeyPair":{"pubKey":"BdZvCT5VfjcyiICRbFpxzT+bzpk7MJF4ubNjkZs7NIFE","privKey":"aJnqose3mbNH7fWRv01GtBH/1Pg2blZJzA4VV90tGns="},"lastRemoteEphemeralKey":"BZ+kNY8wfZ/3woCAK3247AoQ8YAC6EpxKLXU3DLXJ/M/","previousCounter":0,"rootKey":"70zNXnNTsdfYVIpkiFrI/R49hpelsB7gqDv8Qh/24rY="},"indexInfo":{"baseKey":"BXY8q5TZ7SJYcrVkOoibDFvgvLHbKpOCu5ACIqRWRShT","baseKeyType":1,"closed":-1,"used":1762657598991,"created":1762657598991,"remoteIdentityKey":"BZMQSs/r8AxWGWrxTIIR97woOhko12omNmWkPTnQsl1R"},"_chains":{"BdZvCT5VfjcyiICRbFpxzT+bzpk7MJF4ubNjkZs7NIFE":{"chainKey":{"counter":19,"key":"B+3lXIQvvvIF0cj3jZUfbWW5i0GotSCh8WqON4PF7sc="},"chainType":1,"messageKeys":{}}},"pendingPreKey":{"signedKeyId":16589449,"baseKey":"BXY8q5TZ7SJYcrVkOoibDFvgvLHbKpOCu5ACIqRWRShT","preKeyId":1022448}}},"version":"v1"}