{"_sessions":{"BaPdUnBsLJF7huwfF+lZpMudR784rWQZecHAgjxquMs4":{"registrationId":193704964,"currentRatchet":{"ephemeralKeyPair":{"pubKey":"BYDcKczJsRxEQoveAGH+/FdUEgkMtqrEZSbeWamWyV40","privKey":"MAx+Tn45AepSsUTxJ39Rc9x4HCZ6VvOKE89PKUoVjEA="},"lastRemoteEphemeralKey":"BfMML/jcqWhJTBHek7OudWStyG59LjngQeOR1VktgJ1z","previousCounter":0,"rootKey":"LKpEH4jacrbnkgHsQHQTUXGeZWLhMziZ17irbYzQkh4="},"indexInfo":{"baseKey":"BaPdUnBsLJF7huwfF+lZpMudR784rWQZecHAgjxquMs4","baseKeyType":2,"closed":-1,"used":1762691597412,"created":1762691597412,"remoteIdentityKey":"BSW0g5gpgaB/TT/Jh/KTFAqzGApZHvx1CHwKFBNMIRsV"},"_chains":{"BfMML/jcqWhJTBHek7OudWStyG59LjngQeOR1VktgJ1z":{"chainKey":{"counter":0,"key":"/Ajh/6SaxCQAbm0V52A/3OYBTleOn04bk9H1ZbOk3MY="},"chainType":2,"messageKeys":{}},"BYDcKczJsRxEQoveAGH+/FdUEgkMtqrEZSbeWamWyV40":{"chainKey":{"counter":-1,"key":"RK3N9dNBssyghVx8ka8KsDAXEXZVjJX1aaYkDIpGNfw="},"chainType":1,"messageKeys":{}}}}},"version":"v1"}