{"_sessions":{"BTFyFKZuBKTG6ZrIfn+xmAGLyVl4A6gDvo0vtMwAP+w+":{"registrationId":1387601221,"currentRatchet":{"ephemeralKeyPair":{"pubKey":"BZQW53NiJgMwFkBp5buOJ3Hpg21HvHMVNPKe9Ly+XkRr","privKey":"oNzR+WqgOClIGJ3u7QppH+67GXs6UophkOcDmeLT418="},"lastRemoteEphemeralKey":"BUUBV+d1oxxnQwfbqGESWjlBrd7klBop9gkWI5YICgUs","previousCounter":0,"rootKey":"89a4APntcDReWXhSPj7FlRErS8SHhCBv+JoD+2y28yQ="},"indexInfo":{"baseKey":"BTFyFKZuBKTG6ZrIfn+xmAGLyVl4A6gDvo0vtMwAP+w+","baseKeyType":2,"closed":-1,"used":1762610896801,"created":1762610896801,"remoteIdentityKey":"BS/m4jbBd0AI8h9jJhW6QqshmIXb+5y2CtGX0rkB/PN/"},"_chains":{"BUUBV+d1oxxnQwfbqGESWjlBrd7klBop9gkWI5YICgUs":{"chainKey":{"counter":2,"key":"Zj5PGQQbRa73F+/dVayzkPxULpuIcDnu57Q52LfCFXk="},"chainType":2,"messageKeys":{}},"BZQW53NiJgMwFkBp5buOJ3Hpg21HvHMVNPKe9Ly+XkRr":{"chainKey":{"counter":-1,"key":"fRvZolmN7vb400jwAJOvIC3RRCZxTBGBg6ssBbYB38w="},"chainType":1,"messageKeys":{}}}}},"version":"v1"}