{"_sessions":{"BRblJ8eqGbaWQVhiB7O0VbgrEsvA14ZhJ4BDkZMJvRN0":{"registrationId":598299306,"currentRatchet":{"ephemeralKeyPair":{"pubKey":"BXin51X6bsh9kAP7EtQLFargVYiZlDlYHBWOmRRgcYZv","privKey":"oD4N3tB3iMIzvyp4YugqdfhkkY7iVhhWyHTfgZJHB1w="},"lastRemoteEphemeralKey":"BcillibANu3faExp00P/Rh59Flk3OafczO1OLq2QGWcI","previousCounter":0,"rootKey":"eTNtQCizsxXU1jr6JoDjhgkBPIzeY79pDGTOumn55UU="},"indexInfo":{"baseKey":"BRblJ8eqGbaWQVhiB7O0VbgrEsvA14ZhJ4BDkZMJvRN0","baseKeyType":1,"closed":-1,"used":1762783115226,"created":1762783115226,"remoteIdentityKey":"BbN1k2TDYB5E9fyQPW+1EXgiWrMEo2dbI721ui41epZ5"},"_chains":{"BXin51X6bsh9kAP7EtQLFargVYiZlDlYHBWOmRRgcYZv":{"chainKey":{"counter":1,"key":"16D4Xjnwl2U000j2voXa2Rt6o9YoGfALiZyizsuo/kQ="},"chainType":1,"messageKeys":{}}},"pendingPreKey":{"signedKeyId":2,"baseKey":"BRblJ8eqGbaWQVhiB7O0VbgrEsvA14ZhJ4BDkZMJvRN0","preKeyId":1101}}},"version":"v1"}