{"_sessions":{"BfdFS3gpx4Ta+MAGhiUE4VpqkIUdxAxfgMIn/TndRgZD":{"registrationId":356229595,"currentRatchet":{"ephemeralKeyPair":{"pubKey":"BSVPN6LY042LECBZOy/3dATv9gnbvpygt3zR0QxYLTcL","privKey":"EPX+1GJalyjBCG3a27LWsh/GorAkg73t8RTvILxUmWE="},"lastRemoteEphemeralKey":"BW/e5cnupxeUnG4uqM5mx2M79F18dZQbUYYAYcvPeFst","previousCounter":0,"rootKey":"hBmHpMryQdJlDrZhz6GaT0TJ2BbREQmkh4qMfsQrbsk="},"indexInfo":{"baseKey":"BfdFS3gpx4Ta+MAGhiUE4VpqkIUdxAxfgMIn/TndRgZD","baseKeyType":1,"closed":-1,"used":1762647873253,"created":1762647873253,"remoteIdentityKey":"BXDsY/4VFDezUYigXgChEGAL6pGiwkbPMrIMC84hwt9K"},"_chains":{"BSVPN6LY042LECBZOy/3dATv9gnbvpygt3zR0QxYLTcL":{"chainKey":{"counter":0,"key":"V01vSS0hH5sRplNqHVhjrwlbSKb5zDgnzrTJ0jG3EFI="},"chainType":1,"messageKeys":{}}},"pendingPreKey":{"signedKeyId":12,"baseKey":"BfdFS3gpx4Ta+MAGhiUE4VpqkIUdxAxfgMIn/TndRgZD","preKeyId":12992328}}},"version":"v1"}