{"_sessions":{"BcJaZDowbjmrH7me30MjYdpzTNFvtVSygHs+rhYRsEUw":{"registrationId":1594894138,"currentRatchet":{"ephemeralKeyPair":{"pubKey":"Ba86XQJi4T7MCSoiy6Wok9beVInhbnm1zDjtywB5/WMF","privKey":"uLqyZEVGsY1AGU9PNdFH0FUQBR7q9gQ3wRDxaNTo73M="},"lastRemoteEphemeralKey":"BaY36mDnSy34QDArMSCoExQnx8UleetrZUdH14aarelB","previousCounter":0,"rootKey":"rE/tZqCUSeU8mrv9RGP1+Ras0ZFAWRkbKJVEnDETez4="},"indexInfo":{"baseKey":"BcJaZDowbjmrH7me30MjYdpzTNFvtVSygHs+rhYRsEUw","baseKeyType":2,"closed":-1,"used":1762844567456,"created":1762605164536,"remoteIdentityKey":"BVLrBrnJI+D1qGKZbnyWyEgPzpMccrGIP1NtMKtWs84V"},"_chains":{"BY8knPbKaqw2IbZWTvHlauCBKSQ4FG+bCJWiXbCDN3ht":{"chainKey":{"counter":0},"chainType":2,"messageKeys":{}},"BaY36mDnSy34QDArMSCoExQnx8UleetrZUdH14aarelB":{"chainKey":{"counter":0,"key":"WSfulnfqCYufPx45OEG4t5c4ZglcIeZZYz0VK6LyIjw="},"chainType":2,"messageKeys":{}},"Ba86XQJi4T7MCSoiy6Wok9beVInhbnm1zDjtywB5/WMF":{"chainKey":{"counter":-1,"key":"tM/WibB2tSxeiDtjddDb3ZEh95JenrW5455esQ1cRcA="},"chainType":1,"messageKeys":{}}}}},"version":"v1"}