{"_sessions":{"BYzCJ7vW4Af3fGS0RtTNlxDZFcOaWk0cBm9GJSVUMyIR":{"registrationId":157651531,"currentRatchet":{"ephemeralKeyPair":{"pubKey":"BRKuilJxZj/vKt/n8NYB0K2K/YITfIlx82/Q+aPCAmgM","privKey":"UB4Hmlawb2mCq2jrQHn17FIIHuNgmZx2B5T6cpvgEmE="},"lastRemoteEphemeralKey":"BW6MhgwkIzHRHZqTItqrgAKDQVwjSY/MULX+FJZoCw1W","previousCounter":0,"rootKey":"hq8tad1wzo9cQdTo00fwIKTG/94CL+fp2vUBfCa0lDk="},"indexInfo":{"baseKey":"BYzCJ7vW4Af3fGS0RtTNlxDZFcOaWk0cBm9GJSVUMyIR","baseKeyType":2,"closed":-1,"used":1762667014773,"created":1762667014773,"remoteIdentityKey":"BesZL22pMZ5BZTHopbC5tojQEbQl/ojFJuenm2LU0cxR"},"_chains":{"BW6MhgwkIzHRHZqTItqrgAKDQVwjSY/MULX+FJZoCw1W":{"chainKey":{"counter":0,"key":"zEo5li9E0Y3leDsqAb102S6ra1TdwPtyHSMLaIa7Y5k="},"chainType":2,"messageKeys":{}},"BRKuilJxZj/vKt/n8NYB0K2K/YITfIlx82/Q+aPCAmgM":{"chainKey":{"counter":-1,"key":"JTzXwdFu9DrELRDHHXFgR0d/GMQWeOo38rGazST+viU="},"chainType":1,"messageKeys":{}}}}},"version":"v1"}