{"_sessions":{"BeACsDtQPZZsZzNVx2NgfpN9+WQIPsuzQGVS1lO9InYP":{"registrationId":256643745,"currentRatchet":{"ephemeralKeyPair":{"pubKey":"BbemdH6C9scP82ba6o18mDpzBgQRrz954xT3Rvm1/H59","privKey":"2LNlG7Kt2cT6ya6kYFClZ+MHlaFtnRJABOAVd8dpiGU="},"lastRemoteEphemeralKey":"BcxbyNda9FxthFwFbf2FuoXAEMQeOdcZY+HkSNmnSv4r","previousCounter":0,"rootKey":"J+RMYPNuJV2UHD/s6J8k00ErQ0V4zlOBq0XRpdym2H0="},"indexInfo":{"baseKey":"BeACsDtQPZZsZzNVx2NgfpN9+WQIPsuzQGVS1lO9InYP","baseKeyType":2,"closed":-1,"used":1762689304937,"created":1762689304937,"remoteIdentityKey":"BZqojDgYBYEcY4bKV6mgDFoo3yxCxtXH2nr0OZvj4aNT"},"_chains":{"BcxbyNda9FxthFwFbf2FuoXAEMQeOdcZY+HkSNmnSv4r":{"chainKey":{"counter":0,"key":"D3X8GPtRdLFb+9xTa9c9A1inrctGTnnPmw0XTyLXG5E="},"chainType":2,"messageKeys":{}},"BbemdH6C9scP82ba6o18mDpzBgQRrz954xT3Rvm1/H59":{"chainKey":{"counter":-1,"key":"at7N1Wzb0ug2+2+1cZdMhHD37GxkwvP4grZHwI8CzZs="},"chainType":1,"messageKeys":{}}}}},"version":"v1"}