{"_sessions":{"BUMiKEUmYobPuh5w5nKGyvInJ0DUUjvwQjvQF86nYmMP":{"registrationId":1242677443,"currentRatchet":{"ephemeralKeyPair":{"pubKey":"BbU1qHEGTQE333rWJKqrNiBqIy9OxUwr0bTT+Pk6NdpQ","privKey":"mB7/O+Ru7tFKdNVrCulDrasFIGYUzfUYGGuq+t/EUno="},"lastRemoteEphemeralKey":"BanWN30m0cKES9TN7j3YJCiWqli1O5fcAB4l5pZTdT52","previousCounter":0,"rootKey":"8s/THQR1efuAA7eEiV3sxEMcKhdAYF5hPBXRp8Y2/Q8="},"indexInfo":{"baseKey":"BUMiKEUmYobPuh5w5nKGyvInJ0DUUjvwQjvQF86nYmMP","baseKeyType":1,"closed":1762849709885,"used":1762849707081,"created":1762849707081,"remoteIdentityKey":"BcUZAUTIXgcJwhqoEqjisgCKeMV5uNXXpTsqspWdHTYq"},"_chains":{"BbU1qHEGTQE333rWJKqrNiBqIy9OxUwr0bTT+Pk6NdpQ":{"chainKey":{"counter":0,"key":"1Pa+6uU82j7S4FqLg/a3i7EkOEz3YOm0fcRk2mQDkvg="},"chainType":1,"messageKeys":{}}},"pendingPreKey":{"signedKeyId":11,"baseKey":"BUMiKEUmYobPuh5w5nKGyvInJ0DUUjvwQjvQF86nYmMP","preKeyId":12414551}},"BfA7fCrrm7OdfLLeZz1R/CKBdqWpI04P/+d4d1jiZYR6":{"registrationId":1242677443,"currentRatchet":{"ephemeralKeyPair":{"pubKey":"BUn/JJwqH2NeDA8VFYylK76A+j0iKSG023421LAqQQkt","privKey":"WD90+RSRUTmoOG412ZVv5iRlnxT9p2slhuwrap1R2n4="},"lastRemoteEphemeralKey":"BfwpzqQWp1CMRBnTdEautiACDfj8BLaC/YC9oMbNbQoz","previousCounter":2,"rootKey":"lVtHodib8HO+LPbbWmllgzs70kRuVHVdeQSL3O8AfJA="},"indexInfo":{"baseKey":"BfA7fCrrm7OdfLLeZz1R/CKBdqWpI04P/+d4d1jiZYR6","baseKeyType":2,"closed":-1,"used":1762849723372,"created":1762849709972,"remoteIdentityKey":"BcUZAUTIXgcJwhqoEqjisgCKeMV5uNXXpTsqspWdHTYq"},"_chains":{"BdC8J9n3SVDDXQM0pmC3kq4juY3/CgwtvHqn7KRQh7sf":{"chainKey":{"counter":0},"chainType":2,"messageKeys":{}},"BfwpzqQWp1CMRBnTdEautiACDfj8BLaC/YC9oMbNbQoz":{"chainKey":{"counter":0,"key":"7xzfC9t/IHfEHBR00h8ORytwWcNGuoQCDz/4njFaVCk="},"chainType":2,"messageKeys":{}},"BUn/JJwqH2NeDA8VFYylK76A+j0iKSG023421LAqQQkt":{"chainKey":{"counter":1,"key":"Zd6lpJuOH/dvZLfbGdOC89OQdaBdpJRkFUK4U5UZBWg="},"chainType":1,"messageKeys":{}}}}},"version":"v1"}