{"_sessions":{"BWX9+FK/DlseqaGd/WsBce74vrvYYlaSIB3IfvbdWgkL":{"registrationId":627434490,"currentRatchet":{"ephemeralKeyPair":{"pubKey":"Bc97tZJlFnDEhIHz3hduMP2zdfS4rpIzXh8uK/iritIA","privKey":"YIMEV4cnTV5Ax+H208jxvnZwFXCHJ2NiRFGqPPaSaEs="},"lastRemoteEphemeralKey":"BdysAkg+mEZCrHQhyw4dAYb0dqxlc7p0fmS0E+tGxiV6","previousCounter":0,"rootKey":"8xBcufvlcoNYrQBM4JQY4+9b8sVpK+D8jewAgECqShc="},"indexInfo":{"baseKey":"BWX9+FK/DlseqaGd/WsBce74vrvYYlaSIB3IfvbdWgkL","baseKeyType":2,"closed":-1,"used":1762659571811,"created":1762659571811,"remoteIdentityKey":"BVv/ixEhOw+IvwDEUx7Bc/KZsCmjh5VX8G9TBuK4XN0k"},"_chains":{"BdysAkg+mEZCrHQhyw4dAYb0dqxlc7p0fmS0E+tGxiV6":{"chainKey":{"counter":4,"key":"iMqaE9WjaXK/Z2V7UO7cIEHwpvcLbLKlxamNxN+vAkc="},"chainType":2,"messageKeys":{}},"Bc97tZJlFnDEhIHz3hduMP2zdfS4rpIzXh8uK/iritIA":{"chainKey":{"counter":-1,"key":"lnnXcvoL4qeJLza520noX+C81aFblZ6PDjTI42+dmdg="},"chainType":1,"messageKeys":{}}}}},"version":"v1"}