{"_sessions":{"BcE7G6+oVLVi8KfCt9GrSFuEdLnzZOKbfXphCutGhzcb":{"registrationId":342135251,"currentRatchet":{"ephemeralKeyPair":{"pubKey":"BZik93aweEgWwUzkn9GKGfnkEOtM71511jdhjab6AKRX","privKey":"wPcu8X4e6BlrBpdG+0n9DkshMOU7Y1dbk3DdAf/ZbmU="},"lastRemoteEphemeralKey":"BaguI7qIMKq6If0gU9FDnznScJkfx4PhoqmwPcLPrBtA","previousCounter":0,"rootKey":"uRvlB1nKgyKoJ+52H3JEbhx9de8yZGOmVG4OIUJ+ook="},"indexInfo":{"baseKey":"BcE7G6+oVLVi8KfCt9GrSFuEdLnzZOKbfXphCutGhzcb","baseKeyType":2,"closed":-1,"used":1762691378248,"created":1762691378248,"remoteIdentityKey":"BZJ6fc7Gq+Oyt9ys05M9aNgT/5oa8PutsvF0kCfVg1Zs"},"_chains":{"BaguI7qIMKq6If0gU9FDnznScJkfx4PhoqmwPcLPrBtA":{"chainKey":{"counter":0,"key":"GpK7ftf2kqBOTcowmCQzSvrO6Rj0l/YY81hVRV971yU="},"chainType":2,"messageKeys":{}},"BZik93aweEgWwUzkn9GKGfnkEOtM71511jdhjab6AKRX":{"chainKey":{"counter":-1,"key":"+ANqjzsmdpta0acYthhbteALhYwd+FE12UqjffRk7YI="},"chainType":1,"messageKeys":{}}}}},"version":"v1"}