{"_sessions":{"BTr+8EUNIIbCGl45hzLX3w+H3qPWaaz+oThMlKyEuIRi":{"registrationId":658679413,"currentRatchet":{"ephemeralKeyPair":{"pubKey":"BQyzXnz/JRYR+C0IqraicM19paOF8yjPd7qInPBYafp3","privKey":"WHd9oJ5RTwt+Z5flz1mPyTOuMRBdW/N5e0pt6tjtHGs="},"lastRemoteEphemeralKey":"BcA1YfxbebQvEohzcXMR58jXIxMZJAC1S1pXIiVAIwxe","previousCounter":0,"rootKey":"q1G8i6Q/EJmp+dZgL0e/zvqf4bR/dNx9PpGHhzF3S4A="},"indexInfo":{"baseKey":"BTr+8EUNIIbCGl45hzLX3w+H3qPWaaz+oThMlKyEuIRi","baseKeyType":2,"closed":-1,"used":1762851498298,"created":1762851498297,"remoteIdentityKey":"Bd4g/Ac0aqeSBEIeg5oyLabLRpoKUpRjmKL+lFh9afwH"},"_chains":{"BcA1YfxbebQvEohzcXMR58jXIxMZJAC1S1pXIiVAIwxe":{"chainKey":{"counter":2,"key":"FR15gY8xb8+5yKLd+dEkdi9pYAKe6k6x+4HofyqDOKs="},"chainType":2,"messageKeys":{"0":"eIgLaLReXf43prGGJO5JOylYNeVKvMClA1n9VnM4cC0=","1":"ZAQ9QlNdCey3FvMxKuUe9ReOFA8UOXtqDTJCpqPaZX0="}},"BQyzXnz/JRYR+C0IqraicM19paOF8yjPd7qInPBYafp3":{"chainKey":{"counter":-1,"key":"4qqipXPrNShvscFssjFGtjuNVmb4dHLiqhIPJQa5gOY="},"chainType":1,"messageKeys":{}}}}},"version":"v1"}