{"_sessions":{"Bf08/YiTjPhwmBnaZZwZEDw6lskE6ZsNg5HUWhP93aR1":{"registrationId":1461470870,"currentRatchet":{"ephemeralKeyPair":{"pubKey":"BcdmuZEoYGE0dP6sP0YBHE5QVR03porThC54+D1Cy7l6","privKey":"4IIKDcsctu+xNmil8IaIegPyeE4B+VtNPX3LzSJVh2s="},"lastRemoteEphemeralKey":"BQfsJKJxzHQDcPWHY79f8l8IaSkpOOYZ4zXQuc4+rzp7","previousCounter":6,"rootKey":"Cs2+WMgcfNI+Zl1PmWMGc+msaPDqvEKrLKMV9CXX67A="},"indexInfo":{"baseKey":"Bf08/YiTjPhwmBnaZZwZEDw6lskE6ZsNg5HUWhP93aR1","baseKeyType":1,"closed":-1,"used":1762793560468,"created":1762657598283,"remoteIdentityKey":"BQNAga81KD+Bjiln6BtmEoYkVkSwgQxH9bGQzhGclTcQ"},"_chains":{"BQfsJKJxzHQDcPWHY79f8l8IaSkpOOYZ4zXQuc4+rzp7":{"chainKey":{"counter":0,"key":"nvyIQ+x5HzkIe7SJNk9jH245Ql7ENEmzABex/Jqwr50="},"chainType":2,"messageKeys":{}},"BcdmuZEoYGE0dP6sP0YBHE5QVR03porThC54+D1Cy7l6":{"chainKey":{"counter":12,"key":"CXy/KJURmr/5yJZaxnwCmC0Hcjz/Kf6WTQE79AH8Vhc="},"chainType":1,"messageKeys":{}}}}},"version":"v1"}