{"_sessions":{"BWBaswwLRp0wtTyabm/rA+zZDghBjiZIIZ7JyrnqT4Qt":{"registrationId":26,"currentRatchet":{"ephemeralKeyPair":{"pubKey":"BbefRtspbFQ3wuqMG/cdNhaEM5WdxTuonRcgNtit3Y5L","privKey":"qIFUQ6DaqVi2PNvxuNx9Doyfb8hNJWCmPnmj80hm0nY="},"lastRemoteEphemeralKey":"BfrKA7pzcAxsReo5mXK0JbAJ04HA1o5Eo9OxyQdol6wH","previousCounter":0,"rootKey":"nobquqEcTs0JEIY6+c83eS2/8KSQSvV9QycjGINXsJc="},"indexInfo":{"baseKey":"BWBaswwLRp0wtTyabm/rA+zZDghBjiZIIZ7JyrnqT4Qt","baseKeyType":1,"closed":-1,"used":1762657599189,"created":1762657599189,"remoteIdentityKey":"BaAW+phJQLc6bRcgVdD78F0ivTypHY6zwaKikNc7M7oc"},"_chains":{"BbefRtspbFQ3wuqMG/cdNhaEM5WdxTuonRcgNtit3Y5L":{"chainKey":{"counter":19,"key":"6dbMpfpwQuv1mvZmHNgx0A8tMkW2QyiPh9V0sioaZnM="},"chainType":1,"messageKeys":{}}},"pendingPreKey":{"signedKeyId":1,"baseKey":"BWBaswwLRp0wtTyabm/rA+zZDghBjiZIIZ7JyrnqT4Qt"}}},"version":"v1"}