{"_sessions":{"BWwutuNdoviMB3GZpuGhbVcLMD4NaumqbagOz+MH7Kp8":{"registrationId":2071517932,"currentRatchet":{"ephemeralKeyPair":{"pubKey":"BUkCuawh9Qstd0M0p3aW7oe3XHNPvsS0oatF9DRHEjxk","privKey":"sCY0WAKbB+BVtOUz8ejvhiSxSZqrEUsVsG6FRgZ30kA="},"lastRemoteEphemeralKey":"BQ1cwV8w2c061IzGHQctLXMLULMP4ogdX1DIYG+ZACNq","previousCounter":0,"rootKey":"1e3vMGeZtcOgALHmbHlYayo6KrMncX5EzIxbffmL0Ns="},"indexInfo":{"baseKey":"BWwutuNdoviMB3GZpuGhbVcLMD4NaumqbagOz+MH7Kp8","baseKeyType":1,"closed":-1,"used":1762612576873,"created":1762612576873,"remoteIdentityKey":"BZdBJuZFGJuGlJVeBL2svvetQgrmoj75kxNLYMGU45NK"},"_chains":{"BUkCuawh9Qstd0M0p3aW7oe3XHNPvsS0oatF9DRHEjxk":{"chainKey":{"counter":0,"key":"0zCKT2y7KU3bA4/WuvOdC/87UISLVObqcpDruqHu9sQ="},"chainType":1,"messageKeys":{}}},"pendingPreKey":{"signedKeyId":5,"baseKey":"BWwutuNdoviMB3GZpuGhbVcLMD4NaumqbagOz+MH7Kp8","preKeyId":4686333}}},"version":"v1"}