{"_sessions":{"BXCJJMzcvR3qTXKEPnaVsjC6P4ToivNUUxq9FTvgTwNs":{"registrationId":1348105996,"currentRatchet":{"ephemeralKeyPair":{"pubKey":"BV3DHiJ70x9UpdVybHKmyyAi2vLMKeSji1m9Pn1ZJAds","privKey":"kOWK7VXH7a22NClydDznbS3tuaIwk1NaSErI4jLDM28="},"lastRemoteEphemeralKey":"BSJXR9o9VoLwJxZvFrIU9kj73gYAK9E3bKdL6uJQXxZx","previousCounter":0,"rootKey":"unTGP0Kkg73KY/lAXpobSVtzRkvXavMvF+y9HgpBUds="},"indexInfo":{"baseKey":"BXCJJMzcvR3qTXKEPnaVsjC6P4ToivNUUxq9FTvgTwNs","baseKeyType":2,"closed":-1,"used":1762663396864,"created":1762663396864,"remoteIdentityKey":"BTx/u9YgtJ9WyTLRg9tfCGeOjXe2xF+vjqp9h5MkqjtK"},"_chains":{"BSJXR9o9VoLwJxZvFrIU9kj73gYAK9E3bKdL6uJQXxZx":{"chainKey":{"counter":6,"key":"7ajgySbJHV6A5S9AVYTzBIiOcikTZZ9EHxuzwWV0/HY="},"chainType":2,"messageKeys":{}},"BV3DHiJ70x9UpdVybHKmyyAi2vLMKeSji1m9Pn1ZJAds":{"chainKey":{"counter":-1,"key":"PqPY5/Bz702dYBhXjq4xBV2GmLjFRxgQ5LbdSwMI1bQ="},"chainType":1,"messageKeys":{}}}}},"version":"v1"}