{"_sessions":{"BYgfD3HvbwjA4E5YAAAz87+Xz0DZTRwMJDNzOk5Gt5YC":{"registrationId":1278809458,"currentRatchet":{"ephemeralKeyPair":{"pubKey":"BS0BAJI7zmx3Lfl9MJg+pSpXgcGM7RUl9TY6Bch6wtUM","privKey":"sHUgxhuNloNfL4drvxLtjKyxe/SFvrHzAL6UWSPSYmo="},"lastRemoteEphemeralKey":"Bf2EAmoWPvRXSGNP+7Yg+ljtswGxisbIO3vytBY7NGNO","previousCounter":0,"rootKey":"coOFPdCE+gP8vlHehah14wujeiVn0WpgZIEnuPghsB0="},"indexInfo":{"baseKey":"BYgfD3HvbwjA4E5YAAAz87+Xz0DZTRwMJDNzOk5Gt5YC","baseKeyType":2,"closed":-1,"used":1762733170401,"created":1762733170401,"remoteIdentityKey":"BWxZI/IgFGf9oFuWh0BjLzE3POfGj+I9qG3nzHe4hJx4"},"_chains":{"Bf2EAmoWPvRXSGNP+7Yg+ljtswGxisbIO3vytBY7NGNO":{"chainKey":{"counter":0,"key":"OJaNaZ8xLrUDLJfIDu93oIwoL5raI6cpUFflznxGIRA="},"chainType":2,"messageKeys":{}},"BS0BAJI7zmx3Lfl9MJg+pSpXgcGM7RUl9TY6Bch6wtUM":{"chainKey":{"counter":-1,"key":"xH3vN/+TV3uvaUmQz4Kw4P7/Zck+QGJYIhlyOMHDVpw="},"chainType":1,"messageKeys":{}}}}},"version":"v1"}