{"_sessions":{"BRaCOBep5ghhIzO98rOKvJZ7g6g/CJbUJzLpQon07xcf":{"registrationId":540710238,"currentRatchet":{"ephemeralKeyPair":{"pubKey":"BabKWG8w1fhTLXGY6/77iulMrrmcrFYzBVT/mCGPg9U5","privKey":"QKRBm2iDSAz9FrVOuyhY2AMJT7xFt/tNI3CXw+uBolc="},"lastRemoteEphemeralKey":"BSi9S/DXjnZYcS8GoRf0tF4n7sWbjDnL1tfrS5wbT2tP","previousCounter":0,"rootKey":"EYNzOWQICrsVkZA2Suf0wnIe30Hbe6wiBVEDuvHtg9Y="},"indexInfo":{"baseKey":"BRaCOBep5ghhIzO98rOKvJZ7g6g/CJbUJzLpQon07xcf","baseKeyType":2,"closed":-1,"used":1762814486923,"created":1762814486923,"remoteIdentityKey":"BW8blOCsQDXNj+wUjZeMgBwoZSIJCZ+ufG7VAwfE3+Ey"},"_chains":{"BSi9S/DXjnZYcS8GoRf0tF4n7sWbjDnL1tfrS5wbT2tP":{"chainKey":{"counter":0,"key":"/ifQChWwXFoBfz+GHNf93DTmBtVbCQUa6J853himxV4="},"chainType":2,"messageKeys":{}},"BabKWG8w1fhTLXGY6/77iulMrrmcrFYzBVT/mCGPg9U5":{"chainKey":{"counter":-1,"key":"XWdBsNMxWQ2lJyHKM/ncqe6qeGzFxp1PqsXkxMD9jas="},"chainType":1,"messageKeys":{}}}}},"version":"v1"}