{"_sessions":{"BVztFjYg/w+XSNWIdtaU7pJlI/mVrgNPKX/NN3OPVVRj":{"registrationId":384937745,"currentRatchet":{"ephemeralKeyPair":{"pubKey":"BT48EIJpBb55pgOuKZsDvhFdQZJdizZD8/t0ESpeQi5E","privKey":"4J4EsxFkEIXluUuA+wDSDwbh3u1G7A1O3MV7S015w14="},"lastRemoteEphemeralKey":"Be88ZvUeBWE6gPMtOcLlj+bxQ6mkc2w1CRkYIzjuZd4b","previousCounter":0,"rootKey":"eZF0hJQtS8n/cZ3CaOFox2ywDaVLWZsShRw2L+UVLas="},"indexInfo":{"baseKey":"BVztFjYg/w+XSNWIdtaU7pJlI/mVrgNPKX/NN3OPVVRj","baseKeyType":1,"closed":-1,"used":1762612576708,"created":1762612576708,"remoteIdentityKey":"BRj5Ap0e9wFCafXYx/MYNm3xtR/V8ujwEROhgOdtUQkN"},"_chains":{"BT48EIJpBb55pgOuKZsDvhFdQZJdizZD8/t0ESpeQi5E":{"chainKey":{"counter":0,"key":"qjHmoczphtYM1VqysxWGQ60g791A+ZOY4I4wbru1r3M="},"chainType":1,"messageKeys":{}}},"pendingPreKey":{"signedKeyId":412253,"baseKey":"BVztFjYg/w+XSNWIdtaU7pJlI/mVrgNPKX/NN3OPVVRj","preKeyId":4759}}},"version":"v1"}