{"_sessions":{"Bb0m+J+PMbt3fa19Xfd2TMqQCZagYQDjc0GwaKPySmwc":{"registrationId":380502774,"currentRatchet":{"ephemeralKeyPair":{"pubKey":"BaJQ1h4LYcbLZvGWMenA77xa7hrlQJY+hJGdW/2F3sMf","privKey":"yHwKgJe1fpl08X+epTjTJGS2KGaZFV0UqBbSk10l+2U="},"lastRemoteEphemeralKey":"BXeu0v4G4nk4mLUcxgQqBSRpmMM4T93iA2pKPBsRzCpQ","previousCounter":0,"rootKey":"M35NqoxtlBhay+D+Ofi0jKyUwO0QywUfL96jLWQtJG0="},"indexInfo":{"baseKey":"Bb0m+J+PMbt3fa19Xfd2TMqQCZagYQDjc0GwaKPySmwc","baseKeyType":2,"closed":-1,"used":1762646535333,"created":1762646535333,"remoteIdentityKey":"BYw3w/UU1jITWexajBFJuE+szQaITPHAQt9qfwv1oWwc"},"_chains":{"BXeu0v4G4nk4mLUcxgQqBSRpmMM4T93iA2pKPBsRzCpQ":{"chainKey":{"counter":2,"key":"DNFre0TsUmqvW7gfGxFAv2nyzmEs0FJPBUuWz0O7dx8="},"chainType":2,"messageKeys":{}},"BaJQ1h4LYcbLZvGWMenA77xa7hrlQJY+hJGdW/2F3sMf":{"chainKey":{"counter":-1,"key":"HAmb48Dg3V/a0Pcee27o8yfsVi/JoEq3gIHF7d/jQPo="},"chainType":1,"messageKeys":{}}}}},"version":"v1"}