{"_sessions":{"BYsYjy093Ethu3O13yitjEwJDqjHZte8lXuaDwncO0Jb":{"registrationId":914298170,"currentRatchet":{"ephemeralKeyPair":{"pubKey":"BQqSggYIUG1eZqozEXXG82y74oP07VkSs30O6AX6EWR0","privKey":"OIN3kJJw+/kZSG31ciZ3J7X9yRkKP7+fIW9cWpCjjn0="},"lastRemoteEphemeralKey":"BaLpeI2dpRjzWBFr8OI+ofrr0CatsrArxHyMxA/gJ+NU","previousCounter":0,"rootKey":"7kJ792KRmzHP4gLmn2ilbLoHLvyOyiMyKgYMpj/oPDA="},"indexInfo":{"baseKey":"BYsYjy093Ethu3O13yitjEwJDqjHZte8lXuaDwncO0Jb","baseKeyType":1,"closed":-1,"used":1762655904472,"created":1762647873261,"remoteIdentityKey":"Bd2uMnYY03WWfWle5ex+Ynu/pt0X5GWEJdbH1o/uPbID"},"_chains":{"BaLpeI2dpRjzWBFr8OI+ofrr0CatsrArxHyMxA/gJ+NU":{"chainKey":{"counter":0,"key":"N08sDSroMzWNt4Xb7BcEwFXU5k/Cnb0iEqetloEFOI8="},"chainType":2,"messageKeys":{}},"BQqSggYIUG1eZqozEXXG82y74oP07VkSs30O6AX6EWR0":{"chainKey":{"counter":-1,"key":"6mVoOYvgcuK3QpyJTN0O+vf3MzrYo5XLNcZ2xGA/k5Y="},"chainType":1,"messageKeys":{}}}}},"version":"v1"}