{"_sessions":{"BfCWkq4BGqSIelGJDM7nlqoG3Cbj6jCRyGt5tPa5s1E7":{"registrationId":187,"currentRatchet":{"ephemeralKeyPair":{"pubKey":"BTJ22PRr71KbtlQ2HNTHXittmpJDqF1fKmD79XxaNikI","privKey":"WHrMA4o4mpyOAH19sg9kGeCusVO+UhvF3AFt7E77Rn4="},"lastRemoteEphemeralKey":"BSOoblvmOOUTShUXE1QbpNznSe437EObfWA8ekhXZl4k","previousCounter":0,"rootKey":"ElGuetVPJM8A25b9wX4umgXr3hfwoLhhdyBCfEfq1F8="},"indexInfo":{"baseKey":"BfCWkq4BGqSIelGJDM7nlqoG3Cbj6jCRyGt5tPa5s1E7","baseKeyType":1,"closed":-1,"used":1762605268681,"created":1762605268681,"remoteIdentityKey":"BRq01/2xwhym1jFK4v6HfLo07Qho5ath/Jv6wzMrv+xQ"},"_chains":{"BTJ22PRr71KbtlQ2HNTHXittmpJDqF1fKmD79XxaNikI":{"chainKey":{"counter":21,"key":"6nnyY4QPc0oQPg4a0Nbm4gW1kLcZUhW1uepYdkyNSr8="},"chainType":1,"messageKeys":{}}},"pendingPreKey":{"signedKeyId":1,"baseKey":"BfCWkq4BGqSIelGJDM7nlqoG3Cbj6jCRyGt5tPa5s1E7"}}},"version":"v1"}