{"_sessions":{"BeTmZW5qYmjqabOszu+1ZHa5UV0LWqFfEVFtIOH9Duw5":{"registrationId":505413385,"currentRatchet":{"ephemeralKeyPair":{"pubKey":"BY+EruBt91ukdBr2Ctaw+XiPg33ynMWdrttcgUzHKZNH","privKey":"OPCrRej51Osn6AUniNWQ/gEBIkHU0Kf5xFbVAp+s3mU="},"lastRemoteEphemeralKey":"BVRWppY9pfyUAEM/wKjzaABw+CgHjBfzpRfo8KDn3yZ3","previousCounter":0,"rootKey":"NYGp8C2M7o5uIbN7bBzYsZX9nfvo6uKqwHs0x1+0kzM="},"indexInfo":{"baseKey":"BeTmZW5qYmjqabOszu+1ZHa5UV0LWqFfEVFtIOH9Duw5","baseKeyType":2,"closed":-1,"used":1762846789257,"created":1762846789257,"remoteIdentityKey":"BewD2ReX8fo/dtAaOP70zduLbsr60h32MBV+9z8RypNu"},"_chains":{"BVRWppY9pfyUAEM/wKjzaABw+CgHjBfzpRfo8KDn3yZ3":{"chainKey":{"counter":0,"key":"id4A9nU7fMhwjHPW6Gjs/UVOifpAG6/Kuxx63T2H7z4="},"chainType":2,"messageKeys":{}},"BY+EruBt91ukdBr2Ctaw+XiPg33ynMWdrttcgUzHKZNH":{"chainKey":{"counter":-1,"key":"AEt6aLVffoNVOhAaI02YQVB8/LnuuGCTxo/SwIkFbFQ="},"chainType":1,"messageKeys":{}}}}},"version":"v1"}