{"_sessions":{"BdnI98qKlfpCsETO82uspdkcAb7AY93SfJan7JBlRKop":{"registrationId":11172255,"currentRatchet":{"ephemeralKeyPair":{"pubKey":"Bb8MPpYUA0XUJ8l2HUp5/PTh3d7/de/xcPvEmCABr5Fg","privKey":"8Ge5yIU2fUGSIXjKfdEm0wWpTqa52TI6fnfdJXlRuVg="},"lastRemoteEphemeralKey":"BZyE9MHkWVBepJoO8R6m1tE4qL4bI+sw3QmgDYHKRnZL","previousCounter":0,"rootKey":"q8IB/N0ucSIXLUIzmCTLfuwexGPUqQ0APzzR7CsOY/Y="},"indexInfo":{"baseKey":"BdnI98qKlfpCsETO82uspdkcAb7AY93SfJan7JBlRKop","baseKeyType":2,"closed":-1,"used":1762688338258,"created":1762688338258,"remoteIdentityKey":"BdZ5+bppYgj4ZY9PCjXv/ezD1TAWroxlzA+pSCXxWDsx"},"_chains":{"BZyE9MHkWVBepJoO8R6m1tE4qL4bI+sw3QmgDYHKRnZL":{"chainKey":{"counter":2,"key":"vBklkDp3BSFdaY3ZS030pE3C3x8lNtu9PnxxvirPMUE="},"chainType":2,"messageKeys":{}},"Bb8MPpYUA0XUJ8l2HUp5/PTh3d7/de/xcPvEmCABr5Fg":{"chainKey":{"counter":-1,"key":"+fQnBLg3PaUP8Yg3acleY8JkGKSjYZ3uUJSFn9SUolE="},"chainType":1,"messageKeys":{}}}}},"version":"v1"}