{"_sessions":{"BSXG7qgYSo1n+lAkWxZ+kuln8Jnp3MdxiXDpwJ3RYWob":{"registrationId":6723,"currentRatchet":{"ephemeralKeyPair":{"pubKey":"BSRDl2AVTE2qKnDQcNgJtVxWVPSQFv7huNQajV5fqEYa","privKey":"EBmQ9ATSJFEyGo198W9jiaZNQBf9kxrAfouVN8hMp0Q="},"lastRemoteEphemeralKey":"BR5tFmFrOUm4nsXiv6U/KLfC2chIjxAtf949WAEC/ZA7","previousCounter":0,"rootKey":"EwKIxb4Orj0Hdd7fH/m0hCc/Q2trhUVCAaG7k+6ImOI="},"indexInfo":{"baseKey":"BSXG7qgYSo1n+lAkWxZ+kuln8Jnp3MdxiXDpwJ3RYWob","baseKeyType":1,"closed":-1,"used":1762657599084,"created":1762657599084,"remoteIdentityKey":"Bf89uHdwD/cIHfApMAOojoI+PQo6L0k/W1bpFzUAnjNz"},"_chains":{"BSRDl2AVTE2qKnDQcNgJtVxWVPSQFv7huNQajV5fqEYa":{"chainKey":{"counter":19,"key":"c+bNh9VEY/eKyau64TdBYkc8UrEqbWAgt0xoCWYIkdo="},"chainType":1,"messageKeys":{}}},"pendingPreKey":{"signedKeyId":1,"baseKey":"BSXG7qgYSo1n+lAkWxZ+kuln8Jnp3MdxiXDpwJ3RYWob"}}},"version":"v1"}