{"_sessions":{"BQrN6ydnsQi/pfw1gdRaYlIKFHmVjLlEMO2miyWiIihl":{"registrationId":328648829,"currentRatchet":{"ephemeralKeyPair":{"pubKey":"BXuUcoR02mHPjhF6YSbfJGoSdTymrmN56gH8JYkj8v9N","privKey":"QKafGgqD711d7ooTE3NhoHzAuPJax2Q5NcBdVboRpUg="},"lastRemoteEphemeralKey":"BcCs7eYTahumjpDCueOXRApi4mFhRRURg+pAZ9Am8a4H","previousCounter":0,"rootKey":"p6NP5ozQjgmV+AtHZr7eZVOyYGN5w0JVfjyaU/eGsh0="},"indexInfo":{"baseKey":"BQrN6ydnsQi/pfw1gdRaYlIKFHmVjLlEMO2miyWiIihl","baseKeyType":2,"closed":-1,"used":1762831439988,"created":1762831439988,"remoteIdentityKey":"BTjg+4YriMfU8oIvFnysgEaPYJAmF9HgyANnrl1FMz1+"},"_chains":{"BcCs7eYTahumjpDCueOXRApi4mFhRRURg+pAZ9Am8a4H":{"chainKey":{"counter":0,"key":"hlIP0uZQlz7qPAIZAn/i8WFpyeSoaZ5Ifd5UhhLX2fQ="},"chainType":2,"messageKeys":{}},"BXuUcoR02mHPjhF6YSbfJGoSdTymrmN56gH8JYkj8v9N":{"chainKey":{"counter":-1,"key":"TRgQk73PjdmNdxFU4eeC9FhiX9zNM9gTSCBhRYu5PsQ="},"chainType":1,"messageKeys":{}}}}},"version":"v1"}