{"_sessions":{"BbHNczqY/Z7TZQgR//HA9+zsJdj55jNOLfErjxtt4Gdp":{"registrationId":47,"currentRatchet":{"ephemeralKeyPair":{"pubKey":"Bepg66YAMTQAMg10KWcZt7JKOKQ3iVWHQJF4R6HJgKwi","privKey":"MM7eO8FuHuSIA1HuT7wFP7JoTsNufslp8Rqpy2kTRlw="},"lastRemoteEphemeralKey":"BfTc2OxmuUZqYDb+gRrswEghsI9fMy+19onvH7lJ6XNl","previousCounter":0,"rootKey":"pGfbG6gHCKS4b0s9VmzaH1i41omf4mwfm8sQZWroWVM="},"indexInfo":{"baseKey":"BbHNczqY/Z7TZQgR//HA9+zsJdj55jNOLfErjxtt4Gdp","baseKeyType":1,"closed":-1,"used":1762657599274,"created":1762657599274,"remoteIdentityKey":"BVl0VggqEJwPrwTUSEXzInLDz+BI8nSSW5ofy1aglYcF"},"_chains":{"Bepg66YAMTQAMg10KWcZt7JKOKQ3iVWHQJF4R6HJgKwi":{"chainKey":{"counter":19,"key":"0OfbPjnOUOx6S4h4KWea7AjqmzXEqNyDcmkNGtHrVGg="},"chainType":1,"messageKeys":{}}},"pendingPreKey":{"signedKeyId":1,"baseKey":"BbHNczqY/Z7TZQgR//HA9+zsJdj55jNOLfErjxtt4Gdp"}}},"version":"v1"}