{"_sessions":{"BVNcUjPpEThW+EZTYEoTB8OWYooGPMkRTwHzM4ehQgIS":{"registrationId":388485524,"currentRatchet":{"ephemeralKeyPair":{"pubKey":"BelNUgkrYBLr7Di99reiZAJfqnDDR34zW2c9GVqdxNNy","privKey":"0L/Ed5+3CBqlSLxGyXgoFD6z5qkPb+17eLXMun90hWA="},"lastRemoteEphemeralKey":"BfzTJnJHvXohoKpB6/nfCLEkHVCEI43DCt9dHwriWvMI","previousCounter":0,"rootKey":"uNnzjaT57K9hUk3FOPtxmQLhscTLzx2YlVEOlP6HiH8="},"indexInfo":{"baseKey":"BVNcUjPpEThW+EZTYEoTB8OWYooGPMkRTwHzM4ehQgIS","baseKeyType":2,"closed":-1,"used":1762639963561,"created":1762639963561,"remoteIdentityKey":"BaSNbme73uQHOW8k0jAW6fdYty0jxFrEu+gFYmyLXRIO"},"_chains":{"BfzTJnJHvXohoKpB6/nfCLEkHVCEI43DCt9dHwriWvMI":{"chainKey":{"counter":16,"key":"Uof/5zZIcIwzrcT6MnR+N4hf898ewRU9bU2l2lqjKgQ="},"chainType":2,"messageKeys":{"1":"kUuNUMRxMfJhzJK1XreVw7YvHiwJm6T2INW6TdeDv7Y=","2":"DEalrUgGlRLbkvo8br71hu8RyYKXaAQY6iogiBkIJ0w=","4":"42A/qW7hTH8AY+3loMZwwhrf+C+NFO8ZPJ3EgAvBh+A=","5":"pmCJHdb7u56Iiik+uQ4thMu70nsZ55uA3gVf3hnEVos=","6":"Z1Sj3ng7B/Su8hFpaGtTexHWDrFeMVNzXv0L0i9JaFI=","7":"aukOPaw3XY1TvSoKV11gi1Z3NIQ6em9NtfTAajkAzLM=","8":"e2kRcb1ftWf+DXeI+KmHCZkNE6rGU1a7rRO+RlYEpw4=","9":"jOh3Jn0QgHwIEoQVub20TGOY7+rZ4WhA1RHdIBnQIho=","10":"CudKg5DomYrhukjhwrs5C1UqzSFVyYv0rs/yIbOdE/A=","11":"kkV/vuH7KfKZlFoqNKsI2zD7SDe7aGa9bDUCw7uR4AM=","12":"XdaIZyp/APH+NbeGUHVoHjlhyaK568XQmUnxFZNOtwk=","13":"tVpRQ+XD2IxJMKFYjh7NAdGWR4uNSWMrn+63gri3lnU=","14":"uBbXZlnVxLEjC4k1qy5XHbPNS5yirXMAtUDjI3MwKfU="}},"BelNUgkrYBLr7Di99reiZAJfqnDDR34zW2c9GVqdxNNy":{"chainKey":{"counter":-1,"key":"WlyWVJYV9/d03B7d7BnFufC8nDaDxRfzzgoBnemKLA4="},"chainType":1,"messageKeys":{}}}}},"version":"v1"}