{"_sessions":{"BRJC/LgHOoDQ+/sAOjiawhPl+UY2x7XV/emxDi+dTCJY":{"registrationId":1914480433,"currentRatchet":{"ephemeralKeyPair":{"pubKey":"BbVEjdP+r2d69jKS4+t6sGlJSMxMlnkgkUKZDjBteJAv","privKey":"MHgi9q2Kl7Pklo+d9kabrnjWQtgHiJj+hn2YwrRq2kY="},"lastRemoteEphemeralKey":"BVkbPMLRRK4iNsRJjaFBz5l3ByzAv2b0my41uHbk4CN7","previousCounter":0,"rootKey":"Pq7hXXmzWw9rY+AUlb7bBRG+75seOAG9Z72uffP3BFQ="},"indexInfo":{"baseKey":"BRJC/LgHOoDQ+/sAOjiawhPl+UY2x7XV/emxDi+dTCJY","baseKeyType":1,"closed":-1,"used":1762657597479,"created":1762657597479,"remoteIdentityKey":"Bbrn9L5nMjxADm4fHhqn/hFEPIG/XIaTtjpwVycmwXU0"},"_chains":{"BbVEjdP+r2d69jKS4+t6sGlJSMxMlnkgkUKZDjBteJAv":{"chainKey":{"counter":19,"key":"T2DN7dQvMsxl3kvCb8Gp+Y8YiIyf8h6u83zapBwdU7o="},"chainType":1,"messageKeys":{}}},"pendingPreKey":{"signedKeyId":28,"baseKey":"BRJC/LgHOoDQ+/sAOjiawhPl+UY2x7XV/emxDi+dTCJY","preKeyId":4470848}}},"version":"v1"}