{"_sessions":{"BYShlvFcVXjBhASgZ4baNb2CWGiGZah3z0NB5xVe94R3":{"registrationId":722937352,"currentRatchet":{"ephemeralKeyPair":{"pubKey":"BUckcRAWKCtW99RymRfZZtTrLjyeGdDjqhf2UAU+U20e","privKey":"EKQd4xEQlL01Px55A0jpsuzdDcYJsdBa/pkzdEW8E2Y="},"lastRemoteEphemeralKey":"BXwOdaQMdoM1kSj+YCAt0sCgR5z8cB2CQpVePwF+WgtU","previousCounter":7,"rootKey":"KoUQD4hFnC6TvjXElX5qMbiI9Ep5bSW4XAc00bCy9kM="},"indexInfo":{"baseKey":"BYShlvFcVXjBhASgZ4baNb2CWGiGZah3z0NB5xVe94R3","baseKeyType":1,"closed":-1,"used":1762841761936,"created":1762657597486,"remoteIdentityKey":"BRRWDfNi72vWjbihLGBs53Pd+BmJlu2LHFblM+6OutY/"},"_chains":{"BfcqWaHDdMajV2SUYlUvoggW/t6vc13vpXj+8G02ScBb":{"chainKey":{"counter":1},"chainType":2,"messageKeys":{"0":"ubGuRHr+wt7rusqGZRhdBglJZVUdDirpydEIPkU25uI="}},"BXwOdaQMdoM1kSj+YCAt0sCgR5z8cB2CQpVePwF+WgtU":{"chainKey":{"counter":1,"key":"Zw+xs0+z8HoIUMoifvd5nIDJ67Psdf9/HwsKgpcCN/Y="},"chainType":2,"messageKeys":{"0":"nht+AmG1lbuGQVAMpVIkvUK7na6XnDnMFEHKgobA+0Q="}},"BUckcRAWKCtW99RymRfZZtTrLjyeGdDjqhf2UAU+U20e":{"chainKey":{"counter":10,"key":"tNRTG2VgNIflbFUdylbXUl0xd/a0VFa4ulcFDtBj33E="},"chainType":1,"messageKeys":{}}}}},"version":"v1"}