{"_sessions":{"BYp1vtwhus7FZ8JLRfkQ+x+6wNXRIEAu+Jqwns7FVJ5f":{"registrationId":1917615406,"currentRatchet":{"ephemeralKeyPair":{"pubKey":"BSdOQG4jV3SA2EvRY49vZrjz6PnCGyjGlr6GlzJ6OeIF","privKey":"SLaWH7UERDxP4MbujHfz4UAtUVhPiIyRBvmKhyLUE14="},"lastRemoteEphemeralKey":"BQVOhaQSs9STuk8ih/04MHJH3rNjkm/CJ9TEyHEW8nQK","previousCounter":5,"rootKey":"4o25AGpcj3360hcVY7+aohH4VlTB2ciJbD9b3h/gE2c="},"indexInfo":{"baseKey":"BYp1vtwhus7FZ8JLRfkQ+x+6wNXRIEAu+Jqwns7FVJ5f","baseKeyType":1,"closed":-1,"used":1762780842130,"created":1762657598376,"remoteIdentityKey":"BewWAVtZcGY7EyIr+jcMGANVKbysJxyCVeH5bE3VSA8G"},"_chains":{"BVPlcvaxQkWi6Z61KDuOXq81nbgK699gH+rJsekE4rAw":{"chainKey":{"counter":0},"chainType":2,"messageKeys":{}},"BQVOhaQSs9STuk8ih/04MHJH3rNjkm/CJ9TEyHEW8nQK":{"chainKey":{"counter":0,"key":"Bp6ujGs1pz4IyYqr1EVgRjnnjdjd1gqozPtEt96bTgc="},"chainType":2,"messageKeys":{}},"BSdOQG4jV3SA2EvRY49vZrjz6PnCGyjGlr6GlzJ6OeIF":{"chainKey":{"counter":12,"key":"PYxOR6lDH9Cd8LTc0LWLKeZCn55Uylvadp0s4z8J+GY="},"chainType":1,"messageKeys":{}}}}},"version":"v1"}