{"_sessions":{"BTLNYMV/GDaTXCJkgZVRkUHQg52uLISo4eJD+Dj8psgf":{"registrationId":1050630957,"currentRatchet":{"ephemeralKeyPair":{"pubKey":"BQ2lbMR23hNUZNpijc8V//LPCRaYUW/Z0YIV1Gw0dW4G","privKey":"yJoowT6IzmPKSTJyXqFp3e9rpW8SFmgBvKFIT3Ul40k="},"lastRemoteEphemeralKey":"BVGFh2lENM+Wnv3ZFwlV6gz5VIsaQsYGz1v5SEAONec0","previousCounter":0,"rootKey":"ydY/Ml5+b0O7hmquLTruA1WyBdThu4asrWSB5P5FQNE="},"indexInfo":{"baseKey":"BTLNYMV/GDaTXCJkgZVRkUHQg52uLISo4eJD+Dj8psgf","baseKeyType":1,"closed":-1,"used":1762695044506,"created":1762612576887,"remoteIdentityKey":"BdyUjBCI+MeabxXss+xR/W6qSrVOFCGPBJQdsztAr5ou"},"_chains":{"BVGFh2lENM+Wnv3ZFwlV6gz5VIsaQsYGz1v5SEAONec0":{"chainKey":{"counter":0,"key":"CPUDWRm6Y4uBakUInCNA9t0BiipwjxvIkMII3EkCnqM="},"chainType":2,"messageKeys":{}},"BQ2lbMR23hNUZNpijc8V//LPCRaYUW/Z0YIV1Gw0dW4G":{"chainKey":{"counter":-1,"key":"PGiieR6v+7jf0efLe/bFjTZWbCLAAxvX7uHuseIaP/s="},"chainType":1,"messageKeys":{}}}}},"version":"v1"}