{"_sessions":{"BXQTF/ZP98NHx5ZPpF2rHHyLkDU6SfI57D7LoCk4vMBK":{"registrationId":1039883902,"currentRatchet":{"ephemeralKeyPair":{"pubKey":"BRK04WhqvoqXNX3AnAKSlEkiU4m8ha+axFDDoOPH9vsD","privKey":"SOYalx+hix54AUkyp2KX9wOyHh+F4Yzn9TQtTdi7JV8="},"lastRemoteEphemeralKey":"BfZOsluWCVlbEFPN5n+gtes/gUehNjci+a5ECL+6RokT","previousCounter":0,"rootKey":"fXBJCszhGHqGb35wqEWHCBvlublBvRTSkGsfltrQv3Y="},"indexInfo":{"baseKey":"BXQTF/ZP98NHx5ZPpF2rHHyLkDU6SfI57D7LoCk4vMBK","baseKeyType":2,"closed":-1,"used":1762839225087,"created":1762839225087,"remoteIdentityKey":"BYmi4BIaQiKjVjPtC8vGcswxGXyfB/J1VNY3JmBJQY0L"},"_chains":{"BfZOsluWCVlbEFPN5n+gtes/gUehNjci+a5ECL+6RokT":{"chainKey":{"counter":0,"key":"XFT/ju4UDNAiUJgIf61vS2pvjpra/nKf5PeRvG5cKbQ="},"chainType":2,"messageKeys":{}},"BRK04WhqvoqXNX3AnAKSlEkiU4m8ha+axFDDoOPH9vsD":{"chainKey":{"counter":-1,"key":"TZVq5RM/dKfH8+uxWzjygB5+fkiGPXUp2lXyyWo96hc="},"chainType":1,"messageKeys":{}}}}},"version":"v1"}