{"_sessions":{"BZBBrtjMx60h0rmlKlcBzY0mUyZTKhFBPSlpjq9NBUA8":{"registrationId":1218415387,"currentRatchet":{"ephemeralKeyPair":{"pubKey":"BcPI9TBEbHsMY7JJ8oCeGoOo1d+YY+SzFha/IV80smdy","privKey":"QIYgjrG/QJngfjXwup9L1CoFef2vxoNXQ9POTa/aulI="},"lastRemoteEphemeralKey":"BRPTAgon9+Qa2MHCWqOf1xUcb/PxCuPicbn04EjkN10O","previousCounter":0,"rootKey":"jChvX5oLIyvs5KUmDgKFkDR6OrimEyZ5hLVSTniwuSg="},"indexInfo":{"baseKey":"BZBBrtjMx60h0rmlKlcBzY0mUyZTKhFBPSlpjq9NBUA8","baseKeyType":1,"closed":-1,"used":1762657598078,"created":1762657598078,"remoteIdentityKey":"BbZlOORX1OOan6rz0443fr6A4APtYE1p7jkjKC02fT0p"},"_chains":{"BcPI9TBEbHsMY7JJ8oCeGoOo1d+YY+SzFha/IV80smdy":{"chainKey":{"counter":19,"key":"uq16lT0KTCVQjXGTUVxfHl1L/TznIPwEB32XDt0Nvbk="},"chainType":1,"messageKeys":{}}},"pendingPreKey":{"signedKeyId":6,"baseKey":"BZBBrtjMx60h0rmlKlcBzY0mUyZTKhFBPSlpjq9NBUA8","preKeyId":1607072}}},"version":"v1"}