{"_sessions":{"BZtbQMNbX9WxKZmxraD36vdevwpPokJJo+s3gJszf1he":{"registrationId":299913148,"currentRatchet":{"ephemeralKeyPair":{"pubKey":"BcZ0J5XDizahdvgeX7V8Wz8d0OTxeAtMOdQdrc0XW4IE","privKey":"kL2HJ1fKCegOiKH9trWZoANniol+zd/BuzjCT6mcOmQ="},"lastRemoteEphemeralKey":"BaSStm8Ux2onCRjJVoz/9S7Wtan5sYSX87lXoqdGAnAS","previousCounter":0,"rootKey":"onHfyYNy5hNhMPD//Vu79xggjb0q6dQ0HohMPJ9/aKA="},"indexInfo":{"baseKey":"BZtbQMNbX9WxKZmxraD36vdevwpPokJJo+s3gJszf1he","baseKeyType":2,"closed":-1,"used":1762850657358,"created":1762692210509,"remoteIdentityKey":"BYuXbTXQupJlxZ08Hur4rlH68r4PB+vSC5rI3trEqOUH"},"_chains":{"BZ9OyTw2fQv9idlc15xmPS7EY32TynP7RAHYXZooHmgZ":{"chainKey":{"counter":4},"chainType":2,"messageKeys":{"0":"kJyFiIeojyvZqIjHT66RodjTEqei9tgh3RWkpz1+4G8=","1":"sVT23m0Grv7Cyce/eJFD7ue70Nf2OFpzkubLirxHWKg=","3":"jS+Ww7ytuTy8YaSzV8I80/n6icblGcI3n4dWrpCcaq4="}},"BWaXP6RGqRi2R6ayaFa/EeQ/R0yMxmvdAsTqy3nLn5o2":{"chainKey":{"counter":1},"chainType":2,"messageKeys":{}},"BTQLmhrmL04xNSJ0dykEYNWwSTeWu0syNS8e+wfly+1x":{"chainKey":{"counter":1},"chainType":2,"messageKeys":{}},"Ba70ZUVYTWkuLfIQUSrpxm+zCe3cP+OukzwzpoDTFYlL":{"chainKey":{"counter":2},"chainType":2,"messageKeys":{"1":"IMr3HT58D6IipFTnN3NwCfvATG0mwdmK5fvhzgbGPhc="}},"BVEPgJkahLoa6AVtksmtpjOuR9Jc9HCC+J7XHxT4JLNo":{"chainKey":{"counter":1},"chainType":2,"messageKeys":{}},"BZPRPrC4vUGLz+x9ZUPf6yN15fgJkp7cW/Gag08VSTdD":{"chainKey":{"counter":1},"chainType":2,"messageKeys":{}},"BYrm8wH/fTpNPVLt2vhH/oN3yTkxKA/zdqmTAAvLeH1l":{"chainKey":{"counter":0},"chainType":2,"messageKeys":{}},"BSsRsU84B7GKEaJv/21cGSaY6GGbjhZn8QNA4ZU2kXBH":{"chainKey":{"counter":1},"chainType":2,"messageKeys":{}},"BeLCzoUhvwoCHlwUl4DswKonGQ9kHrkxem6xhY+GM/Ui":{"chainKey":{"counter":1},"chainType":2,"messageKeys":{}},"BYSsuIMvK2Y+S+OaJ/wxNCtNJqzKE0wl51VAy1Q9T1t8":{"chainKey":{"counter":1},"chainType":2,"messageKeys":{}},"BYdABJHIpNfbzfiwBEwiOu5OhSQ9IXlxRzsSgjLGHyhD":{"chainKey":{"counter":3},"chainType":2,"messageKeys":{"2":"yVmezaBZROwIgftZ2DalFbXJf1E+PG5wewnaWUL+OKs="}},"BTaqbdp5ekjfQ3vHuverHlaJmtRbMfWLhyOAA73+1699":{"chainKey":{"counter":2},"chainType":2,"messageKeys":{}},"BaxPnZzvIBCDV0kr9DRa5WNHVKFJ1+UrSxnd6y2Hbb1l":{"chainKey":{"counter":1},"chainType":2,"messageKeys":{}},"BU2RG2HN08fGA98DXepA2Cu8zzq098I0e5w6QbphjqpP":{"chainKey":{"counter":1},"chainType":2,"messageKeys":{}},"BTfyYLL2YVr4HdH8Y4Y8WY2WvmqLa/Pgv3PFrfLhu1YS":{"chainKey":{"counter":3},"chainType":2,"messageKeys":{}},"BRZlBYwEM5Q/hiCSzdCzVPEberIuY96cUxbFvqxJRAsX":{"chainKey":{"counter":1},"chainType":2,"messageKeys":{}},"BUt9ioVnvde+BsOjSUtiByHh5FIDnuTSS9Csb9ocRBUU":{"chainKey":{"counter":3},"chainType":2,"messageKeys":{}},"BUvy7wmHgG3o9Me57dJEUt5O/I+BjCFxEQHT9b4OxZYT":{"chainKey":{"counter":1},"chainType":2,"messageKeys":{}},"BRHHt7T3S9QqeM3iIt2UTA66smyMYeVFvELWcIG/RNJl":{"chainKey":{"counter":1},"chainType":2,"messageKeys":{}},"BfjiCZv1It+BBeDdYHuXH7W5kF1vTcBUAam2OptcEhJe":{"chainKey":{"counter":1},"chainType":2,"messageKeys":{}},"BZVFqoOCcTYwN9KZrj9O/Bn4ZQ2W477FK+f318jMhFxm":{"chainKey":{"counter":0},"chainType":2,"messageKeys":{}},"BX9vsKO7RCTLoTN/v19QfOwsxp8/Zlzp6FiI41nXGm81":{"chainKey":{"counter":0},"chainType":2,"messageKeys":{}},"BZL8ZIGYfyjUye+U7U8wkWsCSXf+4RkkGmKsohueos8+":{"chainKey":{"counter":1},"chainType":2,"messageKeys":{}},"Bbr0cJ/kaEmXn08O4MQtw9pBkKwpL1bnfOTpcaLk4Ttj":{"chainKey":{"counter":1},"chainType":2,"messageKeys":{}},"BZODiVpUOVrLrwRbPMa1r6QYmexTbqfPBZYGMCllu3Za":{"chainKey":{"counter":1},"chainType":2,"messageKeys":{}},"BeQ6ERsQ6Ls05oAyC7vmEQQmr1NHswGQFzVmmXefS/gk":{"chainKey":{"counter":2},"chainType":2,"messageKeys":{}},"BS9VhCerhynB9EWum321tmtXuSTRGzLfyfQjAxRzplh7":{"chainKey":{"counter":1},"chainType":2,"messageKeys":{}},"BfwywGqeetpZ4QoqWP2SheYjrm8whtOpuqSR5cw43z5P":{"chainKey":{"counter":1},"chainType":2,"messageKeys":{}},"BUFbwvvpTGr9bYl/3T9sL4NbUwrxGDm0gYjkmFGWUbpT":{"chainKey":{"counter":1},"chainType":2,"messageKeys":{}},"BZxjar+qHjZGhGdjsKmC4vXvizayMXX0yQwh/nAPJ6Jb":{"chainKey":{"counter":1},"chainType":2,"messageKeys":{}},"BRwfjiljiTx3Yx75fyeZZ85T7CkR86bC+/VbHPdwlKxg":{"chainKey":{"counter":1},"chainType":2,"messageKeys":{}},"BRAXxRf3nyehaszyvLr+yQcc9eMXOo8oXxY9JGg2qV0o":{"chainKey":{"counter":1},"chainType":2,"messageKeys":{}},"Bc9j2YWRzWbNarcx8vA8MzHH+OvogRESASNrfOjL8pMd":{"chainKey":{"counter":2},"chainType":2,"messageKeys":{}},"BeZ0/iTGHTlD9L1z127DRdt+NkZ3Cr1ZlWSUTOV/brcV":{"chainKey":{"counter":0},"chainType":2,"messageKeys":{}},"BTPkWPBNe4In/5nTMBOgudnF2v+xeub89tJ68Hc9Imdg":{"chainKey":{"counter":0},"chainType":2,"messageKeys":{}},"BRoYkcip8Z5n+0LucYQ0tuXUCopE1J5UULtgXqwJOecM":{"chainKey":{"counter":1},"chainType":2,"messageKeys":{}},"BSTJgpXV6ldIvtuTIk/6lxZaE6EsGDWOegV6dUy5bYRK":{"chainKey":{"counter":1},"chainType":2,"messageKeys":{}},"BaSStm8Ux2onCRjJVoz/9S7Wtan5sYSX87lXoqdGAnAS":{"chainKey":{"counter":0,"key":"aAi2iXJ1BQMfGAKEPm52uT1uGSMQQyGnf4xsXKl9ZQE="},"chainType":2,"messageKeys":{}},"BcZ0J5XDizahdvgeX7V8Wz8d0OTxeAtMOdQdrc0XW4IE":{"chainKey":{"counter":-1,"key":"AVAJ0rvjocG01T/VBP17vJ7oHLzR4ClbNDYzo4snoOY="},"chainType":1,"messageKeys":{}}}}},"version":"v1"}