{"_sessions":{"BYTw7/tvzNVieOWlQ/71ndqxZ0xYVYrLrrq0/gtqsaVR":{"registrationId":59648376,"currentRatchet":{"ephemeralKeyPair":{"pubKey":"BaZa3zYLGPzoXGrwhVFGRUFGRCmvi2Q7HhlXtcncCO11","privKey":"CJw96cGFb78RgiAsbBWXaYIyLfBGyl992vfRhluI81U="},"lastRemoteEphemeralKey":"BdKKT8jlkFK/ZLCi7fM+i+MGSXvV0uaGgGCyTTA2bPt7","previousCounter":0,"rootKey":"tY1mfHGgW4uXPgy63RNkJ1laR5AWU/p20Cga4rwtfHE="},"indexInfo":{"baseKey":"BYTw7/tvzNVieOWlQ/71ndqxZ0xYVYrLrrq0/gtqsaVR","baseKeyType":2,"closed":-1,"used":1762783183354,"created":1762783110746,"remoteIdentityKey":"BWGLBZXthyPmt3DyPRxLWDSv6SiFIR95MEbrAgT3FpoK"},"_chains":{"BdfWiLFgYRulwMPVEarXjuWRXWi+gjj7K2QcBsNsqX8N":{"chainKey":{"counter":0},"chainType":2,"messageKeys":{}},"BdOCsAky+aBss29KQPRHZTNgjia1WSTUHJO4YDyha90P":{"chainKey":{"counter":1},"chainType":2,"messageKeys":{}},"BdKKT8jlkFK/ZLCi7fM+i+MGSXvV0uaGgGCyTTA2bPt7":{"chainKey":{"counter":2,"key":"7hNAmYbC7wrtaqGBplXwLLAd2rbN8N0h6kcNRVQ76VQ="},"chainType":2,"messageKeys":{}},"BaZa3zYLGPzoXGrwhVFGRUFGRCmvi2Q7HhlXtcncCO11":{"chainKey":{"counter":-1,"key":"aqo5dB9qSfLI67pW5SFdJ/D8Rgsuqi4e+hGd8bp7y1M="},"chainType":1,"messageKeys":{}}}}},"version":"v1"}