{"_sessions":{"BaBYfh1/mq6lH6+Myp7QyKEN79XID4q33QXO+N94d8ER":{"registrationId":1487609,"currentRatchet":{"ephemeralKeyPair":{"pubKey":"BV7f+IzZ7Qst66GasBWwnz2pmActW3gxiwrIzHnt6mIU","privKey":"EHtXwV6KskUhoPpNWd4NhvGeFFGMsYS14vpa2VBiHls="},"lastRemoteEphemeralKey":"BYaeduaGbxQLdq1n8DQWrl6+PeCNWpYYC90RocT4b+BP","previousCounter":0,"rootKey":"VmM7MQNqXg1LbBrUfkA1MUily19dSIMjWzYWiHG317w="},"indexInfo":{"baseKey":"BaBYfh1/mq6lH6+Myp7QyKEN79XID4q33QXO+N94d8ER","baseKeyType":1,"closed":-1,"used":1762657599176,"created":1762657599176,"remoteIdentityKey":"BTMh5eHL8xLovvSynkptO90f6clJE03hBPReMwBffjhe"},"_chains":{"BV7f+IzZ7Qst66GasBWwnz2pmActW3gxiwrIzHnt6mIU":{"chainKey":{"counter":19,"key":"VijjKQPyrddkVRO/C7pGz7htkr/2rU9DyDBr466SZNA="},"chainType":1,"messageKeys":{}}},"pendingPreKey":{"signedKeyId":1,"baseKey":"BaBYfh1/mq6lH6+Myp7QyKEN79XID4q33QXO+N94d8ER","preKeyId":150}}},"version":"v1"}