{"_sessions":{"BaqM5dZJkV76ZAHgEfj3iQ0c9nRcr6z+8RubuGtSsrJv":{"registrationId":1515555401,"currentRatchet":{"ephemeralKeyPair":{"pubKey":"BZO+DkdBs82mpe1ABqbyIBtZQwMY0uUbfvyO5DtKYeBV","privKey":"kBYLl6L60OpVnP9/7dMNqw0Bz/uq+dtqJVZi2DtBCXw="},"lastRemoteEphemeralKey":"BUblNcV1UtwGGZnEEUgCyTiKh42qH3oTbCnZuUds2j8k","previousCounter":0,"rootKey":"KZKWh4YWHKHw6drLOaSx41w3YAJmA+vAbpO9i6vsSNM="},"indexInfo":{"baseKey":"BaqM5dZJkV76ZAHgEfj3iQ0c9nRcr6z+8RubuGtSsrJv","baseKeyType":2,"closed":-1,"used":1762846500249,"created":1762846500249,"remoteIdentityKey":"BW+3Z5PZtpJdvhRCphPHEGCbL+lkAi1pBlsbdjMIn40B"},"_chains":{"BUblNcV1UtwGGZnEEUgCyTiKh42qH3oTbCnZuUds2j8k":{"chainKey":{"counter":0,"key":"QcX8InkeJSoyE9T0Q7REROK/oBjugKcly0puQ7mKfOY="},"chainType":2,"messageKeys":{}},"BZO+DkdBs82mpe1ABqbyIBtZQwMY0uUbfvyO5DtKYeBV":{"chainKey":{"counter":-1,"key":"zPFU0COi2pKh9joJ8dMztXqc11/+Gp+Y+Gi23QKO/j4="},"chainType":1,"messageKeys":{}}}}},"version":"v1"}