{"_sessions":{"BZUSbKZNPYhOc5EXJjFwxr22JP2uqQghgSbDJL0peOwn":{"registrationId":8270,"currentRatchet":{"ephemeralKeyPair":{"pubKey":"BWYvpkHBceShm6arkiTulCHaos5D0m9KmKxgXKo7W7B0","privKey":"uIF3HdooXKuQBiM9UgtURFIpWPLTdqgwNlOGgjiDNnA="},"lastRemoteEphemeralKey":"BWeVbXkJi38/Rw6YzuZX7q3Y2wzDkYoplOX8uw/i5v8p","previousCounter":0,"rootKey":"WjWC5YvfXBChmulPrAeJLJZMX3AKBMhNyJRYOAmtSTg="},"indexInfo":{"baseKey":"BZUSbKZNPYhOc5EXJjFwxr22JP2uqQghgSbDJL0peOwn","baseKeyType":1,"closed":-1,"used":1762841246675,"created":1762841246675,"remoteIdentityKey":"BeMAKGTR4gNatSWO4gAUKyQpO3tIH5vojhWdlUw5t49b"},"_chains":{"BWYvpkHBceShm6arkiTulCHaos5D0m9KmKxgXKo7W7B0":{"chainKey":{"counter":11,"key":"3hlSxnguFl6FUjNynycwXMsbl+6arRUcvmqK9HDSRZw="},"chainType":1,"messageKeys":{}}},"pendingPreKey":{"signedKeyId":1,"baseKey":"BZUSbKZNPYhOc5EXJjFwxr22JP2uqQghgSbDJL0peOwn","preKeyId":30}}},"version":"v1"}