{"_sessions":{"BTurbLqrszwnspzQSk2v3hjZgoTlJWSjMzZlEjRqVHoR":{"registrationId":1657404831,"currentRatchet":{"ephemeralKeyPair":{"pubKey":"BTPSbHD57Nh/kWdbOjtTNEcWC45Jtuz2suJD78zh+RQm","privKey":"IFazgp5IujJ1yYWyvEySyFeyEerT6sENHZ8oZz6ObH4="},"lastRemoteEphemeralKey":"BTVlncjBcjak0xvSGwGCM81TKOsnasNYGuTPVqxnOzMI","previousCounter":0,"rootKey":"QUieM9cQoX9bJHbVXMc5+TkRX90FBPruDZCVwHLYBZI="},"indexInfo":{"baseKey":"BTurbLqrszwnspzQSk2v3hjZgoTlJWSjMzZlEjRqVHoR","baseKeyType":2,"closed":-1,"used":1762820609994,"created":1762820609994,"remoteIdentityKey":"BdWvdrs2xXuXU4WNSinRHbH9xL7VfqBr7XwE+LeeLN91"},"_chains":{"BTVlncjBcjak0xvSGwGCM81TKOsnasNYGuTPVqxnOzMI":{"chainKey":{"counter":0,"key":"45zkQzHdDU+5pC/khzAJ1kJk8kkcpsyCXyrD+/NIQQA="},"chainType":2,"messageKeys":{}},"BTPSbHD57Nh/kWdbOjtTNEcWC45Jtuz2suJD78zh+RQm":{"chainKey":{"counter":-1,"key":"v/oiCmZ23Hu10oREBED2giRgZk2Zm/X+NzzwjkFXFJM="},"chainType":1,"messageKeys":{}}}}},"version":"v1"}