{"_sessions":{"BdBTR/GmNEk+/UERePQ/M2yiZVGoHpVgvlAVHkF+qQ4m":{"registrationId":1584088888,"currentRatchet":{"ephemeralKeyPair":{"pubKey":"BZcHGMSe0JmJ6GVw3RrLrwzoRuXp4WJDZLek3hypk4Jb","privKey":"GM4d3rV5e7RuRWSiLhzettJ7LU9spfKEjwTLSG5ydVE="},"lastRemoteEphemeralKey":"BQCE6DAWV7m6Dbh6Uq8XRoBYoFl5LDfsBz5E5Hq6dcBO","previousCounter":0,"rootKey":"YPv/NEDB4RxG9Uvz62jXYC0mRAPU4qHPLZx79IiDrCk="},"indexInfo":{"baseKey":"BdBTR/GmNEk+/UERePQ/M2yiZVGoHpVgvlAVHkF+qQ4m","baseKeyType":2,"closed":-1,"used":1762661143528,"created":1762661143528,"remoteIdentityKey":"BREgX3eJk6z0HfgiaHpuuIH0oxqIEvFeFcnCLvNgjylK"},"_chains":{"BQCE6DAWV7m6Dbh6Uq8XRoBYoFl5LDfsBz5E5Hq6dcBO":{"chainKey":{"counter":0,"key":"RuwE/mkOBDPEHnOMUvDeiQR4a7p9OZLtRywiANZL5Cw="},"chainType":2,"messageKeys":{}},"BZcHGMSe0JmJ6GVw3RrLrwzoRuXp4WJDZLek3hypk4Jb":{"chainKey":{"counter":-1,"key":"9V9/Gkh/0GfAL/ekSRm87oViQM/BDyy6IB3KfBXNwYo="},"chainType":1,"messageKeys":{}}}}},"version":"v1"}