{"_sessions":{"BXqYrDIzpAdjt87aBeoQ8vQXUztFx5rRV+FAYFfPufp7":{"registrationId":1822626252,"currentRatchet":{"ephemeralKeyPair":{"pubKey":"Bac16FoDl1jQyGt0GtpnDXC0rkD1tAyZlQIxvuYpiyEO","privKey":"WFpOT0SzTEFBUbIllKkWd7m9DcNN47cMQkVo1HkSiH8="},"lastRemoteEphemeralKey":"Bb+Lkucq+vASvRW7xrST4/P/O3oN/L2Io6WRDwwjsvFs","previousCounter":0,"rootKey":"sNmh5N10V0oWVrSLFfZE1zBQHEKwRmqb7sgveU1zz4o="},"indexInfo":{"baseKey":"BXqYrDIzpAdjt87aBeoQ8vQXUztFx5rRV+FAYFfPufp7","baseKeyType":2,"closed":-1,"used":1762822898060,"created":1762822898060,"remoteIdentityKey":"BXGDrCzqJxWEMCE+lLVatBAn8I6Sc3Ijvx0vjopQCh0J"},"_chains":{"Bb+Lkucq+vASvRW7xrST4/P/O3oN/L2Io6WRDwwjsvFs":{"chainKey":{"counter":0,"key":"Vi6LdlfXsoBJM9JHRa6YeKPnJVHjJlfF0gIKagmH9Os="},"chainType":2,"messageKeys":{}},"Bac16FoDl1jQyGt0GtpnDXC0rkD1tAyZlQIxvuYpiyEO":{"chainKey":{"counter":-1,"key":"7+8vC8VhVWwy/0gizyxC3RGwXGuen6YOPTcUF2k/szY="},"chainType":1,"messageKeys":{}}}}},"version":"v1"}