{"_sessions":{"BYb2dufnZ5kUpImul2lhE5IFYDrScvoVHQf+1jjS35sC":{"registrationId":1474459253,"currentRatchet":{"ephemeralKeyPair":{"pubKey":"BfRqbJf5thf/NHtZJJoCBwhfEQ9B0fJ18nDo3NQSpqB9","privKey":"cOCxdAhaqVy5BoFld10ym0MEy1uyWIVJ1McBjm2mxUI="},"lastRemoteEphemeralKey":"BbpVX0YcsNF1R//ShBTx0IqgUQ5zKdrdv5diFgH9315w","previousCounter":0,"rootKey":"H1ALfFG4wEGPzU3hANdPsVFfhWzeOeTCK7lMssngIZs="},"indexInfo":{"baseKey":"BYb2dufnZ5kUpImul2lhE5IFYDrScvoVHQf+1jjS35sC","baseKeyType":2,"closed":-1,"used":1762666876389,"created":1762666876389,"remoteIdentityKey":"BbNYAhqJGbnWxocCNjKkqTUvyRVgaLGsqhMeCV6cb19U"},"_chains":{"BbpVX0YcsNF1R//ShBTx0IqgUQ5zKdrdv5diFgH9315w":{"chainKey":{"counter":0,"key":"zUfPOor2x3aEpcL012xUWz8yY3T4bN+gpKlXj8ibSyM="},"chainType":2,"messageKeys":{}},"BfRqbJf5thf/NHtZJJoCBwhfEQ9B0fJ18nDo3NQSpqB9":{"chainKey":{"counter":-1,"key":"3ZIIvyqjfj2woe6iCQh/TjhxN/S+RbzPw8ZFlSNmxl0="},"chainType":1,"messageKeys":{}}}}},"version":"v1"}