{"_sessions":{"BXSFVb63+kNT36gEEHVDz/s8yj+Ci/GxJKQrCJGoW+so":{"registrationId":970794753,"currentRatchet":{"ephemeralKeyPair":{"pubKey":"BX6LOxJZyBBxg2qNlGLTltGbcb9N3PGVJ2ieP93FkOFm","privKey":"iBxBEIY/C7uB0z9ZJ17irN6aE9D8RLAOY8Sqejm/Cnc="},"lastRemoteEphemeralKey":"BV+vUde+mxNgHgx1Vo9oYllh3wt9p5scPD+MpBr6goJH","previousCounter":2,"rootKey":"HIJb6h/6olVH6eJmPTZP1uRzCNOyKfTgvw5ITgBCHzg="},"indexInfo":{"baseKey":"BXSFVb63+kNT36gEEHVDz/s8yj+Ci/GxJKQrCJGoW+so","baseKeyType":2,"closed":-1,"used":1762850172327,"created":1762850131539,"remoteIdentityKey":"BV1ffcVwS2rqiFqFQFoefV9ElIbRt1uBSWMZhWiVadRT"},"_chains":{"BXHxQqkAVINgBhObWNvT0jNfkLM8/IZ6Xsvwwpd75pNJ":{"chainKey":{"counter":0},"chainType":2,"messageKeys":{}},"BV+vUde+mxNgHgx1Vo9oYllh3wt9p5scPD+MpBr6goJH":{"chainKey":{"counter":0,"key":"c4cRKlmosBXDH/BLeLv73KL9OtDxY6VJDA7EoAtWUIQ="},"chainType":2,"messageKeys":{}},"BX6LOxJZyBBxg2qNlGLTltGbcb9N3PGVJ2ieP93FkOFm":{"chainKey":{"counter":2,"key":"M9Nws0TKIx2/uUK9NDJONCBYEzzJy9b3nDQawqw+elY="},"chainType":1,"messageKeys":{}}}}},"version":"v1"}