{"_sessions":{"BUGVqXJ2E4ZQSbJ2iGdetfqVGvsw9VoLjJCNY1ADpVtZ":{"registrationId":1188749092,"currentRatchet":{"ephemeralKeyPair":{"pubKey":"BbIWXMrhZqcGJWdeMiQRoDArbOGW+8aRi0gnp6n+3/p0","privKey":"YDMq5nSYgJgNwNRUGdm1Mf0haA0/qL7tOuSDdILQq2o="},"lastRemoteEphemeralKey":"BQREIXzjlnGTQ8X7zytABxmClVGivdzWw99qyrt/IH83","previousCounter":0,"rootKey":"1HQ96XBTgIYPMpoKgLMyCrP8nWCtXI6ncm6q1bRZkDA="},"indexInfo":{"baseKey":"BUGVqXJ2E4ZQSbJ2iGdetfqVGvsw9VoLjJCNY1ADpVtZ","baseKeyType":1,"closed":-1,"used":1762612576880,"created":1762612576880,"remoteIdentityKey":"Bdj1UfiHDUBITqeaXN9s2tLL8d/xfzpGtEvs3wvp9aU6"},"_chains":{"BbIWXMrhZqcGJWdeMiQRoDArbOGW+8aRi0gnp6n+3/p0":{"chainKey":{"counter":0,"key":"Mn7u/Sf1grX5DCZpZ8ZyueKsg3TyeEuWoP2qK+oh5CI="},"chainType":1,"messageKeys":{}}},"pendingPreKey":{"signedKeyId":2,"baseKey":"BUGVqXJ2E4ZQSbJ2iGdetfqVGvsw9VoLjJCNY1ADpVtZ","preKeyId":2685973}}},"version":"v1"}