{"_sessions":{"BabjCpgoccxVUTOoA4VTC8pZY6c+NVgmcvj1XkPpQE4x":{"registrationId":1870662974,"currentRatchet":{"ephemeralKeyPair":{"pubKey":"BVGguTJZHumgEbOZuw1VJ21tEQQOHqGVXfWhLhTl8JNB","privKey":"mLUdwkY72iLaA6uvYw8cCFBCw/qGl/mA0N4YWKzKsnY="},"lastRemoteEphemeralKey":"BYFl8DUhvQ1uAk3xisuxlA5Bk9tHZzYgUw5b+eJj/88b","previousCounter":10,"rootKey":"ISC2UKnAoIOLgOiBKrjsXr9ovuIcp77fcFOdv2Qs+vw="},"indexInfo":{"baseKey":"BabjCpgoccxVUTOoA4VTC8pZY6c+NVgmcvj1XkPpQE4x","baseKeyType":2,"closed":-1,"used":1762845409292,"created":1762657583232,"remoteIdentityKey":"BWHD6lfuOfkjvJ0uweRCL/zLagbDI1lIZPP9s1hes8NK"},"_chains":{"BRXh3IIQbSG6fy/UTQeR7rvVhgqyi5gNQV1Bk4WM0xQO":{"chainKey":{"counter":0},"chainType":2,"messageKeys":{}},"BYFl8DUhvQ1uAk3xisuxlA5Bk9tHZzYgUw5b+eJj/88b":{"chainKey":{"counter":2,"key":"/3xfpnfhHCWTAiipJ5VvFrhsgsIaL3q8JJ80CbMeJkE="},"chainType":2,"messageKeys":{"0":"2T0YBd7jXt3iEHvrLg3DFz0n02LXIuDt0w3sLmaTWdc=","1":"2Yv/6uxlhK+0+41gtVHvXFGKNrB4GM0i186A12Qe5wg="}},"BVGguTJZHumgEbOZuw1VJ21tEQQOHqGVXfWhLhTl8JNB":{"chainKey":{"counter":8,"key":"DvKEFRSnM1ZvRu/ergemv3p3RXaU3lzeDrgD55aF7Og="},"chainType":1,"messageKeys":{}}}}},"version":"v1"}