{"_sessions":{"BRWb0FOnsDrUy4P5CRZOiVwFsu4o2omcDnU6d6xMW51M":{"registrationId":774343201,"currentRatchet":{"ephemeralKeyPair":{"pubKey":"BXVNCNxQBlJMXWAHuHBkzNlTibRvv0ZIT92FDuiLwJob","privKey":"6Nlj2DGQUae7No8kbzRPSvy607HtJPwygbIu7vSbskg="},"lastRemoteEphemeralKey":"BYGVFnPHOY43hrf0itXJqiMQG+/0BumGYMIgbwzs+aZM","previousCounter":0,"rootKey":"3fHOyIgXusyCDxfMneSxtDbdcuuLczDX1mo1vuxpcBs="},"indexInfo":{"baseKey":"BRWb0FOnsDrUy4P5CRZOiVwFsu4o2omcDnU6d6xMW51M","baseKeyType":1,"closed":1762859044508,"used":1762657598176,"created":1762657598176,"remoteIdentityKey":"BdWsmMRK4mDIV7tMxEPmXD65yl51ASuiCeGUGxV7u4Al"},"_chains":{"BXVNCNxQBlJMXWAHuHBkzNlTibRvv0ZIT92FDuiLwJob":{"chainKey":{"counter":19,"key":"to4lc44salW/rFE7Y9Hq4mfUZoA243EM/SPKKve+qDs="},"chainType":1,"messageKeys":{}}},"pendingPreKey":{"signedKeyId":0,"baseKey":"BRWb0FOnsDrUy4P5CRZOiVwFsu4o2omcDnU6d6xMW51M","preKeyId":3439836}},"BYIWSbzg58pjVeCWTmpiQQwwtCBewADW7DIK8x9l1J4C":{"registrationId":2134418276,"currentRatchet":{"ephemeralKeyPair":{"pubKey":"BdfyeM02DsHbnw20e0Xu0Q+kN+IvtOYWLLxk9X9rQYZy","privKey":"EPQnPzHTRsx5e3uYo9uJ3c1qoSfJSp8n8YNyDHUsV2s="},"lastRemoteEphemeralKey":"BSzmA0CVcQ9Q8c8sSIoQlJ/EmoCf1WOOG64raqmEsscd","previousCounter":0,"rootKey":"94WSBfOo5R+Sfv2V1SH3kP+c00e3OGVAQNZ5GbG/BEM="},"indexInfo":{"baseKey":"BYIWSbzg58pjVeCWTmpiQQwwtCBewADW7DIK8x9l1J4C","baseKeyType":1,"closed":1762859044804,"used":1762859044500,"created":1762859044500,"remoteIdentityKey":"BcTZR2JkLjCTcZsY3t+jgr7Ss/jsWRXI5U1hl/1m1TRP"},"_chains":{"BdfyeM02DsHbnw20e0Xu0Q+kN+IvtOYWLLxk9X9rQYZy":{"chainKey":{"counter":-1,"key":"bN+HL7DvvOIjRk0FFpcTTy/5W5yOmaFetaXMQKcvhg4="},"chainType":1,"messageKeys":{}}},"pendingPreKey":{"signedKeyId":0,"baseKey":"BYIWSbzg58pjVeCWTmpiQQwwtCBewADW7DIK8x9l1J4C"}},"BaVJU7pJhs7MsiPGzYwrnrPt3n40+G2q6BdOpEdSg7Zw":{"registrationId":2134418276,"currentRatchet":{"ephemeralKeyPair":{"pubKey":"BeqfqRbHT8VbKSbJJHaEKLkERI5vq4d3cacyUmtOeE9M","privKey":"2M2iN0IsIJ4C60t29Acs1E3QwVC+OzBu2TNm8zL4T3o="},"lastRemoteEphemeralKey":"BSzmA0CVcQ9Q8c8sSIoQlJ/EmoCf1WOOG64raqmEsscd","previousCounter":0,"rootKey":"4kYQgga+ZuGhFE++R0lTQYr4fHwj+BQ0tv+qQN9/RIk="},"indexInfo":{"baseKey":"BaVJU7pJhs7MsiPGzYwrnrPt3n40+G2q6BdOpEdSg7Zw","baseKeyType":1,"closed":1762859045098,"used":1762859044799,"created":1762859044799,"remoteIdentityKey":"BcTZR2JkLjCTcZsY3t+jgr7Ss/jsWRXI5U1hl/1m1TRP"},"_chains":{"BeqfqRbHT8VbKSbJJHaEKLkERI5vq4d3cacyUmtOeE9M":{"chainKey":{"counter":-1,"key":"0kUEBfmUGsCY8E3jv1+Jt1RfmfL5fgEpLQjuMHiHIzY="},"chainType":1,"messageKeys":{}}},"pendingPreKey":{"signedKeyId":0,"baseKey":"BaVJU7pJhs7MsiPGzYwrnrPt3n40+G2q6BdOpEdSg7Zw"}},"BZcnpvIyDTniM1MTtflOjaI6O2Vov65viHcn8eIGlFIJ":{"registrationId":2134418276,"currentRatchet":{"ephemeralKeyPair":{"pubKey":"BV4tarwG8inwU3dwUrCLBnvmiFFC2rgtrI/dCrZ7oyB9","privKey":"YHb0I+Kv8PYJMQ22vjLC2SP/fQY6inLdQ81M1DfqHWE="},"lastRemoteEphemeralKey":"BSzmA0CVcQ9Q8c8sSIoQlJ/EmoCf1WOOG64raqmEsscd","previousCounter":0,"rootKey":"I/N+LB5EAGZNDhyP/IYKVLKSkcqvr75NDrB66NT8oiM="},"indexInfo":{"baseKey":"BZcnpvIyDTniM1MTtflOjaI6O2Vov65viHcn8eIGlFIJ","baseKeyType":1,"closed":1762859045395,"used":1762859045094,"created":1762859045094,"remoteIdentityKey":"BcTZR2JkLjCTcZsY3t+jgr7Ss/jsWRXI5U1hl/1m1TRP"},"_chains":{"BV4tarwG8inwU3dwUrCLBnvmiFFC2rgtrI/dCrZ7oyB9":{"chainKey":{"counter":-1,"key":"oCZ4xNsJNzgPZv3e5kQjdoDCofvHWO03N5IusGjZXtA="},"chainType":1,"messageKeys":{}}},"pendingPreKey":{"signedKeyId":0,"baseKey":"BZcnpvIyDTniM1MTtflOjaI6O2Vov65viHcn8eIGlFIJ"}},"BbJv0ml8u0Cc7DAZdDoO0hk8Pu9DAs36ZWFf+Do7vgVR":{"registrationId":2134418276,"currentRatchet":{"ephemeralKeyPair":{"pubKey":"Bc9WES1hsB1EsRERkE9XwCOvPiHDc7T6GGCXNbV3J7xM","privKey":"QGnntq2jB74LWx8qdVAyybJdAZxOWxbhQLviYfojdmE="},"lastRemoteEphemeralKey":"BSzmA0CVcQ9Q8c8sSIoQlJ/EmoCf1WOOG64raqmEsscd","previousCounter":0,"rootKey":"JSxizbe1hFecJ1Y5v03FtM2fmCi2OsQ1SyNDdipVCNg="},"indexInfo":{"baseKey":"BbJv0ml8u0Cc7DAZdDoO0hk8Pu9DAs36ZWFf+Do7vgVR","baseKeyType":1,"closed":1762859045695,"used":1762859045391,"created":1762859045391,"remoteIdentityKey":"BcTZR2JkLjCTcZsY3t+jgr7Ss/jsWRXI5U1hl/1m1TRP"},"_chains":{"Bc9WES1hsB1EsRERkE9XwCOvPiHDc7T6GGCXNbV3J7xM":{"chainKey":{"counter":-1,"key":"lH+6pE1FOC7Yqyz6MCQjOEEI9cfU+GJDif79lJ56kZU="},"chainType":1,"messageKeys":{}}},"pendingPreKey":{"signedKeyId":0,"baseKey":"BbJv0ml8u0Cc7DAZdDoO0hk8Pu9DAs36ZWFf+Do7vgVR"}},"BVDUwIY5t5aLIwBekUKVOMeuQlv0iM5RUu9s4PNOL4Ju":{"registrationId":2134418276,"currentRatchet":{"ephemeralKeyPair":{"pubKey":"BbUcNapkFFVRDSPxVovHe3FDXswAH6bmcevfi2ksqT8X","privKey":"qARrz3I23cassoOkdz+svDRyGiz2qG4OAajPCkb24lM="},"lastRemoteEphemeralKey":"BSzmA0CVcQ9Q8c8sSIoQlJ/EmoCf1WOOG64raqmEsscd","previousCounter":0,"rootKey":"/BkjYwgLE2iG+Kklm115BQvMlD6EKutlzL6jIkSIxHI="},"indexInfo":{"baseKey":"BVDUwIY5t5aLIwBekUKVOMeuQlv0iM5RUu9s4PNOL4Ju","baseKeyType":1,"closed":1762859045982,"used":1762859045691,"created":1762859045691,"remoteIdentityKey":"BcTZR2JkLjCTcZsY3t+jgr7Ss/jsWRXI5U1hl/1m1TRP"},"_chains":{"BbUcNapkFFVRDSPxVovHe3FDXswAH6bmcevfi2ksqT8X":{"chainKey":{"counter":-1,"key":"o9AHzf2DNRqUbJ6kREhZ8P9Qmz7fkvgxlD11lEfSPTM="},"chainType":1,"messageKeys":{}}},"pendingPreKey":{"signedKeyId":0,"baseKey":"BVDUwIY5t5aLIwBekUKVOMeuQlv0iM5RUu9s4PNOL4Ju"}},"Bd4HirYCJ1tt+IjtOCw2QtsSJZnbxIEtxQOseJr7O8tR":{"registrationId":2134418276,"currentRatchet":{"ephemeralKeyPair":{"pubKey":"BQchmJYgswQ1wmdJHzzNMrWvd4bNc/xGZmSb9YlJ4MV5","privKey":"wIzjUf8tCcPUdM4RG8OQoNLpme3w7RCVmhp2fO190XI="},"lastRemoteEphemeralKey":"BSzmA0CVcQ9Q8c8sSIoQlJ/EmoCf1WOOG64raqmEsscd","previousCounter":0,"rootKey":"Kasbv+deZq76hxM0Fs4rK8DJaCsRaocUegX48jvNf78="},"indexInfo":{"baseKey":"Bd4HirYCJ1tt+IjtOCw2QtsSJZnbxIEtxQOseJr7O8tR","baseKeyType":1,"closed":1762859046323,"used":1762859045979,"created":1762859045979,"remoteIdentityKey":"BcTZR2JkLjCTcZsY3t+jgr7Ss/jsWRXI5U1hl/1m1TRP"},"_chains":{"BQchmJYgswQ1wmdJHzzNMrWvd4bNc/xGZmSb9YlJ4MV5":{"chainKey":{"counter":-1,"key":"Z0pfIOhjkU9qoETqrQCon9p7FKo2mbuivst5dYWHho8="},"chainType":1,"messageKeys":{}}},"pendingPreKey":{"signedKeyId":0,"baseKey":"Bd4HirYCJ1tt+IjtOCw2QtsSJZnbxIEtxQOseJr7O8tR"}},"Bckxcrrz/IO5l3cfNR9ZxK9CQqCxrfORtfr89ECu01Fb":{"registrationId":2134418276,"currentRatchet":{"ephemeralKeyPair":{"pubKey":"BatEaPLrS6LD42cZs7Owu78fmt/rKb7DAmgb+wjGFTdr","privKey":"QG6ZuPunSb1+dbIccXXhtDHYvPnaLYjCojleWRk7nlE="},"lastRemoteEphemeralKey":"BSzmA0CVcQ9Q8c8sSIoQlJ/EmoCf1WOOG64raqmEsscd","previousCounter":0,"rootKey":"cjvC3qdrM/pz1W3h0wCQLceE2JCF40jWOXhsTzTkm/w="},"indexInfo":{"baseKey":"Bckxcrrz/IO5l3cfNR9ZxK9CQqCxrfORtfr89ECu01Fb","baseKeyType":1,"closed":1762859046599,"used":1762859046319,"created":1762859046319,"remoteIdentityKey":"BcTZR2JkLjCTcZsY3t+jgr7Ss/jsWRXI5U1hl/1m1TRP"},"_chains":{"BatEaPLrS6LD42cZs7Owu78fmt/rKb7DAmgb+wjGFTdr":{"chainKey":{"counter":-1,"key":"jLy9sBoTT1ye7VCkRCbspBFWBMxT1wKvPQMTobAnFgE="},"chainType":1,"messageKeys":{}}},"pendingPreKey":{"signedKeyId":0,"baseKey":"Bckxcrrz/IO5l3cfNR9ZxK9CQqCxrfORtfr89ECu01Fb"}},"BZDtQZ50jflX9BaqOYgdwJTsKcyBswMWgvt8hDOPY5wP":{"registrationId":2134418276,"currentRatchet":{"ephemeralKeyPair":{"pubKey":"BTDDJtymlc6SuLGXgwsNaKCoRAduD8BXDjwu8lzqspsc","privKey":"uAQa75Z5VrbrLzS/A2xwRet1llhPYLqJs/NJ7c4CJHY="},"lastRemoteEphemeralKey":"BSzmA0CVcQ9Q8c8sSIoQlJ/EmoCf1WOOG64raqmEsscd","previousCounter":0,"rootKey":"VTyOig2Zpa50ZZeS9zon/OBBIE4rD2+hWFEzMRW0p6I="},"indexInfo":{"baseKey":"BZDtQZ50jflX9BaqOYgdwJTsKcyBswMWgvt8hDOPY5wP","baseKeyType":1,"closed":1762859046898,"used":1762859046596,"created":1762859046596,"remoteIdentityKey":"BcTZR2JkLjCTcZsY3t+jgr7Ss/jsWRXI5U1hl/1m1TRP"},"_chains":{"BTDDJtymlc6SuLGXgwsNaKCoRAduD8BXDjwu8lzqspsc":{"chainKey":{"counter":-1,"key":"u30MFfLhlvFpsHGGRZrtz5WVasdl5S1+BFjKDd7O+/I="},"chainType":1,"messageKeys":{}}},"pendingPreKey":{"signedKeyId":0,"baseKey":"BZDtQZ50jflX9BaqOYgdwJTsKcyBswMWgvt8hDOPY5wP"}},"BemGlnhRcB6Ty8X3sj0q8N/jOrUOnpyBDhysyKiWzukH":{"registrationId":2134418276,"currentRatchet":{"ephemeralKeyPair":{"pubKey":"BR+IzPLYHAOi46c0CX6B9U2LvhQC0W40hB0dLfvRd4Zb","privKey":"ME1oslSruFRYSik6D2gbu1M1Kb+E63coDhvqTQ1/FVU="},"lastRemoteEphemeralKey":"BSzmA0CVcQ9Q8c8sSIoQlJ/EmoCf1WOOG64raqmEsscd","previousCounter":0,"rootKey":"wRr69+WGZnJ4ni9spnPAyAydG4qcMVdOIkJBtlsNdQE="},"indexInfo":{"baseKey":"BemGlnhRcB6Ty8X3sj0q8N/jOrUOnpyBDhysyKiWzukH","baseKeyType":1,"closed":1762859047185,"used":1762859046894,"created":1762859046894,"remoteIdentityKey":"BcTZR2JkLjCTcZsY3t+jgr7Ss/jsWRXI5U1hl/1m1TRP"},"_chains":{"BR+IzPLYHAOi46c0CX6B9U2LvhQC0W40hB0dLfvRd4Zb":{"chainKey":{"counter":-1,"key":"kWhjgVEjRP2v0NSkHeQl2dtKw1VruO+xm7blYUhScGA="},"chainType":1,"messageKeys":{}}},"pendingPreKey":{"signedKeyId":0,"baseKey":"BemGlnhRcB6Ty8X3sj0q8N/jOrUOnpyBDhysyKiWzukH"}},"Ba5Z5z0A741tHdJoWlwG5rpuUvOG1haIu+JKkKgEobMO":{"registrationId":2134418276,"currentRatchet":{"ephemeralKeyPair":{"pubKey":"BYrLoM8DQJ9hmfocJhLSM0jZHiGFK+YZznfo3OboSHxi","privKey":"0IGY5Tczs1c3IUvEQhFnzhV1qh1FwKnRwxgEBR034Wc="},"lastRemoteEphemeralKey":"BSzmA0CVcQ9Q8c8sSIoQlJ/EmoCf1WOOG64raqmEsscd","previousCounter":0,"rootKey":"mvh3tkM30RN/KUNGb5c3VK14TwEjOemakrfjQbuPapY="},"indexInfo":{"baseKey":"Ba5Z5z0A741tHdJoWlwG5rpuUvOG1haIu+JKkKgEobMO","baseKeyType":1,"closed":1762859047470,"used":1762859047181,"created":1762859047180,"remoteIdentityKey":"BcTZR2JkLjCTcZsY3t+jgr7Ss/jsWRXI5U1hl/1m1TRP"},"_chains":{"BYrLoM8DQJ9hmfocJhLSM0jZHiGFK+YZznfo3OboSHxi":{"chainKey":{"counter":-1,"key":"ISZD09YfN3aDbXVwOyDmdEkIjuapp5qUgU0B6z0WuiU="},"chainType":1,"messageKeys":{}}},"pendingPreKey":{"signedKeyId":0,"baseKey":"Ba5Z5z0A741tHdJoWlwG5rpuUvOG1haIu+JKkKgEobMO"}},"BT5IuSVmr5a1xgISBWIsJEIxTcfAXZe/L+CEvwOa8YZt":{"registrationId":2134418276,"currentRatchet":{"ephemeralKeyPair":{"pubKey":"BbbQFyTzosYBD05MbPFCaNB46eI5HJbqA16KdwhJmDNH","privKey":"YIwd2aMCHOwwNcrKzNZ9rya4HP4ahNZ4rePXN3RU60s="},"lastRemoteEphemeralKey":"BSzmA0CVcQ9Q8c8sSIoQlJ/EmoCf1WOOG64raqmEsscd","previousCounter":0,"rootKey":"1PiGS4TQxATsaVvUkIPz3XLixZ6OHazHsNPxApUvpMs="},"indexInfo":{"baseKey":"BT5IuSVmr5a1xgISBWIsJEIxTcfAXZe/L+CEvwOa8YZt","baseKeyType":1,"closed":1762859047748,"used":1762859047466,"created":1762859047466,"remoteIdentityKey":"BcTZR2JkLjCTcZsY3t+jgr7Ss/jsWRXI5U1hl/1m1TRP"},"_chains":{"BbbQFyTzosYBD05MbPFCaNB46eI5HJbqA16KdwhJmDNH":{"chainKey":{"counter":-1,"key":"4BmQpeAQeExwt1Rlx+znDosFCIIgtjXRRZM/uRqKg3I="},"chainType":1,"messageKeys":{}}},"pendingPreKey":{"signedKeyId":0,"baseKey":"BT5IuSVmr5a1xgISBWIsJEIxTcfAXZe/L+CEvwOa8YZt"}},"BWigZqy9n2HWWAbBBGZ9ByS7Mrzo/04aJeSgJM2NMrFx":{"registrationId":2134418276,"currentRatchet":{"ephemeralKeyPair":{"pubKey":"BWFOhnAXQg1Lh9QzPu4oLyb8q1PnZVbAeGkLl3dxV+As","privKey":"YKm/l3FMfhrJ1O2tAdNU/vFba+HO/gAtbQtJSKPEImY="},"lastRemoteEphemeralKey":"BSzmA0CVcQ9Q8c8sSIoQlJ/EmoCf1WOOG64raqmEsscd","previousCounter":0,"rootKey":"3/cRv8u+ug/VSPr8grEX+nI9arroDF4N1CV2jUtX988="},"indexInfo":{"baseKey":"BWigZqy9n2HWWAbBBGZ9ByS7Mrzo/04aJeSgJM2NMrFx","baseKeyType":1,"closed":1762859048040,"used":1762859047745,"created":1762859047745,"remoteIdentityKey":"BcTZR2JkLjCTcZsY3t+jgr7Ss/jsWRXI5U1hl/1m1TRP"},"_chains":{"BWFOhnAXQg1Lh9QzPu4oLyb8q1PnZVbAeGkLl3dxV+As":{"chainKey":{"counter":-1,"key":"1Vt0p+adUZF8sONXoOuanuPeAEv2XLoD7iAvkBR5FB4="},"chainType":1,"messageKeys":{}}},"pendingPreKey":{"signedKeyId":0,"baseKey":"BWigZqy9n2HWWAbBBGZ9ByS7Mrzo/04aJeSgJM2NMrFx"}},"BeAWq1yypoom83aGj+T+mie1EfTPj3q9aBrWfGnHjrA7":{"registrationId":2134418276,"currentRatchet":{"ephemeralKeyPair":{"pubKey":"BeO5C+t/P9hC2FareUndDp0C/SUQQYOzZbaVOY05lb1Y","privKey":"8BabSLxWy4XNNVJY0DV9IKN+HQv70+y09XKo4dsLvkw="},"lastRemoteEphemeralKey":"BSzmA0CVcQ9Q8c8sSIoQlJ/EmoCf1WOOG64raqmEsscd","previousCounter":0,"rootKey":"rOG7YiE2wp9PtLWUvDQ4W1C4K35wFTpcnAflb4phAhg="},"indexInfo":{"baseKey":"BeAWq1yypoom83aGj+T+mie1EfTPj3q9aBrWfGnHjrA7","baseKeyType":1,"closed":-1,"used":1762859048036,"created":1762859048036,"remoteIdentityKey":"BcTZR2JkLjCTcZsY3t+jgr7Ss/jsWRXI5U1hl/1m1TRP"},"_chains":{"BeO5C+t/P9hC2FareUndDp0C/SUQQYOzZbaVOY05lb1Y":{"chainKey":{"counter":-1,"key":"Bva8Qu7gDdjLHBCVutw3KRhlrqGmGd0xdKZj/FmHk5w="},"chainType":1,"messageKeys":{}}},"pendingPreKey":{"signedKeyId":0,"baseKey":"BeAWq1yypoom83aGj+T+mie1EfTPj3q9aBrWfGnHjrA7"}}},"version":"v1"}