{"_sessions":{"BZrS60WC4FgDu3OfXlODVClmfrh3Upz2GRwHtR1zgRBs":{"registrationId":1242677443,"currentRatchet":{"ephemeralKeyPair":{"pubKey":"BcwbL9XqEDwB2q/78hIkM8trDpmLVTctEjOiQIX0ZOYv","privKey":"cEUV7caLIJ6OyUtjsLmHpzF082QzaaKpHE4rRqWU2U4="},"lastRemoteEphemeralKey":"BanWN30m0cKES9TN7j3YJCiWqli1O5fcAB4l5pZTdT52","previousCounter":0,"rootKey":"qBwEHOuuu+eNdgvIqXjxzRX74/MOWSmglyUysuEDl0A="},"indexInfo":{"baseKey":"BZrS60WC4FgDu3OfXlODVClmfrh3Upz2GRwHtR1zgRBs","baseKeyType":1,"closed":-1,"used":1762657597372,"created":1762657597372,"remoteIdentityKey":"BcUZAUTIXgcJwhqoEqjisgCKeMV5uNXXpTsqspWdHTYq"},"_chains":{"BcwbL9XqEDwB2q/78hIkM8trDpmLVTctEjOiQIX0ZOYv":{"chainKey":{"counter":19,"key":"sYjZ/lOuImozENLDT0btrH7AZDLewH51aSoHgevV8KE="},"chainType":1,"messageKeys":{}}},"pendingPreKey":{"signedKeyId":11,"baseKey":"BZrS60WC4FgDu3OfXlODVClmfrh3Upz2GRwHtR1zgRBs","preKeyId":12414603}}},"version":"v1"}