{"_sessions":{"Bdg9CFcbZFNEKjgZ0WlMT37I9Dd83D865F8R8lrAN2w4":{"registrationId":858357579,"currentRatchet":{"ephemeralKeyPair":{"pubKey":"BQiIdJauPGB1OGSMiNNttgC/gUYX/rajc5olFW5uUW50","privKey":"GL3O7myxAFMaJh1cvDU/r6FQ4Y1OnIfy5nkROEn7M3g="},"lastRemoteEphemeralKey":"BfsqKA0TtTVfuzPWKB4JaOfAfFU52QzrDEdvvwhcsbNY","previousCounter":0,"rootKey":"WhsbsECN+gYivyYNe84eAsa3obb3IpDvLpdLSWUjBhI="},"indexInfo":{"baseKey":"Bdg9CFcbZFNEKjgZ0WlMT37I9Dd83D865F8R8lrAN2w4","baseKeyType":2,"closed":-1,"used":1762663846832,"created":1762663846832,"remoteIdentityKey":"Bf95kqkcwU//yPMbBwaGxiaOZkoK8/h0DXMdb4RkfeAq"},"_chains":{"BfsqKA0TtTVfuzPWKB4JaOfAfFU52QzrDEdvvwhcsbNY":{"chainKey":{"counter":1,"key":"tPqe7x12cAVGPDEFEMcIJ2pAG8Q2p/qHIHUghFDCO5k="},"chainType":2,"messageKeys":{}},"BQiIdJauPGB1OGSMiNNttgC/gUYX/rajc5olFW5uUW50":{"chainKey":{"counter":-1,"key":"sUkh37LBz3qMulO2g56GfUaVAUMhJ75scFof19GHOG0="},"chainType":1,"messageKeys":{}}}}},"version":"v1"}