{"_sessions":{"BSZfg5Hz8cdS+w4hD35hJsf6j1Gpob3SgsPmUe4ZBa5R":{"registrationId":93479564,"currentRatchet":{"ephemeralKeyPair":{"pubKey":"BQUBlN5VBTZ8Bl7XArrX8f/7/CaZhes0dqxUw04ricUJ","privKey":"ePoWqvatdk/+IsG69TAhPFieLV/3Ezp2zY7NC8tF4mY="},"lastRemoteEphemeralKey":"BaVdUMg6eZctTu5mjH6WfTEEucgYgfO9NxKeldMO4+V5","previousCounter":0,"rootKey":"FgCkDc24oky7i3VSfcizNQwI6Y98AWoOyzPgpxE6lj4="},"indexInfo":{"baseKey":"BSZfg5Hz8cdS+w4hD35hJsf6j1Gpob3SgsPmUe4ZBa5R","baseKeyType":1,"closed":-1,"used":1762657597286,"created":1762657597286,"remoteIdentityKey":"BTbIQVAHs0XpWcJQlSCjnQRZmOcm88qitT3wDjTso35Y"},"_chains":{"BQUBlN5VBTZ8Bl7XArrX8f/7/CaZhes0dqxUw04ricUJ":{"chainKey":{"counter":19,"key":"8NTWttpadazusmDHV9WwCPgHBVh1gyJEW1ZnlbFO4K0="},"chainType":1,"messageKeys":{}}},"pendingPreKey":{"signedKeyId":58,"baseKey":"BSZfg5Hz8cdS+w4hD35hJsf6j1Gpob3SgsPmUe4ZBa5R","preKeyId":13708947}}},"version":"v1"}