{"_sessions":{"Bfze0DhnLfChpIGgYsKfyoHGED5Jc0FXiSrb15SUNW5I":{"registrationId":1025744481,"currentRatchet":{"ephemeralKeyPair":{"pubKey":"Bcn712ZsSvuCQZcjs8J7mS/wM8DI0andQGSrOQMGxXsi","privKey":"ADmnQk7G453oGf66EklO0++D3mlXhSJqacqAhGsHqWo="},"lastRemoteEphemeralKey":"BWO9ygkIC7t6gKyRIqln6yi55PXkdqojNvgwyWz5L5Ax","previousCounter":0,"rootKey":"S1LE8YSyaWngjik/rYZR3uv3MJZXLaNMf8Q7Nmh4pOI="},"indexInfo":{"baseKey":"Bfze0DhnLfChpIGgYsKfyoHGED5Jc0FXiSrb15SUNW5I","baseKeyType":1,"closed":-1,"used":1762657598579,"created":1762657598579,"remoteIdentityKey":"BUtD+BLz3ra9pXCHWt1g5S+5jYLZNUu95fuAACeJRMsQ"},"_chains":{"Bcn712ZsSvuCQZcjs8J7mS/wM8DI0andQGSrOQMGxXsi":{"chainKey":{"counter":19,"key":"RGCTHzTnmg4xq9+ZK+W4nW2Aoi9O0t7Cq46HNE6Boqk="},"chainType":1,"messageKeys":{}}},"pendingPreKey":{"signedKeyId":15,"baseKey":"Bfze0DhnLfChpIGgYsKfyoHGED5Jc0FXiSrb15SUNW5I","preKeyId":7208477}}},"version":"v1"}