{"_sessions":{"BU/LB3ZfZcuAytSch9wIfJ2WIEcIDa5dgLoWq+vGsPlT":{"registrationId":633984875,"currentRatchet":{"ephemeralKeyPair":{"pubKey":"Bf6iSb+tOmQYXvbKq/oM61sNUnYL4xhnFPwgmLuUa6Nc","privKey":"eHgTp9cVveaIqnd3eEXRlQs8T6hpC+6wfNIpPovZ/0Y="},"lastRemoteEphemeralKey":"BQrclILfnmAfBQ5BUB1WWj4BtMXf0L07XTCtuqJqtpBN","previousCounter":0,"rootKey":"bSw1OM/xOwgVUFxgT2/rdGbZjew5g9Om4uCzKG0slfc="},"indexInfo":{"baseKey":"BU/LB3ZfZcuAytSch9wIfJ2WIEcIDa5dgLoWq+vGsPlT","baseKeyType":1,"closed":-1,"used":1762657598486,"created":1762657598486,"remoteIdentityKey":"BWMqHxdWYxez5ZhRwo+MVZq0xrBnuLa3PvzABJ8VboYp"},"_chains":{"Bf6iSb+tOmQYXvbKq/oM61sNUnYL4xhnFPwgmLuUa6Nc":{"chainKey":{"counter":19,"key":"phY4cpgdti8J5I/XNDy4Jgz/Xt8Yt1V4uIklrHnFUwk="},"chainType":1,"messageKeys":{}}},"pendingPreKey":{"signedKeyId":11,"baseKey":"BU/LB3ZfZcuAytSch9wIfJ2WIEcIDa5dgLoWq+vGsPlT","preKeyId":2801823}}},"version":"v1"}