{"_sessions":{"BRoZ73OcNytQdKa3F2ZU+m4FE3FNIHLdAdi6zBAZ+xUy":{"registrationId":797128631,"currentRatchet":{"ephemeralKeyPair":{"pubKey":"BR0tYtFBuk6nA4uRvi4jVT1L9GkICGz6gKX32uyvdxtf","privKey":"CPkE9Oirr/AoMs2zlNJGHM0nNqS2+R5QC4kmsxmNvGk="},"lastRemoteEphemeralKey":"BY6Xll9iTPa2XpRX9izS8Fu7hzCp5Y/iLbkgqNf+qKYX","previousCounter":0,"rootKey":"VFzqp9PHyqQILSDcd5erbnlFwj5AuT0yWUn7BjDVDO0="},"indexInfo":{"baseKey":"BRoZ73OcNytQdKa3F2ZU+m4FE3FNIHLdAdi6zBAZ+xUy","baseKeyType":1,"closed":-1,"used":1762657597890,"created":1762657597890,"remoteIdentityKey":"BdSn2WOkid+4h7CxlJuier8cCpCS+1n5KB4eCDkuU1Ql"},"_chains":{"BR0tYtFBuk6nA4uRvi4jVT1L9GkICGz6gKX32uyvdxtf":{"chainKey":{"counter":19,"key":"ZtzEhHdoGgwA46TCcV58ZkPz6yNqHb6qhwFgryLi0u8="},"chainType":1,"messageKeys":{}}},"pendingPreKey":{"signedKeyId":9,"baseKey":"BRoZ73OcNytQdKa3F2ZU+m4FE3FNIHLdAdi6zBAZ+xUy","preKeyId":10256689}}},"version":"v1"}