{"_sessions":{"BZcZFlE7umEcLcAVi96j5Tmmjsu0EGKFMwLAoOO7I9Fy":{"registrationId":1243976313,"currentRatchet":{"ephemeralKeyPair":{"pubKey":"BWrREkMC6H4FBrNIHd+NFtP3SHjgNIefRR36ijRMnn0B","privKey":"aPFwoUYugdcrZ7a1Fqvimk+u2/wGKQBqB+7hGuzfMUY="},"lastRemoteEphemeralKey":"BZYdVHK+CumdMHaRNjosMa56MopWkNTcTQcXfzA1mjN2","previousCounter":0,"rootKey":"gF9o/XDQJAksyMlrUoVPXj0T46Ku5bL4NrZhH0XuWC0="},"indexInfo":{"baseKey":"BZcZFlE7umEcLcAVi96j5Tmmjsu0EGKFMwLAoOO7I9Fy","baseKeyType":1,"closed":-1,"used":1762657597674,"created":1762657597674,"remoteIdentityKey":"BZxFre5/amCNXY0a0lVPL7gGf7hviGa1IckX2N5a8Vo3"},"_chains":{"BWrREkMC6H4FBrNIHd+NFtP3SHjgNIefRR36ijRMnn0B":{"chainKey":{"counter":19,"key":"OJ9H99qX+9nRp1BuwXApT2Y5Jb22748jLvg9bp4zxZQ="},"chainType":1,"messageKeys":{}}},"pendingPreKey":{"signedKeyId":34,"baseKey":"BZcZFlE7umEcLcAVi96j5Tmmjsu0EGKFMwLAoOO7I9Fy","preKeyId":14840297}}},"version":"v1"}