{"_sessions":{"BUFF1wNfCNJRbf5RxmqfyhYI9tIzA819mZnjf71ykjpS":{"registrationId":103120148,"currentRatchet":{"ephemeralKeyPair":{"pubKey":"Bc8VcYDnka/Tz4l4Y7kOAJ6guge72mTerw7nQf6HAW4X","privKey":"6O4YkNEkzs+LQz7CctWcXaFWvsFkX4p2szYIjCbJ9Gg="},"lastRemoteEphemeralKey":"BTwRAHvJJb/txrB+awVBPK2RUQZpOs0ZMkb0DEbuWk8i","previousCounter":0,"rootKey":"ktMJpsw+fcT9EcCL/MxAVxB2hitkIj4988fk1xhjpPc="},"indexInfo":{"baseKey":"BUFF1wNfCNJRbf5RxmqfyhYI9tIzA819mZnjf71ykjpS","baseKeyType":2,"closed":-1,"used":1762702382423,"created":1762702382423,"remoteIdentityKey":"BQLA5iv0ZUwaNsp0GhLpCCbf6bIdzvqc1QRD752DU8lK"},"_chains":{"BTwRAHvJJb/txrB+awVBPK2RUQZpOs0ZMkb0DEbuWk8i":{"chainKey":{"counter":0,"key":"VB1icxT6ltzywO0H3Ev59WTS/M0jRHiYJnwWD0cxBNI="},"chainType":2,"messageKeys":{}},"Bc8VcYDnka/Tz4l4Y7kOAJ6guge72mTerw7nQf6HAW4X":{"chainKey":{"counter":-1,"key":"ypoNASxs1ho9tevyVjEEcSIQC9Lh+PaQC5GZWxu0uzI="},"chainType":1,"messageKeys":{}}}}},"version":"v1"}