{"_sessions":{"BQBqFNnyAusnpMym6Br1CVw4EgtWs1P86yNuwGpd6NEs":{"registrationId":41838295,"currentRatchet":{"ephemeralKeyPair":{"pubKey":"BXZYpGfgUX1v0w1qHnqRz4m+o4pGJSKwB2knPp9cFsV1","privKey":"eFay+6bxxeisOP5tQiPqjrlJKYVveQuNM5F7p2nw51o="},"lastRemoteEphemeralKey":"Bars8F8jrR4DJwsCcqwmt1dAaD9VVIcfPZ4f4DndScRK","previousCounter":0,"rootKey":"UaI3BfSpZGcV4Maqxlw5ILf7swfhymhZB9MEyL2rIIM="},"indexInfo":{"baseKey":"BQBqFNnyAusnpMym6Br1CVw4EgtWs1P86yNuwGpd6NEs","baseKeyType":1,"closed":-1,"used":1762657597977,"created":1762657597977,"remoteIdentityKey":"Ba1wW0fgbX0iD9qcqVu3ujzMRiwPIfoTWAnm6v8X2D4Z"},"_chains":{"BXZYpGfgUX1v0w1qHnqRz4m+o4pGJSKwB2knPp9cFsV1":{"chainKey":{"counter":19,"key":"jfKuaH9TDoLq1rCwHZJY6/UTikjr1wQWXPiVMWtv0SQ="},"chainType":1,"messageKeys":{}}},"pendingPreKey":{"signedKeyId":4,"baseKey":"BQBqFNnyAusnpMym6Br1CVw4EgtWs1P86yNuwGpd6NEs","preKeyId":6451678}}},"version":"v1"}