{"_sessions":{"BZ20uAY7Clzj4fTV0+8+9k8Y/Vwb/4fUpSH77ooSId88":{"registrationId":396417955,"currentRatchet":{"ephemeralKeyPair":{"pubKey":"BYXjN/hJRBwAGZTpIUOEUb6pdJjkuD7u7RlzWlIZ6L9n","privKey":"KMgxmZRomF6Qccmd4/WBwxW9XikEudRYtgkDWML4TWc="},"lastRemoteEphemeralKey":"BbfrGOkcKYDuDGxHknhtJJRqqKhLrNY2YaA/i9i/Yhkk","previousCounter":0,"rootKey":"EZCD/PbIEXCxbYBIjnZqMA5SHa3h3o/SCMbaTmWDrlU="},"indexInfo":{"baseKey":"BZ20uAY7Clzj4fTV0+8+9k8Y/Vwb/4fUpSH77ooSId88","baseKeyType":2,"closed":-1,"used":1762817358875,"created":1762605722579,"remoteIdentityKey":"BVWCeYHI/OmKqAYOSNKdbJbxsAJImosY2C5sNJN5qUsr"},"_chains":{"Bd8BKhae3VVBF2qtdW9b5CEJNiue+vJUNKGtZvWKhd9X":{"chainKey":{"counter":1},"chainType":2,"messageKeys":{"1":"vcC+GinNs6QptI1BnNag0wU1A4MlzeTXx6mYc41iZ7U="}},"BbfrGOkcKYDuDGxHknhtJJRqqKhLrNY2YaA/i9i/Yhkk":{"chainKey":{"counter":0,"key":"xEHPYHsGsjvGyADvtRGA4NMBg1d9RiT8WNTjxyKkyLU="},"chainType":2,"messageKeys":{}},"BYXjN/hJRBwAGZTpIUOEUb6pdJjkuD7u7RlzWlIZ6L9n":{"chainKey":{"counter":-1,"key":"ZxtA+oO0zfdHFn4qPM+w4GPeNPhMIPhr3kVw0vfzruU="},"chainType":1,"messageKeys":{}}}}},"version":"v1"}