{"_sessions":{"BUIXMGSuyFrqRiO1lTbkPYVdZ/zaKUY6J48zx+W79R1Y":{"registrationId":835100404,"currentRatchet":{"ephemeralKeyPair":{"pubKey":"BQtUDlB5JOlmCUiEv77TYGlyzghZ+YxH5FLbPSeMobJz","privKey":"MKDITF8hv9eMccv6KNSWMH+7HIZTFkvGd6+1YN3EL3Y="},"lastRemoteEphemeralKey":"BVpXmz4n0h/IJ8gALikXV6uB2X2f+AbHQSsQyQyKg5wV","previousCounter":0,"rootKey":"SZq/uZOC0goae48+MJVFzDUUvcsU8X5lb2cROizf7r4="},"indexInfo":{"baseKey":"BUIXMGSuyFrqRiO1lTbkPYVdZ/zaKUY6J48zx+W79R1Y","baseKeyType":1,"closed":-1,"used":1762830944039,"created":1762612576780,"remoteIdentityKey":"BUxwVyXQJY1ycwJnkDprSkqzehpL2kbOMCGJApjqyBAZ"},"_chains":{"BVpXmz4n0h/IJ8gALikXV6uB2X2f+AbHQSsQyQyKg5wV":{"chainKey":{"counter":1,"key":"BhrKi3XRoVg6rT/Wa2ppoWE0g/iW0VbLM85KIMR6FfY="},"chainType":2,"messageKeys":{}},"BQtUDlB5JOlmCUiEv77TYGlyzghZ+YxH5FLbPSeMobJz":{"chainKey":{"counter":-1,"key":"n2xah7JNKVKS50MI4npk3ucNglIHoWCSWgWdBLaWz1I="},"chainType":1,"messageKeys":{}}}}},"version":"v1"}