{"_sessions":{"BdY+6/zgEkbo27CiXLmPhPLofC9SslA1EdLzC3JZSiYb":{"registrationId":610763988,"currentRatchet":{"ephemeralKeyPair":{"pubKey":"BcW7OfAPJ5oHCo4mjqE7WI0wy0N6H/85BnhXbWFDvHMG","privKey":"oBZiTarMQgHKLiYtopZLTzlMoxlG3BD0JzTFYS5aXFQ="},"lastRemoteEphemeralKey":"BbvEMwzufCHJUU0/Fs3xvqgNU//oQ21pUC4okfNLMeQq","previousCounter":0,"rootKey":"sttoyA5lAUll0bL4W9Lmza+KzO8PNxGMbpjtyILwAaQ="},"indexInfo":{"baseKey":"BdY+6/zgEkbo27CiXLmPhPLofC9SslA1EdLzC3JZSiYb","baseKeyType":1,"closed":1762685866516,"used":1762657599078,"created":1762657599078,"remoteIdentityKey":"BXMxc0kxi9n35QcdTJOV9HiPob0v4k9RnKQZpZZyvD1O"},"_chains":{"BcW7OfAPJ5oHCo4mjqE7WI0wy0N6H/85BnhXbWFDvHMG":{"chainKey":{"counter":0,"key":"R/NkeSn8zAa0ryOUNunzNxHEgAbj4r069EyhFtyIk74="},"chainType":1,"messageKeys":{}}},"pendingPreKey":{"signedKeyId":1,"baseKey":"BdY+6/zgEkbo27CiXLmPhPLofC9SslA1EdLzC3JZSiYb","preKeyId":1234}},"BU7FT/EqkOUerKLfYuO8A5WoObUUmjI8j5gxIpgmK3hc":{"registrationId":610763988,"currentRatchet":{"ephemeralKeyPair":{"pubKey":"BfxR7wX5HPTEuiUs/njQwqUtJjDwqaOOj8wD8ZCcwv48","privKey":"YPYYYQDV9xnxAoh9Eh5wD3FH/Efk3PqVUvzBmWBUvXE="},"lastRemoteEphemeralKey":"BbvEMwzufCHJUU0/Fs3xvqgNU//oQ21pUC4okfNLMeQq","previousCounter":0,"rootKey":"scwJBpuSEsoyiacNRaS8lnfffaBXXc88oD2Yu27OZ0U="},"indexInfo":{"baseKey":"BU7FT/EqkOUerKLfYuO8A5WoObUUmjI8j5gxIpgmK3hc","baseKeyType":1,"closed":1762688817382,"used":1762685866512,"created":1762685866512,"remoteIdentityKey":"BXMxc0kxi9n35QcdTJOV9HiPob0v4k9RnKQZpZZyvD1O"},"_chains":{"BfxR7wX5HPTEuiUs/njQwqUtJjDwqaOOj8wD8ZCcwv48":{"chainKey":{"counter":0,"key":"n12jpNLWc7iez+iCMQEBeDSGv8CY8Nai8jTt7uybZ9o="},"chainType":1,"messageKeys":{}}},"pendingPreKey":{"signedKeyId":1,"baseKey":"BU7FT/EqkOUerKLfYuO8A5WoObUUmjI8j5gxIpgmK3hc","preKeyId":1454}},"BY6hnrZsDhLCDDwhyoT8iumQww8tmT8PFs7gQq/CU+xV":{"registrationId":610763988,"currentRatchet":{"ephemeralKeyPair":{"pubKey":"BUrhvMJgHNOGTUKxzWAs5c0p2QqUA5NmeldTguyeqHBv","privKey":"WDwI5kf8Sbnmz0aTpWO0cEhz4jBlS4mCjzdWP2ikkHY="},"lastRemoteEphemeralKey":"BbvEMwzufCHJUU0/Fs3xvqgNU//oQ21pUC4okfNLMeQq","previousCounter":0,"rootKey":"gMvcaWh/TQ1ciYQccH129AhRv2o3BiK2E66njslErsk="},"indexInfo":{"baseKey":"BY6hnrZsDhLCDDwhyoT8iumQww8tmT8PFs7gQq/CU+xV","baseKeyType":1,"closed":1762732674645,"used":1762688817377,"created":1762688817377,"remoteIdentityKey":"BXMxc0kxi9n35QcdTJOV9HiPob0v4k9RnKQZpZZyvD1O"},"_chains":{"BUrhvMJgHNOGTUKxzWAs5c0p2QqUA5NmeldTguyeqHBv":{"chainKey":{"counter":0,"key":"MYCq/fGKRyYj0reISlFFemySAW4qQhDrGN/rnsyXLio="},"chainType":1,"messageKeys":{}}},"pendingPreKey":{"signedKeyId":1,"baseKey":"BY6hnrZsDhLCDDwhyoT8iumQww8tmT8PFs7gQq/CU+xV","preKeyId":1255}},"BTdnabCde/M57NjZbBg/b3YmqNGtrYT/pnXPLy8YTyod":{"registrationId":610763988,"currentRatchet":{"ephemeralKeyPair":{"pubKey":"BUs9HbO2nRIb2LaUfgRpuxuem8Ddfa0JxD5W2s+7CHRz","privKey":"2D2ygT+ktZjv89Mz7vYi2Ibtf021GT0K8/HXuFHqumQ="},"lastRemoteEphemeralKey":"BbvEMwzufCHJUU0/Fs3xvqgNU//oQ21pUC4okfNLMeQq","previousCounter":0,"rootKey":"UiDA7p5WhkGWTD1jv5qqo1Eu+tqSjIVmp6kXKB5A9QQ="},"indexInfo":{"baseKey":"BTdnabCde/M57NjZbBg/b3YmqNGtrYT/pnXPLy8YTyod","baseKeyType":1,"closed":1762735449385,"used":1762732674640,"created":1762732674640,"remoteIdentityKey":"BXMxc0kxi9n35QcdTJOV9HiPob0v4k9RnKQZpZZyvD1O"},"_chains":{"BUs9HbO2nRIb2LaUfgRpuxuem8Ddfa0JxD5W2s+7CHRz":{"chainKey":{"counter":0,"key":"nZMFfnPo+RDnrAVJcS5O0ewR7cQXJLPRdF5phPqT+Hc="},"chainType":1,"messageKeys":{}}},"pendingPreKey":{"signedKeyId":1,"baseKey":"BTdnabCde/M57NjZbBg/b3YmqNGtrYT/pnXPLy8YTyod","preKeyId":1263}},"BZ5p+1jc/r8cW6XcnzcQSQlOux8Cxx+rrw7AsdUB8pht":{"registrationId":610763988,"currentRatchet":{"ephemeralKeyPair":{"pubKey":"BflVlo/uPgEjwm4ZMQb8wmahoGixBnnqnofR+Nw1cb5E","privKey":"WOSclGXns3m6BREQQhMTzvTmU4lzpgDg94NxC02Zdl4="},"lastRemoteEphemeralKey":"BbvEMwzufCHJUU0/Fs3xvqgNU//oQ21pUC4okfNLMeQq","previousCounter":0,"rootKey":"Fsn2EMppzzB83Ce3k3tWRUViMdswseVgWWeoBxnUCdg="},"indexInfo":{"baseKey":"BZ5p+1jc/r8cW6XcnzcQSQlOux8Cxx+rrw7AsdUB8pht","baseKeyType":1,"closed":1762842204076,"used":1762735449381,"created":1762735449381,"remoteIdentityKey":"BXMxc0kxi9n35QcdTJOV9HiPob0v4k9RnKQZpZZyvD1O"},"_chains":{"BflVlo/uPgEjwm4ZMQb8wmahoGixBnnqnofR+Nw1cb5E":{"chainKey":{"counter":4,"key":"0LKK0eud6TINRjlUE/hzJmpOYaukAw+DBkCeC0kyCpA="},"chainType":1,"messageKeys":{}}},"pendingPreKey":{"signedKeyId":1,"baseKey":"BZ5p+1jc/r8cW6XcnzcQSQlOux8Cxx+rrw7AsdUB8pht","preKeyId":1182}},"BdPywyRd6QEEXwTsiiryBENN9e3BHWTdccKpKfsnZEdo":{"registrationId":610763988,"currentRatchet":{"ephemeralKeyPair":{"pubKey":"BXyPwRypsz00uRSDB+DrMqxtorZwvMrXh6K3+jHHSplj","privKey":"cCbaCmF+zJyGXXgufUAhLzY+gOZltDR7sTi67PW4vnQ="},"lastRemoteEphemeralKey":"BbvEMwzufCHJUU0/Fs3xvqgNU//oQ21pUC4okfNLMeQq","previousCounter":0,"rootKey":"K37gK3P5IYnf8PRNCQO5F2Ww+wmHDVTE4LR9tb0xrqk="},"indexInfo":{"baseKey":"BdPywyRd6QEEXwTsiiryBENN9e3BHWTdccKpKfsnZEdo","baseKeyType":1,"closed":1762842212403,"used":1762842203978,"created":1762842203978,"remoteIdentityKey":"BXMxc0kxi9n35QcdTJOV9HiPob0v4k9RnKQZpZZyvD1O"},"_chains":{"BXyPwRypsz00uRSDB+DrMqxtorZwvMrXh6K3+jHHSplj":{"chainKey":{"counter":0,"key":"bF4GCQS5ZCSQZTs2Nqx3b+4RZBvKm4EvFQ31CB9qoSg="},"chainType":1,"messageKeys":{}}},"pendingPreKey":{"signedKeyId":1,"baseKey":"BdPywyRd6QEEXwTsiiryBENN9e3BHWTdccKpKfsnZEdo","preKeyId":1254}},"BfnaDlD9kFch7SHOE6XkdD0mHp+aZ6zXFy4ufNxsd35A":{"registrationId":610763988,"currentRatchet":{"ephemeralKeyPair":{"pubKey":"BfJGotZ0WKGBGiLle1ez94LPe3JKVNFES8+XPKexG0l6","privKey":"QMOnYhRMSi8aWpSQkYfWd4Pdr61vjWRyYmswY9oZG2I="},"lastRemoteEphemeralKey":"BbvEMwzufCHJUU0/Fs3xvqgNU//oQ21pUC4okfNLMeQq","previousCounter":0,"rootKey":"TlZAEMO/2rwhI/b9uxytMQqpVW1s4WrLSFRtehxo39c="},"indexInfo":{"baseKey":"BfnaDlD9kFch7SHOE6XkdD0mHp+aZ6zXFy4ufNxsd35A","baseKeyType":1,"closed":1762845688374,"used":1762842212399,"created":1762842212399,"remoteIdentityKey":"BXMxc0kxi9n35QcdTJOV9HiPob0v4k9RnKQZpZZyvD1O"},"_chains":{"BfJGotZ0WKGBGiLle1ez94LPe3JKVNFES8+XPKexG0l6":{"chainKey":{"counter":0,"key":"MOIPaQT1nsIUs7wHe0MwDvnGvV7HWJVLnRL5e6O4/dY="},"chainType":1,"messageKeys":{}}},"pendingPreKey":{"signedKeyId":1,"baseKey":"BfnaDlD9kFch7SHOE6XkdD0mHp+aZ6zXFy4ufNxsd35A","preKeyId":1325}},"BYq46JdZuUqg0o6qj7FxIcDd58tXbyPBlOrACzdH0Qp2":{"registrationId":610763988,"currentRatchet":{"ephemeralKeyPair":{"pubKey":"BcbQOl9/OyTNUz572HibeI6ynS8ismBC+KAZWMMG+w55","privKey":"0LIGsve5eqFgWUYeQfa415b3HpEe9wf7Lre/Q04loH4="},"lastRemoteEphemeralKey":"BbvEMwzufCHJUU0/Fs3xvqgNU//oQ21pUC4okfNLMeQq","previousCounter":0,"rootKey":"kAUqAadhHQ6NVwZQBlppcdq5uB5rVMSlTC7Z5iL+jjc="},"indexInfo":{"baseKey":"BYq46JdZuUqg0o6qj7FxIcDd58tXbyPBlOrACzdH0Qp2","baseKeyType":1,"closed":1762845697879,"used":1762845688280,"created":1762845688280,"remoteIdentityKey":"BXMxc0kxi9n35QcdTJOV9HiPob0v4k9RnKQZpZZyvD1O"},"_chains":{"BcbQOl9/OyTNUz572HibeI6ynS8ismBC+KAZWMMG+w55":{"chainKey":{"counter":0,"key":"EUe788haaCa7Wwo9BUtwSKTSVX/2nWdp7rf4QfmEQeo="},"chainType":1,"messageKeys":{}}},"pendingPreKey":{"signedKeyId":1,"baseKey":"BYq46JdZuUqg0o6qj7FxIcDd58tXbyPBlOrACzdH0Qp2","preKeyId":1119}},"BcnZiDsfkNg2m66Edak+JB6udGcR8xL4LAtgWKiVhetT":{"registrationId":610763988,"currentRatchet":{"ephemeralKeyPair":{"pubKey":"BaxybsHEdp+Y7vTkJByIeyA1a/tx/NUCF8RsKn0mia5a","privKey":"aGoIG/y7KmT9LQWgKYE7Oryc9u78VZYVwe3dgY9+b0Y="},"lastRemoteEphemeralKey":"BbvEMwzufCHJUU0/Fs3xvqgNU//oQ21pUC4okfNLMeQq","previousCounter":0,"rootKey":"zLHT0APAJFrnoychVirNLd7t3L0rB34DSN1SjZGG5dU="},"indexInfo":{"baseKey":"BcnZiDsfkNg2m66Edak+JB6udGcR8xL4LAtgWKiVhetT","baseKeyType":1,"closed":1762852406476,"used":1762845697875,"created":1762845697875,"remoteIdentityKey":"BXMxc0kxi9n35QcdTJOV9HiPob0v4k9RnKQZpZZyvD1O"},"_chains":{"BaxybsHEdp+Y7vTkJByIeyA1a/tx/NUCF8RsKn0mia5a":{"chainKey":{"counter":0,"key":"+XyPbyRLBgIYPAAwyRF4YAd0xy6iAnn2r0sFPEilX9M="},"chainType":1,"messageKeys":{}}},"pendingPreKey":{"signedKeyId":1,"baseKey":"BcnZiDsfkNg2m66Edak+JB6udGcR8xL4LAtgWKiVhetT","preKeyId":1322}},"BU+M2apWSZA9Pau91n9M1r09sK8mWMw8/eTa8e8E0TxH":{"registrationId":610763988,"currentRatchet":{"ephemeralKeyPair":{"pubKey":"BW6cYVQl1lY3OX3jhHsTiFtfjDH1Ec8XMG32zqfu9/ge","privKey":"MFfE8xwfmlvaOieiTbNY+WZuiebpZVybgFq6FZBi9lE="},"lastRemoteEphemeralKey":"BbvEMwzufCHJUU0/Fs3xvqgNU//oQ21pUC4okfNLMeQq","previousCounter":0,"rootKey":"/fxYl3NwTMntwNqRFI20n5z7B7B0MESyqbP9Y5UaUag="},"indexInfo":{"baseKey":"BU+M2apWSZA9Pau91n9M1r09sK8mWMw8/eTa8e8E0TxH","baseKeyType":1,"closed":1762852415156,"used":1762852406470,"created":1762852406470,"remoteIdentityKey":"BXMxc0kxi9n35QcdTJOV9HiPob0v4k9RnKQZpZZyvD1O"},"_chains":{"BW6cYVQl1lY3OX3jhHsTiFtfjDH1Ec8XMG32zqfu9/ge":{"chainKey":{"counter":0,"key":"tq7sMcqkajxz7r7fxiFNfGBInWjzNYaOgclHanVrgrI="},"chainType":1,"messageKeys":{}}},"pendingPreKey":{"signedKeyId":1,"baseKey":"BU+M2apWSZA9Pau91n9M1r09sK8mWMw8/eTa8e8E0TxH","preKeyId":1090}},"BeGvnPwNBklI8fzLPBlZKBdwbFg5GPe/pw47+dPzAzYL":{"registrationId":610763988,"currentRatchet":{"ephemeralKeyPair":{"pubKey":"BVt+gZaQL5A2GCSBRXqerH9bwKCoDeqe49Az3LWLU5BR","privKey":"EG+SZywMx0IojglHJ7FgIwqJx9Fy7NMpahMzXVQt0mM="},"lastRemoteEphemeralKey":"BbvEMwzufCHJUU0/Fs3xvqgNU//oQ21pUC4okfNLMeQq","previousCounter":0,"rootKey":"1qWSoPaMIAagZoE9o8UpLxajA4vP4kpKStDNtDz6nl0="},"indexInfo":{"baseKey":"BeGvnPwNBklI8fzLPBlZKBdwbFg5GPe/pw47+dPzAzYL","baseKeyType":1,"closed":1762855736160,"used":1762852415152,"created":1762852415152,"remoteIdentityKey":"BXMxc0kxi9n35QcdTJOV9HiPob0v4k9RnKQZpZZyvD1O"},"_chains":{"BVt+gZaQL5A2GCSBRXqerH9bwKCoDeqe49Az3LWLU5BR":{"chainKey":{"counter":0,"key":"Ah3xBVhxBQQt0irvnzOxpveLdpJm51AUZhErmFnwo6g="},"chainType":1,"messageKeys":{}}},"pendingPreKey":{"signedKeyId":1,"baseKey":"BeGvnPwNBklI8fzLPBlZKBdwbFg5GPe/pw47+dPzAzYL","preKeyId":1415}},"BQgKk7i3DAvYekUEji7FDU3IIXhanC4KpQMY8/hWaK9l":{"registrationId":610763988,"currentRatchet":{"ephemeralKeyPair":{"pubKey":"BbhbPeU54XASgJrKeZac0f+PTDKDcjtRYzfPVjR0pjku","privKey":"CAeaH99pxvnYM1AHX6e1m02f/yYvSjHQXAmALtH5PXE="},"lastRemoteEphemeralKey":"BbvEMwzufCHJUU0/Fs3xvqgNU//oQ21pUC4okfNLMeQq","previousCounter":0,"rootKey":"xpKaL5QgPkYLQue6R+qf/A1cpEx2iMhBx4cVvoRPwMw="},"indexInfo":{"baseKey":"BQgKk7i3DAvYekUEji7FDU3IIXhanC4KpQMY8/hWaK9l","baseKeyType":1,"closed":1762855740873,"used":1762855736156,"created":1762855736156,"remoteIdentityKey":"BXMxc0kxi9n35QcdTJOV9HiPob0v4k9RnKQZpZZyvD1O"},"_chains":{"BbhbPeU54XASgJrKeZac0f+PTDKDcjtRYzfPVjR0pjku":{"chainKey":{"counter":0,"key":"QfhF8IJSjTEmt8Wir6/qVEK/VE85bsLZC6Ui+xbvbCE="},"chainType":1,"messageKeys":{}}},"pendingPreKey":{"signedKeyId":1,"baseKey":"BQgKk7i3DAvYekUEji7FDU3IIXhanC4KpQMY8/hWaK9l","preKeyId":1302}},"BeTg/KUgIxm2ETAoDefbade8xKjhmpYtK1AsneyYjp9c":{"registrationId":610763988,"currentRatchet":{"ephemeralKeyPair":{"pubKey":"BePvocpxOlpsK6INh5LLQ9d2R1K/iRL6QHjkvvcyw/01","privKey":"oKmx1HgDZ7/aeXGz4/eN6wpHRCfSFgt7udphcL73aEs="},"lastRemoteEphemeralKey":"BbvEMwzufCHJUU0/Fs3xvqgNU//oQ21pUC4okfNLMeQq","previousCounter":0,"rootKey":"03dOx9djWrWFKIFnWraFLaT55i7mZdam4wp1jglFoL4="},"indexInfo":{"baseKey":"BeTg/KUgIxm2ETAoDefbade8xKjhmpYtK1AsneyYjp9c","baseKeyType":1,"closed":1762855749374,"used":1762855740775,"created":1762855740775,"remoteIdentityKey":"BXMxc0kxi9n35QcdTJOV9HiPob0v4k9RnKQZpZZyvD1O"},"_chains":{"BePvocpxOlpsK6INh5LLQ9d2R1K/iRL6QHjkvvcyw/01":{"chainKey":{"counter":0,"key":"D0jsKWBelZy9g6myvxUIOZlXmF5tSjUWNZdRmUUOLAs="},"chainType":1,"messageKeys":{}}},"pendingPreKey":{"signedKeyId":1,"baseKey":"BeTg/KUgIxm2ETAoDefbade8xKjhmpYtK1AsneyYjp9c","preKeyId":1360}},"BbMM36YMLfTr42xs3whJKsx+oaDvPPrAyqu6byBjJHo1":{"registrationId":610763988,"currentRatchet":{"ephemeralKeyPair":{"pubKey":"BQzVyZdJmThFtvLFgmfaNioaHqo5qmj17YNILHUZKUcb","privKey":"QOSNznrT3Ibv5McfbzROEzA4qGDrI1elwuAz0U+Ty3g="},"lastRemoteEphemeralKey":"BbvEMwzufCHJUU0/Fs3xvqgNU//oQ21pUC4okfNLMeQq","previousCounter":0,"rootKey":"lSrQ5nRpLERA9KaQO2c9lfLWunUWEZOy9qiOWDPx7EY="},"indexInfo":{"baseKey":"BbMM36YMLfTr42xs3whJKsx+oaDvPPrAyqu6byBjJHo1","baseKeyType":1,"closed":1762855902576,"used":1762855749369,"created":1762855749369,"remoteIdentityKey":"BXMxc0kxi9n35QcdTJOV9HiPob0v4k9RnKQZpZZyvD1O"},"_chains":{"BQzVyZdJmThFtvLFgmfaNioaHqo5qmj17YNILHUZKUcb":{"chainKey":{"counter":0,"key":"HDNzfgsBNKPzGVxWNWYim+pQ947ClQJrdRxP7d12jRE="},"chainType":1,"messageKeys":{}}},"pendingPreKey":{"signedKeyId":1,"baseKey":"BbMM36YMLfTr42xs3whJKsx+oaDvPPrAyqu6byBjJHo1","preKeyId":1243}},"BRWMPIga9VC3R0WKQPP/w/foPNWnPTSq4obiMuN5j0hq":{"registrationId":610763988,"currentRatchet":{"ephemeralKeyPair":{"pubKey":"BVrLRqF7i8W3K3ai/O46SkWbJuBvM9IwIGkbbEhiam0C","privKey":"IJH+zZCAIM2ae94euMB9+1xThFhj1gIhdEzLeG5VL1c="},"lastRemoteEphemeralKey":"BbvEMwzufCHJUU0/Fs3xvqgNU//oQ21pUC4okfNLMeQq","previousCounter":0,"rootKey":"Nr352sTxCs13BbftMEceyp7LS/VH9eeBv5UdD//Ilsk="},"indexInfo":{"baseKey":"BRWMPIga9VC3R0WKQPP/w/foPNWnPTSq4obiMuN5j0hq","baseKeyType":1,"closed":1762855908376,"used":1762855902277,"created":1762855902277,"remoteIdentityKey":"BXMxc0kxi9n35QcdTJOV9HiPob0v4k9RnKQZpZZyvD1O"},"_chains":{"BVrLRqF7i8W3K3ai/O46SkWbJuBvM9IwIGkbbEhiam0C":{"chainKey":{"counter":0,"key":"YPvsHTmlef+LzKGESsFTKshQom8BubROj0qlEyCDDxU="},"chainType":1,"messageKeys":{}}},"pendingPreKey":{"signedKeyId":1,"baseKey":"BRWMPIga9VC3R0WKQPP/w/foPNWnPTSq4obiMuN5j0hq","preKeyId":1300}},"BbpvNpLTxgtPW+eoY+7RDT1hq9sE2gpZftt/SSbzzkFL":{"registrationId":610763988,"currentRatchet":{"ephemeralKeyPair":{"pubKey":"BZEYBSCOb+IEwxIonhdORaB9nUY7A8C4l0unpQNcX1Qs","privKey":"YM7Zp/jir71cSJjabYX7Ul7i7eHARA7Ivw2zYHD39FQ="},"lastRemoteEphemeralKey":"BbvEMwzufCHJUU0/Fs3xvqgNU//oQ21pUC4okfNLMeQq","previousCounter":0,"rootKey":"8FZfGoD5fCq7Hn09B5IVY3VjqC7ue26iRD7A3S6xpLw="},"indexInfo":{"baseKey":"BbpvNpLTxgtPW+eoY+7RDT1hq9sE2gpZftt/SSbzzkFL","baseKeyType":1,"closed":1762855917900,"used":1762855908278,"created":1762855908278,"remoteIdentityKey":"BXMxc0kxi9n35QcdTJOV9HiPob0v4k9RnKQZpZZyvD1O"},"_chains":{"BZEYBSCOb+IEwxIonhdORaB9nUY7A8C4l0unpQNcX1Qs":{"chainKey":{"counter":0,"key":"+ZtAYeK2MtKA9VKWr1LXP310yFiSQuvgg7awyhnlU50="},"chainType":1,"messageKeys":{}}},"pendingPreKey":{"signedKeyId":1,"baseKey":"BbpvNpLTxgtPW+eoY+7RDT1hq9sE2gpZftt/SSbzzkFL","preKeyId":1363}},"BfUrk0XOwo6EWxLhG0s7fMW/fClQI1jn1LeA1s7gQa5a":{"registrationId":610763988,"currentRatchet":{"ephemeralKeyPair":{"pubKey":"Bc+uXff5LmqDwKB8IQnPVgm0BDF0qTgzreO7X3SCVS8q","privKey":"AHO/q5PLZ8eqRXybMVSZhV/36FJZBZ3cq6/DF3Ow+2s="},"lastRemoteEphemeralKey":"BbvEMwzufCHJUU0/Fs3xvqgNU//oQ21pUC4okfNLMeQq","previousCounter":0,"rootKey":"DojSQKkuvMM5UsSH6+YshblxGyBsexhhh/uSLJDpE4s="},"indexInfo":{"baseKey":"BfUrk0XOwo6EWxLhG0s7fMW/fClQI1jn1LeA1s7gQa5a","baseKeyType":1,"closed":-1,"used":1762855917895,"created":1762855917895,"remoteIdentityKey":"BXMxc0kxi9n35QcdTJOV9HiPob0v4k9RnKQZpZZyvD1O"},"_chains":{"Bc+uXff5LmqDwKB8IQnPVgm0BDF0qTgzreO7X3SCVS8q":{"chainKey":{"counter":-1,"key":"01tdVeVQOb1cQHc8CW3t4FhMmerEDm6QPfoAZcPsXlI="},"chainType":1,"messageKeys":{}}},"pendingPreKey":{"signedKeyId":1,"baseKey":"BfUrk0XOwo6EWxLhG0s7fMW/fClQI1jn1LeA1s7gQa5a","preKeyId":2434}}},"version":"v1"}