{"_sessions":{"BcoBTbedAFBOcQ8JPeqZFpB4zFKwc3PU0sQEKwSNTv1S":{"registrationId":438745637,"currentRatchet":{"ephemeralKeyPair":{"pubKey":"BWU0XaqIS0WLk2xFIV6tLW0NLmvVinXYNUa3j/fJ0E9F","privKey":"WEGdFHZJ3+QnJ51M2rP4zu2i6dq9KH9VcLpz0hyv7kc="},"lastRemoteEphemeralKey":"BQJvxQu9z0bXZ/Nh7Kd7fGW5QsLLzHwrl3MW3IT7n/No","previousCounter":0,"rootKey":"leGkus2tOBwIZ/tqI/seoc8C+I60Vablf+ftqVKmZxo="},"indexInfo":{"baseKey":"BcoBTbedAFBOcQ8JPeqZFpB4zFKwc3PU0sQEKwSNTv1S","baseKeyType":2,"closed":-1,"used":1762813623294,"created":1762813623294,"remoteIdentityKey":"BfzOEhLvOIAk63o7biAL1uJuFUZEpessPdY5YeVTi3Ul"},"_chains":{"BQJvxQu9z0bXZ/Nh7Kd7fGW5QsLLzHwrl3MW3IT7n/No":{"chainKey":{"counter":1,"key":"PBeDBMLdlYo74tgZ9XGBlGUKmtlSzxQV13JeIqTZGXI="},"chainType":2,"messageKeys":{}},"BWU0XaqIS0WLk2xFIV6tLW0NLmvVinXYNUa3j/fJ0E9F":{"chainKey":{"counter":-1,"key":"/GTTJCvh4/1uLrR+Nlw6MoNiCeO4ToxW6sOiKIIyMeY="},"chainType":1,"messageKeys":{}}}}},"version":"v1"}