{"_sessions":{"Bc3YvK/HDScZHB8Pg4Ij+dutLzCNjC5byq1zsum0gVow":{"registrationId":311252292,"currentRatchet":{"ephemeralKeyPair":{"pubKey":"BXsuemLcj6l2bzgJw/yYgPfEEIeRevtAaqsO1lQ7a0RX","privKey":"kN3DoV1q9bnqB5DM12MKMbNFqdiALVgqlIG1g903BVc="},"lastRemoteEphemeralKey":"BWrIdQWvEYdKiiiqJ/K72x+5hzh5t+w+6lhhp0ugFN4f","previousCounter":0,"rootKey":"PnL5GoIbUxOy15oYxNDh1dVxGSEdib/2o58ZL45LUvw="},"indexInfo":{"baseKey":"Bc3YvK/HDScZHB8Pg4Ij+dutLzCNjC5byq1zsum0gVow","baseKeyType":1,"closed":-1,"used":1762657598472,"created":1762657598472,"remoteIdentityKey":"BcTqG8v1WsSKlHlr+gtlnUqA93i3/US7rrbglacxuNF6"},"_chains":{"BXsuemLcj6l2bzgJw/yYgPfEEIeRevtAaqsO1lQ7a0RX":{"chainKey":{"counter":19,"key":"AjYNaxUpfwpqwXvNPfK+1IE6sY4UAk6AqS+Eb+LXA5g="},"chainType":1,"messageKeys":{}}},"pendingPreKey":{"signedKeyId":1,"baseKey":"Bc3YvK/HDScZHB8Pg4Ij+dutLzCNjC5byq1zsum0gVow","preKeyId":5161858}}},"version":"v1"}