{"_sessions":{"BaBzSEDuSJ/w2vmGVmz8ZXWS2zwkAVLmYNw5luCDOp8C":{"registrationId":1755278810,"currentRatchet":{"ephemeralKeyPair":{"pubKey":"BdVGJteX4aekTQR5kRmcqdPOpAkBWGTwKz0/fXx2xvYw","privKey":"eL9JMr4FTxOTcd5u40TUmGp9Gvfx/fmlvrtIAofbQXQ="},"lastRemoteEphemeralKey":"Be6XNDZuiqTW0gInIoM3ROEJ4MJMELJfwRxhhmzynTgd","previousCounter":0,"rootKey":"Id6H9PzdByR3dkfb+xpm1qvsWVeKmk16EHT2vZWhf1s="},"indexInfo":{"baseKey":"BaBzSEDuSJ/w2vmGVmz8ZXWS2zwkAVLmYNw5luCDOp8C","baseKeyType":2,"closed":-1,"used":1762664829120,"created":1762664829120,"remoteIdentityKey":"BU39L17zlC/P6ca5voWeUlqENpTNeKTSEKqtHYDByFIw"},"_chains":{"Be6XNDZuiqTW0gInIoM3ROEJ4MJMELJfwRxhhmzynTgd":{"chainKey":{"counter":0,"key":"LlcmWgYKIjWPHlAddd/9j75vjbHqEvbZE4E7tTfUBR0="},"chainType":2,"messageKeys":{}},"BdVGJteX4aekTQR5kRmcqdPOpAkBWGTwKz0/fXx2xvYw":{"chainKey":{"counter":-1,"key":"f1qTY90Z7EUlnVgCWuzgfyZrLg7G4wJEGp2TdNTKihc="},"chainType":1,"messageKeys":{}}}}},"version":"v1"}