{"_sessions":{"BaaTbYCU/Q5dyzicgtwDQ2v9rznIQFVy5wvG37e2fxYD":{"registrationId":674446908,"currentRatchet":{"ephemeralKeyPair":{"pubKey":"BfZ9TmVLVRHa62k7WgJtZEuDa511zlR1pwrfR1E8VUpW","privKey":"4LfohZRPhc28md9XQxw9Yc+Uh2ufC8+XI5CxhHQZ8mU="},"lastRemoteEphemeralKey":"BeOPhk2gk8WQEodek0w5l7WKBtUyceNLihdRBFtGLi4A","previousCounter":0,"rootKey":"1mulW3kM+1q8CVL2KhA2xSeZO3JP5ritHX9qVURnHO8="},"indexInfo":{"baseKey":"BaaTbYCU/Q5dyzicgtwDQ2v9rznIQFVy5wvG37e2fxYD","baseKeyType":2,"closed":-1,"used":1762623239284,"created":1762623239284,"remoteIdentityKey":"BUM3XWXd2mrGLpQyRocKmBv1VKRpw+P27OOWqAo1WNc8"},"_chains":{"BeOPhk2gk8WQEodek0w5l7WKBtUyceNLihdRBFtGLi4A":{"chainKey":{"counter":9,"key":"6qWb489lVBFM8HCyzViXHIz4KKJdyHQp2yRwgxOihIU="},"chainType":2,"messageKeys":{"3":"r+63fysQ2tWRAJ5U0Oecp1nhvVy+hOckQ5cwg2SBQfA=","4":"yQdoOs+Uatl/tQYBLMsXByogtm47JNw4WtNfiBjzZoU="}},"BfZ9TmVLVRHa62k7WgJtZEuDa511zlR1pwrfR1E8VUpW":{"chainKey":{"counter":-1,"key":"mbL5clm9j9rN10cG78VDAyXF/xFu5+LnIQPmt6dWpvM="},"chainType":1,"messageKeys":{}}}}},"version":"v1"}