{"_sessions":{"BWUTCi9FgygFLARTpz2TcLFTNn5QqWF4F5b6J8/TR1xE":{"registrationId":1949765333,"currentRatchet":{"ephemeralKeyPair":{"pubKey":"BejR+RwL7/c1e3uJdGq8nqK86NE+U1+gtNSPHtyXtAkO","privKey":"6A7aRZAXM81Ago2f6l64YjsFDcxCDdd0e/g+nZQYOEY="},"lastRemoteEphemeralKey":"BQNwcR05aZgPdsA7yeV8LPAykas1cFdyKY22zfxTmzcB","previousCounter":0,"rootKey":"yoG44LANKEu15WvScTde60f5mKV2DJv12adUgqofjbQ="},"indexInfo":{"baseKey":"BWUTCi9FgygFLARTpz2TcLFTNn5QqWF4F5b6J8/TR1xE","baseKeyType":1,"closed":-1,"used":1762657598290,"created":1762657598290,"remoteIdentityKey":"BTnWYlcdHmvM+oFyW4iIN8wpemcGVZQ9zCfwQTnS2n8G"},"_chains":{"BejR+RwL7/c1e3uJdGq8nqK86NE+U1+gtNSPHtyXtAkO":{"chainKey":{"counter":19,"key":"D57zSGqYG0mgSTFoFFREZTMdsPCbenFyomuS6J7n1Xw="},"chainType":1,"messageKeys":{}}},"pendingPreKey":{"signedKeyId":12,"baseKey":"BWUTCi9FgygFLARTpz2TcLFTNn5QqWF4F5b6J8/TR1xE","preKeyId":11864917}}},"version":"v1"}