{"_sessions":{"Bbh6ih6twC9BOfnlx2fQsnMMnua92hJibJjN3SF0q3JF":{"registrationId":1368045908,"currentRatchet":{"ephemeralKeyPair":{"pubKey":"BZmvWWfLf1Zy8DPasqPDktiEsMDvbq88IkbPlHAC5X5s","privKey":"CLYirNREP+Sgj4ufDJHxks6URnp03tRfawhU72BqS3k="},"lastRemoteEphemeralKey":"BSQNw548FCbCeC3fbkmPicbuYwhXNo1ZmgJvqrXZV7k1","previousCounter":0,"rootKey":"I5PX/8cuddQM/YUVh5yu/8BM1gzlZ13yfJeaDitwC98="},"indexInfo":{"baseKey":"Bbh6ih6twC9BOfnlx2fQsnMMnua92hJibJjN3SF0q3JF","baseKeyType":2,"closed":-1,"used":1762752712787,"created":1762752712787,"remoteIdentityKey":"BYuL/TmJrHGfEH2xxYohI/9xERIR3uwx4gZd/ggGaF1O"},"_chains":{"BSQNw548FCbCeC3fbkmPicbuYwhXNo1ZmgJvqrXZV7k1":{"chainKey":{"counter":1,"key":"mU9o80f8W4yua/7nt4t9AacZ+yYRkyBILZnIvXIjBak="},"chainType":2,"messageKeys":{}},"BZmvWWfLf1Zy8DPasqPDktiEsMDvbq88IkbPlHAC5X5s":{"chainKey":{"counter":-1,"key":"Cp1hs29TvMuSxeH7gIRHQSN/Y5Pjy87Dn1VkfMKyK58="},"chainType":1,"messageKeys":{}}}}},"version":"v1"}