{"_sessions":{"BafYGuk/unEOozLXqiin0OsDhqlIJxy29r5zes9btWZQ":{"registrationId":248,"currentRatchet":{"ephemeralKeyPair":{"pubKey":"BQtyFWaxW+MT2DB4Wv64qlhV7nLxXqUJCPx4ZOL73P1a","privKey":"UNx83N8TNemcNjcHt09LxeHbgiG0HJmsOVer+/4PYGo="},"lastRemoteEphemeralKey":"Bb6ovaTTN+w0H644bsWZhXTyX5/sGnkhq8KvhYMIMvAy","previousCounter":0,"rootKey":"ClVnHOaEE0dsmGekWSFwmvhNrj6CQZ2cb43uVbU4xAY="},"indexInfo":{"baseKey":"BafYGuk/unEOozLXqiin0OsDhqlIJxy29r5zes9btWZQ","baseKeyType":1,"closed":-1,"used":1762605268687,"created":1762605268687,"remoteIdentityKey":"BXBsbwiTywwUV8kqsQFpnA8hiHszWhAw7qIN94K9XQpa"},"_chains":{"BQtyFWaxW+MT2DB4Wv64qlhV7nLxXqUJCPx4ZOL73P1a":{"chainKey":{"counter":23,"key":"UaACepfSxp/4YufjjYtduUajfWaCbTewR61feqbQJ2Q="},"chainType":1,"messageKeys":{}}},"pendingPreKey":{"signedKeyId":1,"baseKey":"BafYGuk/unEOozLXqiin0OsDhqlIJxy29r5zes9btWZQ","preKeyId":10}}},"version":"v1"}