{"_sessions":{"BUElCLkpI9NcPvn/7bV7cXG1VhGSGJW2M5NrrCusKdhK":{"registrationId":2085269980,"currentRatchet":{"ephemeralKeyPair":{"pubKey":"BdY55imY14X94MzB/m7YB2rGAF1sPAYffsonayQlOlhi","privKey":"cEwXctT95Aavq/UA+KyQvvN+pn47OUiZ2R+/O5MxNXM="},"lastRemoteEphemeralKey":"BUFk+Z4vdIIVCsg/vS1MQbNg+t2g+vRZBqwBp5jet1k7","previousCounter":0,"rootKey":"vxo+crTdUYBLb72rOZ5EOQ62ahvAAkMr0RTO6R7HG6Q="},"indexInfo":{"baseKey":"BUElCLkpI9NcPvn/7bV7cXG1VhGSGJW2M5NrrCusKdhK","baseKeyType":2,"closed":-1,"used":1762753034879,"created":1762753034879,"remoteIdentityKey":"Ba7xlTVPyoTl4tVMb6ykRF/0Mz5m0zLTgrFDWu2e7wpd"},"_chains":{"BUFk+Z4vdIIVCsg/vS1MQbNg+t2g+vRZBqwBp5jet1k7":{"chainKey":{"counter":1,"key":"Yb/fTJ/cq85nmaWSBkmZIuZzp5L1EwTVlsqVymQ09gI="},"chainType":2,"messageKeys":{}},"BdY55imY14X94MzB/m7YB2rGAF1sPAYffsonayQlOlhi":{"chainKey":{"counter":-1,"key":"NIFqoTYZtWqaHQFMbFj1ZOvXbzU1MRFOLfEitIBjDfI="},"chainType":1,"messageKeys":{}}}}},"version":"v1"}