{"_sessions":{"BUiqopsymJ/kxEtzH/K3w7KiJJJOrqr+U6pP/YGkmVFv":{"registrationId":40580022,"currentRatchet":{"ephemeralKeyPair":{"pubKey":"BTMpElYtmBN29Ihy0UoTcByRsftpf1ntBrnJ8a5LaRx/","privKey":"CLDcsn0qLsl4ufjyFXmI8zeSqh+OTcq8ZESrCbvFJ10="},"lastRemoteEphemeralKey":"BUiI3Hm8z4o7Fa+6zs1fZSh4G2m+ttLT0coD3UJyqEAR","previousCounter":2,"rootKey":"k6KxSfmD2iof3COzf7fnjNQcdYPA977s7mCUXJApkAo="},"indexInfo":{"baseKey":"BUiqopsymJ/kxEtzH/K3w7KiJJJOrqr+U6pP/YGkmVFv","baseKeyType":2,"closed":-1,"used":1762823624134,"created":1762604518479,"remoteIdentityKey":"BduO8abfHLTot/eeJLK7fSN4mvZq2Kg6qys8P0MW8FZ2"},"_chains":{"BQjnpqbm6K2OPgT6AyAwL8EjbL4Q9pEMgbWXJxbEe39Q":{"chainKey":{"counter":3},"chainType":2,"messageKeys":{}},"BTlTd2Mu8bsPwz2lguExQKEroD6YT4i5OlZ0eZE7mQYq":{"chainKey":{"counter":2},"chainType":2,"messageKeys":{}},"BQP5k0v5jxisTjEJkEE46ANGnhL3dj1cuhbwLbCCR5Yo":{"chainKey":{"counter":1},"chainType":2,"messageKeys":{}},"BUiI3Hm8z4o7Fa+6zs1fZSh4G2m+ttLT0coD3UJyqEAR":{"chainKey":{"counter":0,"key":"jZ8srNJrD/ro0IpzY2I2ewII1OxfTqE05xVQoQ8YWmI="},"chainType":2,"messageKeys":{}},"BTMpElYtmBN29Ihy0UoTcByRsftpf1ntBrnJ8a5LaRx/":{"chainKey":{"counter":-1,"key":"yX93sn8ZfdRCzrpjPxNHVnDfCo4sOKKqhhf4BxLzSJw="},"chainType":1,"messageKeys":{}}}}},"version":"v1"}