{"_sessions":{"BRRCJvtT/a57F9m0zjy6yiRLUSjCIHpffjUe/MTxnJkA":{"registrationId":116300776,"currentRatchet":{"ephemeralKeyPair":{"pubKey":"BVdAV86DtipbY1BGybeeETGP59acDox6UTa44vyZRGsB","privKey":"GD3PrSXH7l9K/J5xj855tL5pIfgBeVaZq46bzz5bykk="},"lastRemoteEphemeralKey":"Bc63Mgi13lz87C7sDsgz4Z4zwLjvI4t9tnSBR78l8v87","previousCounter":0,"rootKey":"w1l6TSM7lWoQ3EnO1F0XciB4L2uzGPzkuspGcmxyPac="},"indexInfo":{"baseKey":"BRRCJvtT/a57F9m0zjy6yiRLUSjCIHpffjUe/MTxnJkA","baseKeyType":2,"closed":-1,"used":1762669767111,"created":1762669767111,"remoteIdentityKey":"BbIrq0A92RctDywH7+LfaAhzMw91V3gPXBCrDDogYBNj"},"_chains":{"Bc63Mgi13lz87C7sDsgz4Z4zwLjvI4t9tnSBR78l8v87":{"chainKey":{"counter":2,"key":"uZWWtyTRfUdAcbHdMKDbYP+nIDpSwUVwYr6hfG4rDz0="},"chainType":2,"messageKeys":{}},"BVdAV86DtipbY1BGybeeETGP59acDox6UTa44vyZRGsB":{"chainKey":{"counter":-1,"key":"n9fY0HEoaWbPWC0heB4McP2hKIn5OZVPrJ838MaxFOk="},"chainType":1,"messageKeys":{}}}}},"version":"v1"}