{"_sessions":{"BVDg352ruCYB0L1Wqdr59oSz+tEXL0NGdb+y1J+t/sYG":{"registrationId":2123489585,"currentRatchet":{"ephemeralKeyPair":{"pubKey":"BWdHU1ud9co5FWF8T3XXWzrTgalmxzhIQysH2K0PN+0T","privKey":"cBmOiYX66QUm5ziMCFf8QxQdP0IGRgqxrlfokDlqin4="},"lastRemoteEphemeralKey":"BXVTitqcYZMEQxwC1ZqMfc6bt8DmsLsUhV2qS0kx1Xpb","previousCounter":0,"rootKey":"xH7GGFldDylgHZnyisgbNErlvkKeFMJ0UzwtTGIO6UY="},"indexInfo":{"baseKey":"BVDg352ruCYB0L1Wqdr59oSz+tEXL0NGdb+y1J+t/sYG","baseKeyType":1,"closed":1762689693833,"used":1762657598673,"created":1762657598673,"remoteIdentityKey":"BcWT+yMpS5jtz47t45rcOfgVg88bQECb+gDTZ8rKBIsZ"},"_chains":{"BWdHU1ud9co5FWF8T3XXWzrTgalmxzhIQysH2K0PN+0T":{"chainKey":{"counter":1,"key":"rCDM2c3qzhlI8WQS9mYX+59KQyZQIZ/G2dj9M8cLmoM="},"chainType":1,"messageKeys":{}}},"pendingPreKey":{"signedKeyId":4,"baseKey":"BVDg352ruCYB0L1Wqdr59oSz+tEXL0NGdb+y1J+t/sYG","preKeyId":1482810}},"BRQ9B72OqQ0zuGnOhskcjBAaQc+h9JtgeNEP9Qo+yBt0":{"registrationId":2123489585,"currentRatchet":{"ephemeralKeyPair":{"pubKey":"BYNjdHY4ZUOfsMNEq8i/+7uKLAPuiMDWVaj2sOVGl/1J","privKey":"CFRsmIPYo8mYyUTL3lwdjpPfK9T0FjtdyE/tsOml0EU="},"lastRemoteEphemeralKey":"BXVTitqcYZMEQxwC1ZqMfc6bt8DmsLsUhV2qS0kx1Xpb","previousCounter":0,"rootKey":"kUSWwnxuv0Q/kVn7nTNTCu8VOLRpvgm2XUWckBx0xfc="},"indexInfo":{"baseKey":"BRQ9B72OqQ0zuGnOhskcjBAaQc+h9JtgeNEP9Qo+yBt0","baseKeyType":1,"closed":1762689694130,"used":1762689693828,"created":1762689693828,"remoteIdentityKey":"BcWT+yMpS5jtz47t45rcOfgVg88bQECb+gDTZ8rKBIsZ"},"_chains":{"BYNjdHY4ZUOfsMNEq8i/+7uKLAPuiMDWVaj2sOVGl/1J":{"chainKey":{"counter":-1,"key":"PtUerqitXWpgycUoCA6Ao5epKzJRAC1PbuycDXLKerw="},"chainType":1,"messageKeys":{}}},"pendingPreKey":{"signedKeyId":4,"baseKey":"BRQ9B72OqQ0zuGnOhskcjBAaQc+h9JtgeNEP9Qo+yBt0","preKeyId":1483192}},"BZ4hDVhOa3QnVw2vV2fenGHw4Zcu/tsoGdpSLr8J8614":{"registrationId":2123489585,"currentRatchet":{"ephemeralKeyPair":{"pubKey":"BSaJtzkd6nKBYHtQPmjyOUQMPIkwhpbKY75a591uqip2","privKey":"IKo4w47Ny3Qu3JO+8ZAlq5ZCe77ECYx4XObgfgrgWFU="},"lastRemoteEphemeralKey":"BXVTitqcYZMEQxwC1ZqMfc6bt8DmsLsUhV2qS0kx1Xpb","previousCounter":0,"rootKey":"02XKI4kk3e88kA9D1sI4tpRUqi+9QvBk2VgtMjCqGa8="},"indexInfo":{"baseKey":"BZ4hDVhOa3QnVw2vV2fenGHw4Zcu/tsoGdpSLr8J8614","baseKeyType":1,"closed":1762689694422,"used":1762689694127,"created":1762689694127,"remoteIdentityKey":"BcWT+yMpS5jtz47t45rcOfgVg88bQECb+gDTZ8rKBIsZ"},"_chains":{"BSaJtzkd6nKBYHtQPmjyOUQMPIkwhpbKY75a591uqip2":{"chainKey":{"counter":-1,"key":"1SntIamDgW2mJS7epXh15X4a6qO1bzXuN2I+NKVr0C8="},"chainType":1,"messageKeys":{}}},"pendingPreKey":{"signedKeyId":4,"baseKey":"BZ4hDVhOa3QnVw2vV2fenGHw4Zcu/tsoGdpSLr8J8614","preKeyId":1482807}},"BS1/W9JmXJMoPuycbApcsNjOaVI84tpfG7acHYusJmN2":{"registrationId":2123489585,"currentRatchet":{"ephemeralKeyPair":{"pubKey":"BfxjKSyvQw7+hzq+xesWgZSDSHduSWEPyFyoff/MQ9py","privKey":"IPkCtGFGrCVqJ756amlZQ18pFGxo2fX/TeYmCLtXIl8="},"lastRemoteEphemeralKey":"BXVTitqcYZMEQxwC1ZqMfc6bt8DmsLsUhV2qS0kx1Xpb","previousCounter":0,"rootKey":"MwP/0jeve7+cDga8jSV5IzvE9a3dsaFeOceXXljezuU="},"indexInfo":{"baseKey":"BS1/W9JmXJMoPuycbApcsNjOaVI84tpfG7acHYusJmN2","baseKeyType":1,"closed":1762689695597,"used":1762689694419,"created":1762689694419,"remoteIdentityKey":"BcWT+yMpS5jtz47t45rcOfgVg88bQECb+gDTZ8rKBIsZ"},"_chains":{"BfxjKSyvQw7+hzq+xesWgZSDSHduSWEPyFyoff/MQ9py":{"chainKey":{"counter":-1,"key":"ztYy3xrDMuYP94Gwp8RIOeLvXoL9O6fsrUOmIFxgUU8="},"chainType":1,"messageKeys":{}}},"pendingPreKey":{"signedKeyId":4,"baseKey":"BS1/W9JmXJMoPuycbApcsNjOaVI84tpfG7acHYusJmN2","preKeyId":1483179}},"BW1I9U6zDJYKqOAKfUUGbXWxzndpCi3G4GLFgiGbr8AF":{"registrationId":2123489585,"currentRatchet":{"ephemeralKeyPair":{"pubKey":"Bf5W4IFYKGGlycO4yIgun/sVZvL1bxDtC4E40XlcvnRe","privKey":"+PbS/2SzmvUfcxS001HKLHCqWLFrrGX7Fv/YY9gJVk0="},"lastRemoteEphemeralKey":"BXVTitqcYZMEQxwC1ZqMfc6bt8DmsLsUhV2qS0kx1Xpb","previousCounter":0,"rootKey":"CYVWui94JrUGnFIOFICMykFplErkMw4L+T9gzCzm3bk="},"indexInfo":{"baseKey":"BW1I9U6zDJYKqOAKfUUGbXWxzndpCi3G4GLFgiGbr8AF","baseKeyType":1,"closed":1762689697664,"used":1762689695593,"created":1762689695593,"remoteIdentityKey":"BcWT+yMpS5jtz47t45rcOfgVg88bQECb+gDTZ8rKBIsZ"},"_chains":{"Bf5W4IFYKGGlycO4yIgun/sVZvL1bxDtC4E40XlcvnRe":{"chainKey":{"counter":-1,"key":"DSiC2FSbhL0296h5xdJmql65kflgUFHSM873GV3uikQ="},"chainType":1,"messageKeys":{}}},"pendingPreKey":{"signedKeyId":4,"baseKey":"BW1I9U6zDJYKqOAKfUUGbXWxzndpCi3G4GLFgiGbr8AF","preKeyId":1482875}},"BZKrAt/JWLxShv+xLZdSmIVcRt4T6DzIRY1W7/ljQBQC":{"registrationId":2123489585,"currentRatchet":{"ephemeralKeyPair":{"pubKey":"BbtRVQCjRRK6AY7dequLY/rjJCoQP7XgSddefkUGuWox","privKey":"8Ct38+rectSYlFsG5OV1EzfBwk2Uynal2ifHGWYYhmI="},"lastRemoteEphemeralKey":"BXVTitqcYZMEQxwC1ZqMfc6bt8DmsLsUhV2qS0kx1Xpb","previousCounter":0,"rootKey":"v2nW6pGAT9d+PXWdRg1AWyK74Wthe9Kdjnt1WcXekQg="},"indexInfo":{"baseKey":"BZKrAt/JWLxShv+xLZdSmIVcRt4T6DzIRY1W7/ljQBQC","baseKeyType":1,"closed":1762689698030,"used":1762689697660,"created":1762689697660,"remoteIdentityKey":"BcWT+yMpS5jtz47t45rcOfgVg88bQECb+gDTZ8rKBIsZ"},"_chains":{"BbtRVQCjRRK6AY7dequLY/rjJCoQP7XgSddefkUGuWox":{"chainKey":{"counter":-1,"key":"OJ921mhKK66NBcqC2FvlFnAkGTZWw+gsYZE1olmeZbU="},"chainType":1,"messageKeys":{}}},"pendingPreKey":{"signedKeyId":4,"baseKey":"BZKrAt/JWLxShv+xLZdSmIVcRt4T6DzIRY1W7/ljQBQC","preKeyId":1482839}},"BWUcxkOi8ng48+njShw6xcD4PH2fSDfPty8/pIXBJY1j":{"registrationId":2123489585,"currentRatchet":{"ephemeralKeyPair":{"pubKey":"BccQ66SrhR3it2PQAMuaKd/fYNHvINIg1eAxbN39PBEO","privKey":"wMrtau29tihFMdyW5/LHu9XWmBrTiQL5JBjuQ2RBXl0="},"lastRemoteEphemeralKey":"BXVTitqcYZMEQxwC1ZqMfc6bt8DmsLsUhV2qS0kx1Xpb","previousCounter":0,"rootKey":"PcEtCmsrfs/g0djt6bw/jp3mOK9vZlSbWZ1uxMVkWdk="},"indexInfo":{"baseKey":"BWUcxkOi8ng48+njShw6xcD4PH2fSDfPty8/pIXBJY1j","baseKeyType":1,"closed":1762689698323,"used":1762689698027,"created":1762689698027,"remoteIdentityKey":"BcWT+yMpS5jtz47t45rcOfgVg88bQECb+gDTZ8rKBIsZ"},"_chains":{"BccQ66SrhR3it2PQAMuaKd/fYNHvINIg1eAxbN39PBEO":{"chainKey":{"counter":-1,"key":"cqEwW2Y8P0Ub7Rv3gjy/S8bwtUaEUIFc4yoPE0BwVJ8="},"chainType":1,"messageKeys":{}}},"pendingPreKey":{"signedKeyId":4,"baseKey":"BWUcxkOi8ng48+njShw6xcD4PH2fSDfPty8/pIXBJY1j","preKeyId":1483249}},"BSlQ1iKiEpnWfh0ncawNrw4Y+zbC5pepp/iE21eKzucs":{"registrationId":2123489585,"currentRatchet":{"ephemeralKeyPair":{"pubKey":"BZhRndd1M4P5TB2t+PrS2659ZbfjImPU1rFYYiYfxPNn","privKey":"KAFGv87K9ru9FFS/uQD9CEzwmc7Q/HH2+B3+Ir+x5Ek="},"lastRemoteEphemeralKey":"BXVTitqcYZMEQxwC1ZqMfc6bt8DmsLsUhV2qS0kx1Xpb","previousCounter":0,"rootKey":"/FGLs+9rfIGU98wNLRnMAChOSsord1TMHdy26i0tbQg="},"indexInfo":{"baseKey":"BSlQ1iKiEpnWfh0ncawNrw4Y+zbC5pepp/iE21eKzucs","baseKeyType":1,"closed":-1,"used":1762689698319,"created":1762689698319,"remoteIdentityKey":"BcWT+yMpS5jtz47t45rcOfgVg88bQECb+gDTZ8rKBIsZ"},"_chains":{"BZhRndd1M4P5TB2t+PrS2659ZbfjImPU1rFYYiYfxPNn":{"chainKey":{"counter":17,"key":"KA82oHp0q7Q4hO+1JYErhozsQJGJS4Lo6sZ1FubU6ww="},"chainType":1,"messageKeys":{}}},"pendingPreKey":{"signedKeyId":4,"baseKey":"BSlQ1iKiEpnWfh0ncawNrw4Y+zbC5pepp/iE21eKzucs","preKeyId":1482857}}},"version":"v1"}