{"_sessions":{"Bdmo4vAsi1jxqC9mT7nENx2PaLo0+R0Q5iiScju8yVte":{"registrationId":1362924670,"currentRatchet":{"ephemeralKeyPair":{"pubKey":"BYeii0JoBFUMi1XWT38hjLpr6FEXEJH8SrnuAVWe+Roy","privKey":"MKhT7zlOfSBDWN2WnGvcksr/jfep8WT8MdOuF40dl14="},"lastRemoteEphemeralKey":"BTS57YmHoKv0rRQHOd8Rvn/PpvCDNuk0oJYQO1IUxHA8","previousCounter":0,"rootKey":"zZvIQYR26atds9OXMo0Ch79O7fQXKE9zSAC/oqtUxrw="},"indexInfo":{"baseKey":"Bdmo4vAsi1jxqC9mT7nENx2PaLo0+R0Q5iiScju8yVte","baseKeyType":2,"closed":-1,"used":1762665302844,"created":1762665302844,"remoteIdentityKey":"BVdTBM6HaZc4FPooCpP+I09QySZKuo4kJ7QLjDI3rsAI"},"_chains":{"BTS57YmHoKv0rRQHOd8Rvn/PpvCDNuk0oJYQO1IUxHA8":{"chainKey":{"counter":2,"key":"QkQV70NSmFI7T+J9XahuEf+eO8NTumWUvmT8ydS+j2E="},"chainType":2,"messageKeys":{}},"BYeii0JoBFUMi1XWT38hjLpr6FEXEJH8SrnuAVWe+Roy":{"chainKey":{"counter":-1,"key":"tAMg+FJj4rJ0CTZirCIZTtkmwWB5cyNAZw4953DOOgY="},"chainType":1,"messageKeys":{}}}}},"version":"v1"}