{"_sessions":{"BUjRRGCN97xTCUaiRVimEx9qjH7gU0kuxSQXDV65eXcz":{"registrationId":518696404,"currentRatchet":{"ephemeralKeyPair":{"pubKey":"BRBu2GxcfJRbSUeN4c3UDq6kJjK2MQv+4JFq50fktms+","privKey":"GCnGX0rp1LHi5iUVrFp4XQLJeIJEmyzk17YvFeLYMHk="},"lastRemoteEphemeralKey":"BQ3ixlulVayOseeEcygAG0BeKo0zNKdbU7LeVp4vz0AI","previousCounter":0,"rootKey":"V7blpS6PfUGknnRURlo8/sFAA9Y1CpJ710nbVRK0usk="},"indexInfo":{"baseKey":"BUjRRGCN97xTCUaiRVimEx9qjH7gU0kuxSQXDV65eXcz","baseKeyType":2,"closed":-1,"used":1762752975650,"created":1762752975650,"remoteIdentityKey":"BdliR3pdIMiDidH3DiCEDxGhdreBlT+fY4KnQMgzfAVn"},"_chains":{"BQ3ixlulVayOseeEcygAG0BeKo0zNKdbU7LeVp4vz0AI":{"chainKey":{"counter":0,"key":"HsN8Sv7MlUPzn7xvn1qVEW/XsVixsix2qAU8Evff+QM="},"chainType":2,"messageKeys":{}},"BRBu2GxcfJRbSUeN4c3UDq6kJjK2MQv+4JFq50fktms+":{"chainKey":{"counter":-1,"key":"FCLmgOLqas0HGIMQpLsKMugSVIOhzjHxYnT5R4+Yt2g="},"chainType":1,"messageKeys":{}}}}},"version":"v1"}