{"_sessions":{"BT7tdx6Ivs8wOA2xhg0hN3DZbVpGm9t6dG44HAHAMAg3":{"registrationId":868433118,"currentRatchet":{"ephemeralKeyPair":{"pubKey":"BR/oD5EHIRbGhe0pFwp6P0KbYC0mrFG/VEQe1DfqChx9","privKey":"ULQeeGpM16uGvk9RGjDc6B6QDwSArEX7IYPnPVhWEF4="},"lastRemoteEphemeralKey":"BTjyazq5DqoYwv02xbIdtdAcZr0Hornh0EA5CKgGS/dK","previousCounter":0,"rootKey":"xaU3BM3iF1xspWBy/DmOxSdbwj9xgBF8w0blIb7uyc0="},"indexInfo":{"baseKey":"BT7tdx6Ivs8wOA2xhg0hN3DZbVpGm9t6dG44HAHAMAg3","baseKeyType":1,"closed":-1,"used":1762657597884,"created":1762657597884,"remoteIdentityKey":"BfmWlFnijckUNOcEcS0v9QsUE598AIgm1bHCflTul/dz"},"_chains":{"BR/oD5EHIRbGhe0pFwp6P0KbYC0mrFG/VEQe1DfqChx9":{"chainKey":{"counter":19,"key":"g3wbBR/Vbyag3zHCzngEyLVJKsLsv5W4gPsmdTSFXJk="},"chainType":1,"messageKeys":{}}},"pendingPreKey":{"signedKeyId":4,"baseKey":"BT7tdx6Ivs8wOA2xhg0hN3DZbVpGm9t6dG44HAHAMAg3","preKeyId":14476022}}},"version":"v1"}