{"_sessions":{"BUdWPTdaGN8gq0aaiNAgiAzQ/i//pIycyvomDmQUMOZJ":{"registrationId":199871355,"currentRatchet":{"ephemeralKeyPair":{"pubKey":"BVYImR6UlljfMxcqWNbAUSaYLVOLphisKb3Lk6qQoR1y","privKey":"wN20OrRe5JO+uHyQZID/mc0voCIawtwUYhBCXHzaeGg="},"lastRemoteEphemeralKey":"BZw2t90f4+t4rv1qyUb9vHFUQ7y9w9+KpRv7n+pSdiYF","previousCounter":6,"rootKey":"Y+vBpU0vMNh+eFfXHAG31xs+WnLc7wywqxQGuGRbxTc="},"indexInfo":{"baseKey":"BUdWPTdaGN8gq0aaiNAgiAzQ/i//pIycyvomDmQUMOZJ","baseKeyType":1,"closed":-1,"used":1762774255094,"created":1762657598190,"remoteIdentityKey":"BevIq5OgqXDptSyRqPf8N5uLXgObkRkEhksr4mqYP6Yz"},"_chains":{"BZw2t90f4+t4rv1qyUb9vHFUQ7y9w9+KpRv7n+pSdiYF":{"chainKey":{"counter":0,"key":"PQY22YvQpaAoM9Dp4T3iQZEwLqSZTfi2GXSMuMb/XRM="},"chainType":2,"messageKeys":{}},"BVYImR6UlljfMxcqWNbAUSaYLVOLphisKb3Lk6qQoR1y":{"chainKey":{"counter":12,"key":"bhoBzWQV54UEEaNZVHZMh8k5WSf7F7BbRMF7U5iO9uM="},"chainType":1,"messageKeys":{}}}}},"version":"v1"}