{"_sessions":{"BbvddoP/pS7EAFSOgwxuMCUoJvFDgfg52r1602pmKtdz":{"registrationId":859365475,"currentRatchet":{"ephemeralKeyPair":{"pubKey":"BXC+r7GTixQIjV+WSjiPsRxN3Ukp/GPAsH+yFQzGAoko","privKey":"iESo2KedWuRfyOBciWfYRWWqi7hJqBpfeFkfMijQC3Y="},"lastRemoteEphemeralKey":"BWyXPa+sq7N/fJjfQEKd6jt65KXU2opWDHU1nymw4ehd","previousCounter":0,"rootKey":"uS9XiQEIkXlHdiORxdnnVdRJOPE8EAocsNUnE6KCQLs="},"indexInfo":{"baseKey":"BbvddoP/pS7EAFSOgwxuMCUoJvFDgfg52r1602pmKtdz","baseKeyType":2,"closed":-1,"used":1762822456898,"created":1762822456898,"remoteIdentityKey":"BWjRauTHMqCYzaVKu731+zj+J3D9yDLA0kYPjymSrI4H"},"_chains":{"BWyXPa+sq7N/fJjfQEKd6jt65KXU2opWDHU1nymw4ehd":{"chainKey":{"counter":1,"key":"YFDRVC2Uj1qpLH6Ch3A+IlIuonRrzJZNnQPhPbPi/ZE="},"chainType":2,"messageKeys":{"0":"b+KmI1lfGf/qWslA+KUuiz3zf+/+/hoZHfRE2n8q/vA="}},"BXC+r7GTixQIjV+WSjiPsRxN3Ukp/GPAsH+yFQzGAoko":{"chainKey":{"counter":-1,"key":"KCKAxI+Sv5fWRaVm0v+sqH70aZXSB7bYQx666kXjpco="},"chainType":1,"messageKeys":{}}}}},"version":"v1"}