{"_sessions":{"Bc/NmUgWdqWNUd1Gk2H/EuseBJi7Hqk3lE6Mul0OKsdv":{"registrationId":1967123851,"currentRatchet":{"ephemeralKeyPair":{"pubKey":"BaCBoZEjRxueR2pIQTssYimZTaY8e/ng2M/sQXkCJ5wW","privKey":"CLGvlAlNvsx/oWh/f7i6/wIqiCmDi6uuwWd1IMfdtm4="},"lastRemoteEphemeralKey":"BfgwjySWgimwl4MmIMD4rLKfYmTLubM3nlt/mG1ApKAX","previousCounter":0,"rootKey":"EpCRL7ExEihKx2HB/ge2V/kEtAMC4KHcqtrqglJnlt8="},"indexInfo":{"baseKey":"Bc/NmUgWdqWNUd1Gk2H/EuseBJi7Hqk3lE6Mul0OKsdv","baseKeyType":1,"closed":-1,"used":1762612577086,"created":1762612577086,"remoteIdentityKey":"BdCfl1zkbOUzaAJ2ud6VHDjE7I6i/kuSqz4zGLxm5pJO"},"_chains":{"BaCBoZEjRxueR2pIQTssYimZTaY8e/ng2M/sQXkCJ5wW":{"chainKey":{"counter":0,"key":"L9cNCDPN1+PatoptWv4trEEWuqSo9t3zDBu2Kz0nvOA="},"chainType":1,"messageKeys":{}}},"pendingPreKey":{"signedKeyId":1,"baseKey":"Bc/NmUgWdqWNUd1Gk2H/EuseBJi7Hqk3lE6Mul0OKsdv","preKeyId":11495203}}},"version":"v1"}