{"_sessions":{"BXxRz5aY4U3s23AxcN8Rh5n4inWqAqZFjryMsy/uFhBe":{"registrationId":133620961,"currentRatchet":{"ephemeralKeyPair":{"pubKey":"BexIqLHg62r44hk/Fc0gdLHb+tk3l71M8MxtBMP7IDJJ","privKey":"2HT8vggxhoGms//8TnY0qh6jtjB4Jx4fTKwe8OJJN3g="},"lastRemoteEphemeralKey":"BemPQJ54FIR9Qk6IH8wKWTT15EfyXshe4owHml3vSxIz","previousCounter":0,"rootKey":"7UM4KH9O9PruPcOyFTM1A7QhZ1+LU6YOnGKocgIifzc="},"indexInfo":{"baseKey":"BXxRz5aY4U3s23AxcN8Rh5n4inWqAqZFjryMsy/uFhBe","baseKeyType":1,"closed":-1,"used":1762657597278,"created":1762657597278,"remoteIdentityKey":"BfP+/lAUMo8q/vKTvrvtjXGhwLGk/PmjdiKcAOR20ydC"},"_chains":{"BexIqLHg62r44hk/Fc0gdLHb+tk3l71M8MxtBMP7IDJJ":{"chainKey":{"counter":19,"key":"kIW//u2XTnFQrvGETC5BR8/OQhknQgkxYbMKWm+4dtY="},"chainType":1,"messageKeys":{}}},"pendingPreKey":{"signedKeyId":9433754,"baseKey":"BXxRz5aY4U3s23AxcN8Rh5n4inWqAqZFjryMsy/uFhBe","preKeyId":15540248}}},"version":"v1"}