{"_sessions":{"Best34i0myyGVzD7qYVetXap/heK06D7OXOoguqEQi9s":{"registrationId":299273442,"currentRatchet":{"ephemeralKeyPair":{"pubKey":"BbgEW6UDn2/dZmQjvjqfbOqgHtwk9u6PzYU3QkFr7XYz","privKey":"mEK+MYyJrIbz8/9J+jA7EquajmqgUkGsXcBsbWE8Bnw="},"lastRemoteEphemeralKey":"BR3XnNjnVTMd9YGU6Nzu/k2z2pIRneSsXVZhZ7GTEZx4","previousCounter":0,"rootKey":"VpXKlFjam41F/s+JsNiL91y0iYkCslgIjrNc0qiyerY="},"indexInfo":{"baseKey":"Best34i0myyGVzD7qYVetXap/heK06D7OXOoguqEQi9s","baseKeyType":2,"closed":-1,"used":1762605057271,"created":1762605057271,"remoteIdentityKey":"Be/8vScV9C8ryl1k1BR69OQevcxGK9RILEGZrblndzId"},"_chains":{"BR3XnNjnVTMd9YGU6Nzu/k2z2pIRneSsXVZhZ7GTEZx4":{"chainKey":{"counter":0,"key":"mOePTCtQZp8GBqKwCUBfsJVBEiVgfy5cTeXssFoeRDg="},"chainType":2,"messageKeys":{}},"BbgEW6UDn2/dZmQjvjqfbOqgHtwk9u6PzYU3QkFr7XYz":{"chainKey":{"counter":0,"key":"Gs4Te/FxgGEVUA30Bt3qYvDOisHMImVbhTSCTjfg2Kk="},"chainType":1,"messageKeys":{}}}}},"version":"v1"}