{"_sessions":{"BVz9FNj7PyT3/AbLUrbh9LBPXZcGHoJgPBpdH30LY4sC":{"registrationId":631308393,"currentRatchet":{"ephemeralKeyPair":{"pubKey":"BVLYYKWUM3rE9/nk5OzE47qM3fUnA+/gcLgw8ttzGbRA","privKey":"oL9EamJdXrTKYrx24YgW57DF+HYFrDEWhjw/QY7Y+H8="},"lastRemoteEphemeralKey":"Bcn+YpaTkbDFXSaUGmYnlyyA+towkT5hHpMEZ3oLarBG","previousCounter":0,"rootKey":"nXay4a18ws4xYsSx+38OsCH8zJ9TDu+dqXyE45RovLY="},"indexInfo":{"baseKey":"BVz9FNj7PyT3/AbLUrbh9LBPXZcGHoJgPBpdH30LY4sC","baseKeyType":1,"closed":-1,"used":1762774353145,"created":1762753151047,"remoteIdentityKey":"BRklawat54spIPWCZLfD/dzWa07QwKs1yktYzrjxCeUr"},"_chains":{"Bcn+YpaTkbDFXSaUGmYnlyyA+towkT5hHpMEZ3oLarBG":{"chainKey":{"counter":0,"key":"rxxt/XFu9Xx7IWGOtGMccoV1XlI7In2CICxyaCpRV1k="},"chainType":2,"messageKeys":{}},"BVLYYKWUM3rE9/nk5OzE47qM3fUnA+/gcLgw8ttzGbRA":{"chainKey":{"counter":-1,"key":"i9c0ok9MkK/2CPTn2qlAAUaZaRXymXxtSd/zJHN9afg="},"chainType":1,"messageKeys":{}}}}},"version":"v1"}