{"_sessions":{"BSWYemHKaiE6gLAk6HusdPuVoRtGQNrbWbnfXJVjqtdf":{"registrationId":318690489,"currentRatchet":{"ephemeralKeyPair":{"pubKey":"BTNlOxhjglCtqkdCnsiuqDqp/yqUOndYnDfR8gCBmThd","privKey":"8BOv8vGF6euDdmYgpbmEWNlBQ1Gi8ave73iXl6n90kI="},"lastRemoteEphemeralKey":"BRpAItXn3Uk3VMcpx5cBJk2+0I9kkKZkHH+P+XLkzUMd","previousCounter":2,"rootKey":"DGbRP5cZWwYLCv+/X6UeeN30XKxZ4Fj6fiipom/fwqE="},"indexInfo":{"baseKey":"BSWYemHKaiE6gLAk6HusdPuVoRtGQNrbWbnfXJVjqtdf","baseKeyType":2,"closed":-1,"used":1762749674986,"created":1762749575919,"remoteIdentityKey":"BbAIOyqgf4VR9B3Vkh/l7Dt7+3s+6rMmo+Rc8Dw9tXoH"},"_chains":{"BVdJzMV6IlIpHtZF14OH+mLU8SkPNMV/Mzpe6bD7S8VQ":{"chainKey":{"counter":0},"chainType":2,"messageKeys":{}},"BRpAItXn3Uk3VMcpx5cBJk2+0I9kkKZkHH+P+XLkzUMd":{"chainKey":{"counter":6,"key":"zXTfOo6RcxkciJG6MsTFvLejHDmRd1rlaqKAcCdz2rA="},"chainType":2,"messageKeys":{}},"BTNlOxhjglCtqkdCnsiuqDqp/yqUOndYnDfR8gCBmThd":{"chainKey":{"counter":-1,"key":"oVfSLdcVoRK35SZtbB5xfbN57ruAe4oE+RRxmpljh9Q="},"chainType":1,"messageKeys":{}}}}},"version":"v1"}