{"_sessions":{"BcxHyrTF4Hkzfx3cKwsKPALnV+bwkZ0KHWM0di/nYrBd":{"registrationId":1698503863,"currentRatchet":{"ephemeralKeyPair":{"pubKey":"BYpsSRPvCgafpBsIveBuOuLSuQGOQZHVxBSqnOpayDtm","privKey":"0AfK1nDC/cU5ObA6xoItI+B0zof16g7wdMfQd9AqbHw="},"lastRemoteEphemeralKey":"BaNHl31NrbjsaU9nmpYgrRgaSDjtDZa4ty1wsWRrWoYr","previousCounter":0,"rootKey":"WJ7lJs+bGTdwVh1V7on5H6y/ZTHT+lMRowonaS5IgPI="},"indexInfo":{"baseKey":"BcxHyrTF4Hkzfx3cKwsKPALnV+bwkZ0KHWM0di/nYrBd","baseKeyType":1,"closed":-1,"used":1762657597790,"created":1762657597790,"remoteIdentityKey":"BWGK1nDnrVvxiZFi6fGsr1OV+m1jtetWBrG53g8OX9In"},"_chains":{"BYpsSRPvCgafpBsIveBuOuLSuQGOQZHVxBSqnOpayDtm":{"chainKey":{"counter":19,"key":"D70rDgDc28SbS5Zjvy2waBbbREs6nKjGX3yMrMKYdFw="},"chainType":1,"messageKeys":{}}},"pendingPreKey":{"signedKeyId":22,"baseKey":"BcxHyrTF4Hkzfx3cKwsKPALnV+bwkZ0KHWM0di/nYrBd","preKeyId":3028184}}},"version":"v1"}