{"_sessions":{"BURQgSS/6sAUZyL9yKE06r1BMM1tPlowj8mrY6i7tx8u":{"registrationId":2136498044,"currentRatchet":{"ephemeralKeyPair":{"pubKey":"BXf/mHfd61ZP+5xU2X/HrZF65kGxKDCbEnySbLK40OAq","privKey":"qGd0HNeJrEE108R9O53BzuKRimUknvTMfv1A4Nn1cHw="},"lastRemoteEphemeralKey":"Bc4hHZbCCtzwRwaW/5HRyvN9qmUjWwq65VKx7j2u5md1","previousCounter":0,"rootKey":"NsLMD9rO1rr2oG83UV9b/y1bsa5QMPeHE8CE0Qi6/EU="},"indexInfo":{"baseKey":"BURQgSS/6sAUZyL9yKE06r1BMM1tPlowj8mrY6i7tx8u","baseKeyType":1,"closed":-1,"used":1762612577173,"created":1762612577173,"remoteIdentityKey":"BcH66hUeCqXgRydwiOHYZWEGA/ieuQrJ63cbtRDYHv9M"},"_chains":{"BXf/mHfd61ZP+5xU2X/HrZF65kGxKDCbEnySbLK40OAq":{"chainKey":{"counter":0,"key":"3c/m9FmICyDzAcZw+6qERfXFeX18TBJBQN6eEr/cyp0="},"chainType":1,"messageKeys":{}}},"pendingPreKey":{"signedKeyId":8694478,"baseKey":"BURQgSS/6sAUZyL9yKE06r1BMM1tPlowj8mrY6i7tx8u","preKeyId":12849198}}},"version":"v1"}