{"_sessions":{"BUfXWaKIAZFqheg3Z6MQ5/KiFG70kdhislCl2Cgvb6E5":{"registrationId":1353769903,"currentRatchet":{"ephemeralKeyPair":{"pubKey":"BWbORM8fbQFPVZl9gBelYvtAsRLNNXHfeE+BPMr3Zh10","privKey":"cMfagba02W7hxB/wuhqbUFrteMIpJ7y0ZwZ2PxCkTGI="},"lastRemoteEphemeralKey":"BWMN5DROAfpSD6PTti7lrcZ4Rkv9nj2laEmhZlXNvFAx","previousCounter":0,"rootKey":"HmRamKKQq6huWxD/Qlo9uNHGNqn27BK7axTvIEd47ng="},"indexInfo":{"baseKey":"BUfXWaKIAZFqheg3Z6MQ5/KiFG70kdhislCl2Cgvb6E5","baseKeyType":1,"closed":-1,"used":1762612576773,"created":1762612576773,"remoteIdentityKey":"Bd6SZAqiIqJfxfUD586hQjxsrjOazRjveaTrmdgCCXRt"},"_chains":{"BWbORM8fbQFPVZl9gBelYvtAsRLNNXHfeE+BPMr3Zh10":{"chainKey":{"counter":0,"key":"Cx65Fy65pffs4vaKhrtV4lpERSQWq9aUndofch+basc="},"chainType":1,"messageKeys":{}}},"pendingPreKey":{"signedKeyId":6,"baseKey":"BUfXWaKIAZFqheg3Z6MQ5/KiFG70kdhislCl2Cgvb6E5","preKeyId":11780455}}},"version":"v1"}