{"_sessions":{"Bez0nhZXou13cqYpT50WF331RfQBC3acWZvFAdwYHiIO":{"registrationId":357090279,"currentRatchet":{"ephemeralKeyPair":{"pubKey":"BVF+PdAe0D+7v8R+vawrvaeC2Rb5Lu5EsbS/vxdVN2Qj","privKey":"6O8vjx2HB1CgCr8qQTOHl49fMaCMbyD4/Tmnngj7O0M="},"lastRemoteEphemeralKey":"BbQv8xNxiAGNom9qoMHs8s0wbq1QwZzgI3F2FeVHB9I4","previousCounter":0,"rootKey":"5b43TRj8Dml78P9YeHIHdhDsXoc++SMeYwGfX1h6eEg="},"indexInfo":{"baseKey":"Bez0nhZXou13cqYpT50WF331RfQBC3acWZvFAdwYHiIO","baseKeyType":1,"closed":-1,"used":1762657598479,"created":1762657598479,"remoteIdentityKey":"BdkvZCj2jYQ3NDA9zmaNFAURYSgoAIXMYRsio/7Ey7Nk"},"_chains":{"BVF+PdAe0D+7v8R+vawrvaeC2Rb5Lu5EsbS/vxdVN2Qj":{"chainKey":{"counter":19,"key":"5KrzfN6C+kmczNE/jAoKuVug2YpDI4zjf+tBaCp7Ve0="},"chainType":1,"messageKeys":{}}},"pendingPreKey":{"signedKeyId":9158404,"baseKey":"Bez0nhZXou13cqYpT50WF331RfQBC3acWZvFAdwYHiIO","preKeyId":14957719}}},"version":"v1"}