{"_sessions":{"BYmKRAmXltK52RGYG9/dPKhhCcqPv1wSiueKjSHH3KUH":{"registrationId":1164117936,"currentRatchet":{"ephemeralKeyPair":{"pubKey":"BZjDgWnhZNQPQmNC6hMi5hsL6GtsJpJp+rEmBVcvNNw9","privKey":"mJfzyaqWmas35OvqrBayrgsU2ktyhg2ycq61JfxPx2c="},"lastRemoteEphemeralKey":"BcPVfGEQ2n5lyqn+nGsGk5RJ7MEGuzhaz6FxVdpch0gz","previousCounter":0,"rootKey":"u+ND2Y/gwvLWzbb/Wu6LlWS1BQYtHAMiywPT2QQ+Emk="},"indexInfo":{"baseKey":"BYmKRAmXltK52RGYG9/dPKhhCcqPv1wSiueKjSHH3KUH","baseKeyType":2,"closed":-1,"used":1762815302649,"created":1762815302649,"remoteIdentityKey":"BfxWyp7SYM/iOtIXjCExdOlZ58Q0a43xkretfOUISzcV"},"_chains":{"BcPVfGEQ2n5lyqn+nGsGk5RJ7MEGuzhaz6FxVdpch0gz":{"chainKey":{"counter":0,"key":"LHYl/BPXvlqjRTBY8zX9YVvgNN1ZqA/Fqdp0UjayLz8="},"chainType":2,"messageKeys":{}},"BZjDgWnhZNQPQmNC6hMi5hsL6GtsJpJp+rEmBVcvNNw9":{"chainKey":{"counter":-1,"key":"c/MuldKdwEdZx4GVmS2xBzvOenViGREX3TzN2kVhgps="},"chainType":1,"messageKeys":{}}}}},"version":"v1"}