{"_sessions":{"BTrMUDsDxIFOtkkGBwwjMlI9zf5nVwE7euUQMJtehaEX":{"registrationId":609442955,"currentRatchet":{"ephemeralKeyPair":{"pubKey":"BbNjkV6wygmFFjiu8+MEqtcT6c600uhwJjDWpUwcHMQv","privKey":"OE2dFZMXJIyhXb6nQwSR7fn6rHjXXaE11unPoowTUH4="},"lastRemoteEphemeralKey":"BXEhxJMsCb8nFqqDdD7Pn/5S/lAhsUCuwvgO0GRC2o5Q","previousCounter":0,"rootKey":"8QEoHZqDTdxTxY/pASK+vY5Gngnl8mRCHGV4058+b0I="},"indexInfo":{"baseKey":"BTrMUDsDxIFOtkkGBwwjMlI9zf5nVwE7euUQMJtehaEX","baseKeyType":2,"closed":-1,"used":1762839204389,"created":1762839204389,"remoteIdentityKey":"BVs5LpWcvxVSBCrYvslJyn2r8gIUN3lufpRJsqwFQnES"},"_chains":{"BXEhxJMsCb8nFqqDdD7Pn/5S/lAhsUCuwvgO0GRC2o5Q":{"chainKey":{"counter":0,"key":"l9NExQVCY/CuCO4vGWbV0lSSe6ZGwU+b+tSwiqpdDYA="},"chainType":2,"messageKeys":{}},"BbNjkV6wygmFFjiu8+MEqtcT6c600uhwJjDWpUwcHMQv":{"chainKey":{"counter":-1,"key":"2rWawDV01HSLKydpReYBxu/JsfhtuVM5BH+CqcitTgc="},"chainType":1,"messageKeys":{}}}}},"version":"v1"}