{"_sessions":{"BVdNAys5yKpDn7nZjhWCt/dm2EwZTao/TwCLoJu1X3Ut":{"registrationId":1446088846,"currentRatchet":{"ephemeralKeyPair":{"pubKey":"BWfeopsQDuD6fQQQgLFYr3DA4ykoE5BWejE+Y4ID1etg","privKey":"2J1j+FVT51k67/8IYzMvDf5QI2zULubwlzH/E9K+9FI="},"lastRemoteEphemeralKey":"BTh5SPmC3hli3DQPGlCas87baD1B0PPEctI/kjt83iVo","previousCounter":0,"rootKey":"fTb3Am5kvsUaSO/3NblUOVvMNGOSW3w+wLz3xr+Eh5w="},"indexInfo":{"baseKey":"BVdNAys5yKpDn7nZjhWCt/dm2EwZTao/TwCLoJu1X3Ut","baseKeyType":2,"closed":-1,"used":1762839343486,"created":1762839343486,"remoteIdentityKey":"BSxu/rch1mneIkC1vEpOGMMykLx3RIdCYsHIl/ZsZqcq"},"_chains":{"BTh5SPmC3hli3DQPGlCas87baD1B0PPEctI/kjt83iVo":{"chainKey":{"counter":1,"key":"8tCVt4KpcfRf00SkfeXqqp2h2UOkExYMQ5typ9c7tcQ="},"chainType":2,"messageKeys":{}},"BWfeopsQDuD6fQQQgLFYr3DA4ykoE5BWejE+Y4ID1etg":{"chainKey":{"counter":-1,"key":"tVuGpWidCSlhC3NeCTOcy4EjfzU9K5wx9bZbF5+qlEY="},"chainType":1,"messageKeys":{}}}}},"version":"v1"}