{"_sessions":{"BV3uN9MSIFXgDvGE5Lrq7CmWmxv+cFiB6zZ7hdXQr5Ai":{"registrationId":2339,"currentRatchet":{"ephemeralKeyPair":{"pubKey":"BVAA9fAGwB6gVlQR/Nrwf3xL9OFQ49F8pLmcjxzmAckm","privKey":"EMHbhM6o+IvyZIar3XPEN1guEK6vQzioAmupPsgfS3c="},"lastRemoteEphemeralKey":"BfrI3NGbobJV5X2KsneGgRAyycXYBzNbNdQtp0E2xm8g","previousCounter":0,"rootKey":"p1Uht6dyOMYAPrw2CeR48+exi5opAei+9fRS9PA7vA8="},"indexInfo":{"baseKey":"BV3uN9MSIFXgDvGE5Lrq7CmWmxv+cFiB6zZ7hdXQr5Ai","baseKeyType":1,"closed":-1,"used":1762657599183,"created":1762657599183,"remoteIdentityKey":"BW+M4BHvj7fl3XvG+g0FJzKZj/+VgQjR1E9dLJukKLMr"},"_chains":{"BVAA9fAGwB6gVlQR/Nrwf3xL9OFQ49F8pLmcjxzmAckm":{"chainKey":{"counter":19,"key":"iC0t2SLpjnzKdbY6bUOfNbVLruLKzPG87A59t5sF3uc="},"chainType":1,"messageKeys":{}}},"pendingPreKey":{"signedKeyId":1,"baseKey":"BV3uN9MSIFXgDvGE5Lrq7CmWmxv+cFiB6zZ7hdXQr5Ai","preKeyId":471}}},"version":"v1"}