{"_sessions":{"BTuOyryeI3zBx+CxDFiayjxbYUnEGucxgHBLZ3n2YyBZ":{"registrationId":643,"currentRatchet":{"ephemeralKeyPair":{"pubKey":"Bf7z5emPCoK/J9ViddU+5OzdafiUX7AVOelAhFLK9+RF","privKey":"SC4+dqBXBKZWe2kabp4IWYqvk/VUHpv0Ang9vekxPnE="},"lastRemoteEphemeralKey":"BVmEuOJDCmYglo92K/HEUMN/UHfiOR+5x2b45E8q6s1B","previousCounter":0,"rootKey":"/iBcPzkz4Oc1NEUGqHySYnwsiPLND9Hbql4vp5QqAMs="},"indexInfo":{"baseKey":"BTuOyryeI3zBx+CxDFiayjxbYUnEGucxgHBLZ3n2YyBZ","baseKeyType":2,"closed":-1,"used":1762748598993,"created":1762748598993,"remoteIdentityKey":"BW0GUQfBXvI6iyeFplP2N9mWwYBEa22WnGKQPaRd69QU"},"_chains":{"BVmEuOJDCmYglo92K/HEUMN/UHfiOR+5x2b45E8q6s1B":{"chainKey":{"counter":0,"key":"+UZeZtjjO3/dWrOesLgTPz4z+wI6ADNgA9D6wuX3Eyg="},"chainType":2,"messageKeys":{}},"Bf7z5emPCoK/J9ViddU+5OzdafiUX7AVOelAhFLK9+RF":{"chainKey":{"counter":-1,"key":"e4AWzzBPL5aGTCRY7UaCSJsc7RQUrwtuubMxlovuSps="},"chainType":1,"messageKeys":{}}}}},"version":"v1"}