{"_sessions":{"BfVmwT5yauUk9YVsAD9JOvOtBH8PmZs9lYG0mYTORydQ":{"registrationId":768458906,"currentRatchet":{"ephemeralKeyPair":{"pubKey":"BUJn5AZiZOWe+pmnNSXj+wQRL4zFPWJ65q5nP+bTE7EJ","privKey":"cF5JCcZBuClVbXvv2Sibue7QqqyAgWxPsASNuWdQ5Vc="},"lastRemoteEphemeralKey":"BX0viHEqpFLSxLBwi1ZXhlyY3nkUlKTBRdHIoxRNkwc0","previousCounter":0,"rootKey":"7DMZeqgu5aN4ylyxdJWkKffrMIga6plqJ/oPvni6bM0="},"indexInfo":{"baseKey":"BfVmwT5yauUk9YVsAD9JOvOtBH8PmZs9lYG0mYTORydQ","baseKeyType":1,"closed":-1,"used":1762657597472,"created":1762657597472,"remoteIdentityKey":"BRlrzV+DmX79sGIy4oltDKwjMtTrHLDvOx8/HGK8duws"},"_chains":{"BUJn5AZiZOWe+pmnNSXj+wQRL4zFPWJ65q5nP+bTE7EJ":{"chainKey":{"counter":6,"key":"DtFErxEBKLkUCUDAOoz7HUfv6uYzAow/EoHCEKGN8AI="},"chainType":1,"messageKeys":{}}},"pendingPreKey":{"signedKeyId":4,"baseKey":"BfVmwT5yauUk9YVsAD9JOvOtBH8PmZs9lYG0mYTORydQ","preKeyId":11144120}}},"version":"v1"}