{"_sessions":{"BR3YT/9iBFr3lRsqqyEJysJHo+eXzOQI1lsnBCfAGSBT":{"registrationId":704323357,"currentRatchet":{"ephemeralKeyPair":{"pubKey":"BQNAjkq8+Uf8pMPEmdO0g/e3GtTfSVaN1sof9ElWp3Q4","privKey":"eObG1fxVXS1LWTSJQLftwx5WInCMwnb3D57zWJex0V8="},"lastRemoteEphemeralKey":"BfjRNaJ4SK7jHAWx7Wck3zZjQukf/VkeTAtwLqJ6ABs7","previousCounter":2,"rootKey":"toZs+ywX9CXCSY53kv1rCnKwKb4WyIfdDa9KdcPaa7k="},"indexInfo":{"baseKey":"BR3YT/9iBFr3lRsqqyEJysJHo+eXzOQI1lsnBCfAGSBT","baseKeyType":2,"closed":-1,"used":1762692007973,"created":1762692003021,"remoteIdentityKey":"BcgWUu8gSRHGIcfSIDjD9wW3OOIOGTc50B0lt73rOB1x"},"_chains":{"BQ2AYdcpGpSn8HbA4ILfzEFI+Sj9mk/UnltNunSOlHJN":{"chainKey":{"counter":0},"chainType":2,"messageKeys":{}},"BfjRNaJ4SK7jHAWx7Wck3zZjQukf/VkeTAtwLqJ6ABs7":{"chainKey":{"counter":0,"key":"R3Pjxr4/PrA8XIbvbc/3G4O/1QTwLFu8tKGlp3nf15I="},"chainType":2,"messageKeys":{}},"BQNAjkq8+Uf8pMPEmdO0g/e3GtTfSVaN1sof9ElWp3Q4":{"chainKey":{"counter":-1,"key":"9cG+ysYj4JAyRAvySd0I3ur9TYMsVmY7x65ulwVl5UI="},"chainType":1,"messageKeys":{}}}}},"version":"v1"}