{"_sessions":{"BTRX0jpD6POZlnagS8AkeCefLuHznJyFWJJH9pih6Doy":{"registrationId":1270123512,"currentRatchet":{"ephemeralKeyPair":{"pubKey":"BUT7VG2dKlV9JHB+XedVoeFBkIuRStRr4GhXwXldhwof","privKey":"QIXZ3WdrKuFGw2Yzum1FKKYcZsrub9u+e4HGFhkUk1U="},"lastRemoteEphemeralKey":"Bb4T4aO2ieMd+COG+XrYWQ0V0bJn991OR5HKwiN8n+RE","previousCounter":0,"rootKey":"DMWjuFSe8LDtzxjKIa63Vlm18v6cPPBtnDbcnIR7znk="},"indexInfo":{"baseKey":"BTRX0jpD6POZlnagS8AkeCefLuHznJyFWJJH9pih6Doy","baseKeyType":2,"closed":-1,"used":1762839501367,"created":1762839501367,"remoteIdentityKey":"BffzmbiPrNiXhCdw0gPgXdudfl1WVEVFKlsqen3RCBI2"},"_chains":{"Bb4T4aO2ieMd+COG+XrYWQ0V0bJn991OR5HKwiN8n+RE":{"chainKey":{"counter":0,"key":"h+CxLV48+pzNaRK8k4vvIv6tsRTOL+2qqHp8bRXY3Gk="},"chainType":2,"messageKeys":{}},"BUT7VG2dKlV9JHB+XedVoeFBkIuRStRr4GhXwXldhwof":{"chainKey":{"counter":-1,"key":"2817Q9fJjls5B+xtpBcMlkscZp/2lU29lmeT6f1+fd4="},"chainType":1,"messageKeys":{}}}}},"version":"v1"}