{"_sessions":{"Bf1mApLsMaZnFOAtKWSDVOSAgN2WNbrfjHn78+qwPgc5":{"registrationId":2077541324,"currentRatchet":{"ephemeralKeyPair":{"pubKey":"BbHQ0LIyCCwhq9Xf6KV9FmZoh02ySWlN9rQG0Gz4fU8I","privKey":"UMoeh8KQ/IJhM6udih8fMbUWLt5537E+Pile2f9J1Hw="},"lastRemoteEphemeralKey":"Bc0IYwvAB2j8xmNoq7xbdPVUQgaLpPTUaqtZqsRD22oT","previousCounter":0,"rootKey":"rnJxsHMAWxKdzC3luZKSB20fQoymmink/Ue/Cv7qxco="},"indexInfo":{"baseKey":"Bf1mApLsMaZnFOAtKWSDVOSAgN2WNbrfjHn78+qwPgc5","baseKeyType":2,"closed":-1,"used":1762774991433,"created":1762774991433,"remoteIdentityKey":"Bb09PIWupQziCDLV37NAxMwjRvP+QjU1/saXdbV3/Toy"},"_chains":{"Bc0IYwvAB2j8xmNoq7xbdPVUQgaLpPTUaqtZqsRD22oT":{"chainKey":{"counter":0,"key":"vBYqr6u0WzcFN+wjfhDQ7zrfoCmrhikeIcwyryb1d74="},"chainType":2,"messageKeys":{}},"BbHQ0LIyCCwhq9Xf6KV9FmZoh02ySWlN9rQG0Gz4fU8I":{"chainKey":{"counter":-1,"key":"9e9M6IHh6iAhXUGqlW7PSJE91xXpfX87BF7TpomqabY="},"chainType":1,"messageKeys":{}}}}},"version":"v1"}