{"_sessions":{"BS5oddUKNqYaIRddmNuXpDtAfW3H61SB107QnIxBuE9h":{"registrationId":1769203787,"currentRatchet":{"ephemeralKeyPair":{"pubKey":"BU7EGGl4RWVpAYgMuc85A+2uivbG9Mk6aRDhrZpA2ihB","privKey":"+FxUSM/7/9tJbmCtiXxJ7aks8jx18jFkDb3pX/6aG0U="},"lastRemoteEphemeralKey":"BRLT9hBXMqIO+b9VxF0vzgzW2fq7NY7sgdGLtS/2a39E","previousCounter":0,"rootKey":"C2AgjGl84ak6ccITuFIn++cRZAmYuddrC7/MpWXTgNs="},"indexInfo":{"baseKey":"BS5oddUKNqYaIRddmNuXpDtAfW3H61SB107QnIxBuE9h","baseKeyType":2,"closed":-1,"used":1762763679097,"created":1762763679097,"remoteIdentityKey":"BVM9VW0CG0Zn2n72UzJk9xeSJ2Ti73XTwy8VP8yXIS8X"},"_chains":{"BRLT9hBXMqIO+b9VxF0vzgzW2fq7NY7sgdGLtS/2a39E":{"chainKey":{"counter":0,"key":"7BhU33ozzrV8xt+BzkEyo5fGwaLvHrPUR+4rhZcBMJs="},"chainType":2,"messageKeys":{}},"BU7EGGl4RWVpAYgMuc85A+2uivbG9Mk6aRDhrZpA2ihB":{"chainKey":{"counter":-1,"key":"QcCshh1HqvRPVO0CE8iERF+uGIWm2Z82ffgNf6NIw6M="},"chainType":1,"messageKeys":{}}}}},"version":"v1"}