{"_sessions":{"BbSjVV698gpcgIUgF+0vXg+kXX3QczdnOnoigc1rTPQr":{"registrationId":740033788,"currentRatchet":{"ephemeralKeyPair":{"pubKey":"BR2wKr7PQsp36YA55OjawiobOveSq2Z9PKZ4fkRPiuFi","privKey":"AIXJRmotgTiV2P6m+if3sKxxf+794DAvqCJjI2EOF2k="},"lastRemoteEphemeralKey":"BfxV8d6Dqcp+5J6lU79V+P/mh3gBCLq+hf0dFuSBObkI","previousCounter":0,"rootKey":"oB5WRiQaGGQWTauT+I6rgT3IeuGmIIOUX7oZvfyvEQI="},"indexInfo":{"baseKey":"BbSjVV698gpcgIUgF+0vXg+kXX3QczdnOnoigc1rTPQr","baseKeyType":1,"closed":-1,"used":1762657597776,"created":1762657597776,"remoteIdentityKey":"BVTN751WdgY6MZBHekHehY63txKsnLaquP5qj0yfKS1f"},"_chains":{"BR2wKr7PQsp36YA55OjawiobOveSq2Z9PKZ4fkRPiuFi":{"chainKey":{"counter":19,"key":"peYsM69tV4xRWJRwAUd+5knMDZ/MWC4OyRX/QO6HFCY="},"chainType":1,"messageKeys":{}}},"pendingPreKey":{"signedKeyId":20,"baseKey":"BbSjVV698gpcgIUgF+0vXg+kXX3QczdnOnoigc1rTPQr","preKeyId":12027829}}},"version":"v1"}