{"_sessions":{"BVKaq14877uiSQwER8vOqDjpRb/VmdKZAZmRUED48Pht":{"registrationId":1166642645,"currentRatchet":{"ephemeralKeyPair":{"pubKey":"BY3+SpcHdwrziTokplIKBAfTqsEqiUBXjxt428Z7BzYw","privKey":"uOMMftnK8XkEni6v6JQStyHTO8dMl5zmDM2I/78Gr0A="},"lastRemoteEphemeralKey":"BUblUNQYWLQYSlQ2+j58/vpwcYKL0/ecau2lcAxxfj9D","previousCounter":0,"rootKey":"853O/yW+PqbHm8c0hBDf9UoWrUNuQufMTqzvrw5zeWM="},"indexInfo":{"baseKey":"BVKaq14877uiSQwER8vOqDjpRb/VmdKZAZmRUED48Pht","baseKeyType":1,"closed":-1,"used":1762648063866,"created":1762647873278,"remoteIdentityKey":"BX6Oqut9mWf+Fgt2RfsKI+RtG3q96hSJWdkLQYyPWgUA"},"_chains":{"BUblUNQYWLQYSlQ2+j58/vpwcYKL0/ecau2lcAxxfj9D":{"chainKey":{"counter":0,"key":"c2gcvv/x0rAwYt//ltjC3+CnoLgK9h+nWrwc/6EXm58="},"chainType":2,"messageKeys":{}},"BY3+SpcHdwrziTokplIKBAfTqsEqiUBXjxt428Z7BzYw":{"chainKey":{"counter":19,"key":"SLvipID7eB55sSXEgk5uCE5QlZ9GvJBpMGkU1Ner7Qs="},"chainType":1,"messageKeys":{}}}}},"version":"v1"}