{"_sessions":{"BcDBRi6amVKBx5be4WNFRZ+qCW9x+umgmIWxuAcPxQFa":{"registrationId":1496224588,"currentRatchet":{"ephemeralKeyPair":{"pubKey":"BWPfWVvgQRH9/NoaLbijerGYg3EFtxsvQ9vflaWIoF9I","privKey":"8ELl8TLnNpvEazQPJAgr4GYpUzg6p808xNRbdxT6xUM="},"lastRemoteEphemeralKey":"BaobWTQMDSxEmerfXMi449EHKPrZmn+vOMCirLqj72R1","previousCounter":6,"rootKey":"2bt7rpYHISewr/9suwx7l1OPdrw4fSCJjeWAgzCXVw4="},"indexInfo":{"baseKey":"BcDBRi6amVKBx5be4WNFRZ+qCW9x+umgmIWxuAcPxQFa","baseKeyType":1,"closed":1762813475360,"used":1762752642227,"created":1762657597690,"remoteIdentityKey":"Bb6y0ExrRDwsWiyrzMh0MWmkdEcksbUX2fnqOA82rfhQ"},"_chains":{"BaobWTQMDSxEmerfXMi449EHKPrZmn+vOMCirLqj72R1":{"chainKey":{"counter":0,"key":"6TC8P1OwPr8fGDmvW2ldGbhlh80mbmcD/0DBCUWxxWY="},"chainType":2,"messageKeys":{}},"BWPfWVvgQRH9/NoaLbijerGYg3EFtxsvQ9vflaWIoF9I":{"chainKey":{"counter":-1,"key":"CZE08gRQ7jiX7AT5fQ9WL42rhyYg/1k90+eAj6QnzWs="},"chainType":1,"messageKeys":{}}}},"BefOy3SfD96lGATpobhjeCmF8JKmD32I6f7jLkr+OVUW":{"registrationId":1496224588,"currentRatchet":{"ephemeralKeyPair":{"pubKey":"Bc71kSB7MTnupBIc6YJZGvhtEG39L29vt2nw8l40ObgD","privKey":"cAPIejpPP5oY6L7AhIy3B1klpNXAO/Fm2cVKKksE12w="},"lastRemoteEphemeralKey":"BUjLfVpcfffUlgGD9JL8H0dXHEWZZJcr2j3XiS13XpZs","previousCounter":0,"rootKey":"JXY/tS3vFype6swFYZdsBpHtoWCe6hW1J4eC0NUEIY0="},"indexInfo":{"baseKey":"BefOy3SfD96lGATpobhjeCmF8JKmD32I6f7jLkr+OVUW","baseKeyType":1,"closed":1762813475649,"used":1762813475356,"created":1762813475356,"remoteIdentityKey":"Bb6y0ExrRDwsWiyrzMh0MWmkdEcksbUX2fnqOA82rfhQ"},"_chains":{"Bc71kSB7MTnupBIc6YJZGvhtEG39L29vt2nw8l40ObgD":{"chainKey":{"counter":-1,"key":"X45l81uMlYb+esLobZeVvKi8ezTaN3fkseB6I20r1t4="},"chainType":1,"messageKeys":{}}},"pendingPreKey":{"signedKeyId":13,"baseKey":"BefOy3SfD96lGATpobhjeCmF8JKmD32I6f7jLkr+OVUW","preKeyId":6033098}},"BQ0GmxEhftvx2BbGLKruNf4k4OAmrTzhKf+JK2TWOVNX":{"registrationId":1496224588,"currentRatchet":{"ephemeralKeyPair":{"pubKey":"BcKCAl6eaQof1tD9mVTLDl9zpj7F8btXxo6EYPmUBONG","privKey":"6K+G5KYxXveHX2PrH/lI1jWDvLNbwuCQ01QHuVQI4Gc="},"lastRemoteEphemeralKey":"BUjLfVpcfffUlgGD9JL8H0dXHEWZZJcr2j3XiS13XpZs","previousCounter":0,"rootKey":"7r24shJwJNvtjgA9wslbVXpeMDXPH/2KpSfFzBzfhMw="},"indexInfo":{"baseKey":"BQ0GmxEhftvx2BbGLKruNf4k4OAmrTzhKf+JK2TWOVNX","baseKeyType":1,"closed":1762813475938,"used":1762813475646,"created":1762813475646,"remoteIdentityKey":"Bb6y0ExrRDwsWiyrzMh0MWmkdEcksbUX2fnqOA82rfhQ"},"_chains":{"BcKCAl6eaQof1tD9mVTLDl9zpj7F8btXxo6EYPmUBONG":{"chainKey":{"counter":-1,"key":"HZ4oNDIVSXb5j1uql9Ij0FvTDxZcynYe/BfRLLfo0+w="},"chainType":1,"messageKeys":{}}},"pendingPreKey":{"signedKeyId":13,"baseKey":"BQ0GmxEhftvx2BbGLKruNf4k4OAmrTzhKf+JK2TWOVNX","preKeyId":6033046}},"Bf0v0UzV5gwoVkXSURoMhr7yT9w4btA04axoIFlGTLtr":{"registrationId":1496224588,"currentRatchet":{"ephemeralKeyPair":{"pubKey":"BSimKBCqkev6JyqlrXcFIzLF/jcyR2Skm8RkDGvlcSdI","privKey":"4HQf80iZkZ2+y48Ydd8a+wILHUwaCO+UbPs8f9WtwVk="},"lastRemoteEphemeralKey":"BUjLfVpcfffUlgGD9JL8H0dXHEWZZJcr2j3XiS13XpZs","previousCounter":0,"rootKey":"61rAd16/kwmRC6PpdrvLmEgiNnWfgwtsb8dwGacogJI="},"indexInfo":{"baseKey":"Bf0v0UzV5gwoVkXSURoMhr7yT9w4btA04axoIFlGTLtr","baseKeyType":1,"closed":1762813476237,"used":1762813475935,"created":1762813475935,"remoteIdentityKey":"Bb6y0ExrRDwsWiyrzMh0MWmkdEcksbUX2fnqOA82rfhQ"},"_chains":{"BSimKBCqkev6JyqlrXcFIzLF/jcyR2Skm8RkDGvlcSdI":{"chainKey":{"counter":-1,"key":"PjpR6Ec4puH+Nbao4nEGqboe1hRnTEglcSk19QHthb4="},"chainType":1,"messageKeys":{}}},"pendingPreKey":{"signedKeyId":13,"baseKey":"Bf0v0UzV5gwoVkXSURoMhr7yT9w4btA04axoIFlGTLtr","preKeyId":6033315}},"BRITfbWslYagNa5g3paMKGLTbWcco5VuGqQG9u1jK3Ek":{"registrationId":1496224588,"currentRatchet":{"ephemeralKeyPair":{"pubKey":"BRWUl1sBKHmVy7+1nrZ6hBOanDgb9wTZm30iLQGPTodB","privKey":"SLO8GU5RHNWYUjIoIgU7YJ1+IsT386Wyeo6UwpiAM2c="},"lastRemoteEphemeralKey":"BUjLfVpcfffUlgGD9JL8H0dXHEWZZJcr2j3XiS13XpZs","previousCounter":0,"rootKey":"OqewMDWBs/3ipi38djUBG6DM3Q7jCgoo+mGGRpcHwJw="},"indexInfo":{"baseKey":"BRITfbWslYagNa5g3paMKGLTbWcco5VuGqQG9u1jK3Ek","baseKeyType":1,"closed":1762825928763,"used":1762813476234,"created":1762813476234,"remoteIdentityKey":"Bb6y0ExrRDwsWiyrzMh0MWmkdEcksbUX2fnqOA82rfhQ"},"_chains":{"BRWUl1sBKHmVy7+1nrZ6hBOanDgb9wTZm30iLQGPTodB":{"chainKey":{"counter":0,"key":"lGDwK7MW96zE4pfYxA/chnl/EQrygitLKmp/swxMRII="},"chainType":1,"messageKeys":{}}},"pendingPreKey":{"signedKeyId":13,"baseKey":"BRITfbWslYagNa5g3paMKGLTbWcco5VuGqQG9u1jK3Ek","preKeyId":6032805}},"BZNRgZmTDHW/ygfj4sESyulRGW0CwJIdVXBkqD+S2GQl":{"registrationId":1141571752,"currentRatchet":{"ephemeralKeyPair":{"pubKey":"BdNHHJlX0nxaaQw7AkCnqrnebftwjFDy88YtwVNVu3pM","privKey":"4BSyvMJ5rMsOVia59fQgW/hedhnvDzlwMhgzxNdXrkI="},"lastRemoteEphemeralKey":"BQhZy74ySggzcMmQkShog8UzewcmA5CTUYmQMfJZWv5M","previousCounter":0,"rootKey":"B/Rbj+sy/Y0pbFZ9gLVC4nVaw0pL/g8pQMBvohk7ytc="},"indexInfo":{"baseKey":"BZNRgZmTDHW/ygfj4sESyulRGW0CwJIdVXBkqD+S2GQl","baseKeyType":1,"closed":-1,"used":1762825928758,"created":1762825928758,"remoteIdentityKey":"BRx3MJKMkAE1VRQXi4V3eSN2sYV3ciylg00WJRt/46E4"},"_chains":{"BdNHHJlX0nxaaQw7AkCnqrnebftwjFDy88YtwVNVu3pM":{"chainKey":{"counter":11,"key":"Q7Zu3/t8+RhWb4TWcrWpPpk3bFiMeXpCwB4h5WCiqtY="},"chainType":1,"messageKeys":{}}},"pendingPreKey":{"signedKeyId":14450885,"baseKey":"BZNRgZmTDHW/ygfj4sESyulRGW0CwJIdVXBkqD+S2GQl","preKeyId":10290521}}},"version":"v1"}