{"_sessions":{"BX6vRTfqsqv+EsgPktuTrAQp8poKYBfxHa0lw3XmPFIv":{"registrationId":854564314,"currentRatchet":{"ephemeralKeyPair":{"pubKey":"BXy+aJR3N8Zh6RSwpXkSutSVBFp1pMtjG9tgsFE/VvVB","privKey":"UHNUG/3Q6rSA6yqIKP1UnbvL1yLyGkdS9fBZ7od2Cl4="},"lastRemoteEphemeralKey":"BfW9zhzAxeLqlhj3bW9NW+7AwZl8XMSDEQl5ivlE3gpX","previousCounter":0,"rootKey":"GAHcuMMQjc7f3V7TrKPGs4JjJL60xSk+6EpJFlRDwYc="},"indexInfo":{"baseKey":"BX6vRTfqsqv+EsgPktuTrAQp8poKYBfxHa0lw3XmPFIv","baseKeyType":2,"closed":-1,"used":1762691875201,"created":1762691875201,"remoteIdentityKey":"BbDsdEtmU6TuB1mqok8rS1n/rYVaeoiAh4pbQzaIpCsr"},"_chains":{"BfW9zhzAxeLqlhj3bW9NW+7AwZl8XMSDEQl5ivlE3gpX":{"chainKey":{"counter":0,"key":"2iqaxb/WF5pVNUKNTHtdEKfAZrUgWbDm/Hy/haA/xmI="},"chainType":2,"messageKeys":{}},"BXy+aJR3N8Zh6RSwpXkSutSVBFp1pMtjG9tgsFE/VvVB":{"chainKey":{"counter":-1,"key":"Ji6K2btuKm4mbQTmLGC8FXXsZwMxoArl74VxYWNQ/K0="},"chainType":1,"messageKeys":{}}}}},"version":"v1"}