{"_sessions":{"BRB9SIuYOeOVPak3/vvW5V9lTEhgs7rptw4gYzlHXXh8":{"registrationId":82,"currentRatchet":{"ephemeralKeyPair":{"pubKey":"BfDF4lgi14CxOEUqWIXFm/PVlJXFbbIKawtDH6rRZT0q","privKey":"MFpS+pUsEj5K7TMNpqapOLfFuiSEWomUUGdD/FpONnI="},"lastRemoteEphemeralKey":"Bfdaa9PNVUjgGhIG3T5D9TmpQPRtGIf2ZlJAltBx98U8","previousCounter":0,"rootKey":"hYKV+qHjIWPX6O2GA5EqbwUcoT47kvkTZaKrgg4Y+VY="},"indexInfo":{"baseKey":"BRB9SIuYOeOVPak3/vvW5V9lTEhgs7rptw4gYzlHXXh8","baseKeyType":1,"closed":-1,"used":1762604347594,"created":1762604347594,"remoteIdentityKey":"BZ6rjbqmC++Wv3XzsjnvB2Kfbdg9Y0PU/J8iS8LOJecw"},"_chains":{"BfDF4lgi14CxOEUqWIXFm/PVlJXFbbIKawtDH6rRZT0q":{"chainKey":{"counter":892,"key":"BON8PcR8XRBbR7c5+5GkUUAHde34XAlH4iH/YA3sxg4="},"chainType":1,"messageKeys":{}}},"pendingPreKey":{"signedKeyId":1,"baseKey":"BRB9SIuYOeOVPak3/vvW5V9lTEhgs7rptw4gYzlHXXh8"}}},"version":"v1"}