{"_sessions":{"Bf1QH6Tcx52ZjNIkowRsPuGfTtTIjfvgIEidjfyaNl05":{"registrationId":1510747061,"currentRatchet":{"ephemeralKeyPair":{"pubKey":"Ba/F1Mwov/XIsI2gFmkcelwoG0elGqGOHWrIZIvb/Cok","privKey":"uNgo5kcqGctkZBSQ3mRK92yYrVY8akzi8tNaR1ZEg0c="},"lastRemoteEphemeralKey":"BZIQVKeldwZ5Nsr5pRc/cmsERPyaYLHd3OgjT1oN7m0w","previousCounter":0,"rootKey":"IeCZ0N0fc+lEFga/PrM1RRjXG2iFufzn/mtm+EoWA3Y="},"indexInfo":{"baseKey":"Bf1QH6Tcx52ZjNIkowRsPuGfTtTIjfvgIEidjfyaNl05","baseKeyType":2,"closed":1762660967077,"used":1762616482408,"created":1762616475946,"remoteIdentityKey":"BTM30XNkb7ZMmV9HYXh/BarWRnft7WKq77EGKcBWzrpd"},"_chains":{"Bfy794DQjA73FqoA/OJuPZMkLmDDnIuZ9yxsYD+YtF1+":{"chainKey":{"counter":1},"chainType":2,"messageKeys":{}},"BZIQVKeldwZ5Nsr5pRc/cmsERPyaYLHd3OgjT1oN7m0w":{"chainKey":{"counter":0,"key":"+pb6BUF363rDRIKSGJCqJPRqS/TeKXkpGsg1QiqoawI="},"chainType":2,"messageKeys":{}},"Ba/F1Mwov/XIsI2gFmkcelwoG0elGqGOHWrIZIvb/Cok":{"chainKey":{"counter":1,"key":"HzlCK1z1wmQBsoeBDWnxolzqdhF1z/rC+rEbVu8YJYU="},"chainType":1,"messageKeys":{}}}},"BezdXBmPpM4l5pEWVVUIEOj5rNlrPaSqv5KRzzLsBcln":{"registrationId":1510747061,"currentRatchet":{"ephemeralKeyPair":{"pubKey":"Bdh19Qe+TLh5U5oJhp0KTXeYdWKX5SrCy8qqwTNYuH0f","privKey":"aG6MrK2XBcnZipVSJGSe9n/qT2lCVZK4ik4Jz85lu3c="},"lastRemoteEphemeralKey":"BVrHtaR6JFbI7MUnKPodluZnS1mX5Vul087Kexrgm9Z3","previousCounter":0,"rootKey":"7XzNEm6eHp9liSf89v9UQ5xmjtdltTm7thfC9WiynVY="},"indexInfo":{"baseKey":"BezdXBmPpM4l5pEWVVUIEOj5rNlrPaSqv5KRzzLsBcln","baseKeyType":2,"closed":1762727460261,"used":1762666536175,"created":1762660967177,"remoteIdentityKey":"BTM30XNkb7ZMmV9HYXh/BarWRnft7WKq77EGKcBWzrpd"},"_chains":{"BQ/Ix+vc747r2WG7mldgkDgUeZTaET3S0g7KYM4ZW1kn":{"chainKey":{"counter":0},"chainType":2,"messageKeys":{}},"BccOKIsSw96pcACs6fymK+Bvbmz5VJ4lDVR+kphMxLpn":{"chainKey":{"counter":1},"chainType":2,"messageKeys":{}},"BfcYkIKF4WNo6CSkVVIES65qfA0eMlbBJv7TYOkBFdIZ":{"chainKey":{"counter":1},"chainType":2,"messageKeys":{}},"BVrHtaR6JFbI7MUnKPodluZnS1mX5Vul087Kexrgm9Z3":{"chainKey":{"counter":0,"key":"/5zFRzc4kW7cb4dWAvKPGy3Ksjif4zt/HtCYIO6lb+k="},"chainType":2,"messageKeys":{}},"Bdh19Qe+TLh5U5oJhp0KTXeYdWKX5SrCy8qqwTNYuH0f":{"chainKey":{"counter":-1,"key":"0zNMViIv0LZ7KPTEJzCNBas38zmIZ3qb2WA8K1ra8i0="},"chainType":1,"messageKeys":{}}}},"BWbN0FqFcKE3gU/NsZ1n/b6B2Fcpmlw6TU/M2bhRDyBa":{"registrationId":1510747061,"currentRatchet":{"ephemeralKeyPair":{"pubKey":"Baww0vm/g/T8wkRmoS3npVNTipFK4Wrt4Iif9qo3Pdcs","privKey":"sBm6YZKz0cm1odgUWtu29LuKuyWM76WL25j279oQg3I="},"lastRemoteEphemeralKey":"BX0/dFdnvQepYiRUKRbYJLZ18Lj0JRyP+38RLJxQc20t","previousCounter":0,"rootKey":"ZJy3/88e+oLV9jJnzOuPk/r16ET17r1KTZpLJ5ZU/R8="},"indexInfo":{"baseKey":"BWbN0FqFcKE3gU/NsZ1n/b6B2Fcpmlw6TU/M2bhRDyBa","baseKeyType":2,"closed":1762738282374,"used":1762727461850,"created":1762727460265,"remoteIdentityKey":"BTM30XNkb7ZMmV9HYXh/BarWRnft7WKq77EGKcBWzrpd"},"_chains":{"BVrXVvC9IiLM40t5dj7YJ8Tb6j9eYluOxTPDdZVbEL89":{"chainKey":{"counter":1},"chainType":2,"messageKeys":{}},"BX0/dFdnvQepYiRUKRbYJLZ18Lj0JRyP+38RLJxQc20t":{"chainKey":{"counter":0,"key":"JaA100/lFOxZKlyhOxu4GOGEn6iFpoubTLPJ50wT1QQ="},"chainType":2,"messageKeys":{}},"Baww0vm/g/T8wkRmoS3npVNTipFK4Wrt4Iif9qo3Pdcs":{"chainKey":{"counter":-1,"key":"qfBqjbMnP95lDc05EIvNv3VC6v2/zcf9DvOmBoFVd7U="},"chainType":1,"messageKeys":{}}}},"BSfthzpVS7HovFy1MQZdUo1pHb32QW+aIno3tuL6YTY9":{"registrationId":1510747061,"currentRatchet":{"ephemeralKeyPair":{"pubKey":"BRpZ5k58GRgCxpaOdDnUZGEEfVc5e7kPQNXIq0F5ne44","privKey":"eJH2xY2MeW/RVXaJfVSfkKCbY37kI/i8wA+Bc6bOu3s="},"lastRemoteEphemeralKey":"BTIb4weOEt2VZNivrlD4t9wrGBezp52RTAQqjbPqxMA4","previousCounter":2,"rootKey":"XDoPr6wP5CQkm5h0e+OOnc7bftCWysyD/Eq0FTulAXE="},"indexInfo":{"baseKey":"BSfthzpVS7HovFy1MQZdUo1pHb32QW+aIno3tuL6YTY9","baseKeyType":2,"closed":1762823415472,"used":1762742862880,"created":1762738282379,"remoteIdentityKey":"BTM30XNkb7ZMmV9HYXh/BarWRnft7WKq77EGKcBWzrpd"},"_chains":{"BWgloDcskE7bI7da6+AgMTYzee6TRPQAXmJwIEoEerMV":{"chainKey":{"counter":0},"chainType":2,"messageKeys":{}},"BVOsRkORmjgJaor/2humvbYpxbBovrqfM8kb030FeTMp":{"chainKey":{"counter":0},"chainType":2,"messageKeys":{}},"BaIoCK+3LyW8VW12G7bscUr7yuunls5YxSXd/XHcd31t":{"chainKey":{"counter":0},"chainType":2,"messageKeys":{}},"BTIb4weOEt2VZNivrlD4t9wrGBezp52RTAQqjbPqxMA4":{"chainKey":{"counter":1,"key":"MLyUgc6PevrPKrnfwLxEhowsq0SqdJLYcaScRfE/WDQ="},"chainType":2,"messageKeys":{}},"BRpZ5k58GRgCxpaOdDnUZGEEfVc5e7kPQNXIq0F5ne44":{"chainKey":{"counter":-1,"key":"8ncviBsKnSpriyByFUzxb77NTePH6Wo9YHYrg2c/wYM="},"chainType":1,"messageKeys":{}}}},"BebIKoln9smWtQv/suln/v1gfrn0Uq+YZEl7kzbPliMs":{"registrationId":1510747061,"currentRatchet":{"ephemeralKeyPair":{"pubKey":"BcOEnUuDXDpdwPAcL2Cun5UU6IRxPKwaYaFHCNGGF70I","privKey":"oCHOyA6mo6dpfe7iQ4csJ9HI1LYbrp3kRmRzmX575HE="},"lastRemoteEphemeralKey":"Bas7H7U4p426rNU0h6Q5nEP9t54oX/SDCg+WHhLNXjZ4","previousCounter":0,"rootKey":"UxOVuJGwz+mI85SXVmU50HG+N1kpfrQTip8VLbAlE4E="},"indexInfo":{"baseKey":"BebIKoln9smWtQv/suln/v1gfrn0Uq+YZEl7kzbPliMs","baseKeyType":2,"closed":1762843850826,"used":1762823421324,"created":1762823415477,"remoteIdentityKey":"BTM30XNkb7ZMmV9HYXh/BarWRnft7WKq77EGKcBWzrpd"},"_chains":{"BSBjb751ZJy+LSC1yMausSB9ee9zajzrWgWf5TaUEsUz":{"chainKey":{"counter":1},"chainType":2,"messageKeys":{}},"Bas7H7U4p426rNU0h6Q5nEP9t54oX/SDCg+WHhLNXjZ4":{"chainKey":{"counter":1,"key":"ZIGihJAbj38oGZ/pzUuvj4kAJKbDYXwACgGi8cdR2tw="},"chainType":2,"messageKeys":{}},"BcOEnUuDXDpdwPAcL2Cun5UU6IRxPKwaYaFHCNGGF70I":{"chainKey":{"counter":-1,"key":"EEvvFzuRAwauGeU2FMCiwMt94KsFSqfWW/060jy5C1c="},"chainType":1,"messageKeys":{}}}},"BWfBKy7uY5OW2NLEvbYPmVjKw48D3mNKlBt16P/bdhsV":{"registrationId":1510747061,"currentRatchet":{"ephemeralKeyPair":{"pubKey":"BWkExwNba9C0y59fxURQ6Xfz0KRNJBIxdRUl5P735v10","privKey":"yE19AxNtC1maK2h2x4+54v1peDauIi6/OhfYNymI2kI="},"lastRemoteEphemeralKey":"BaFRS3VeMI0os64HPoddR0RFxtmQOB8qW/h3vtFf8Yp8","previousCounter":0,"rootKey":"AtieVbCkVq3AH5hdNQnULJVUMZReZE+ODr1jTytdx3k="},"indexInfo":{"baseKey":"BWfBKy7uY5OW2NLEvbYPmVjKw48D3mNKlBt16P/bdhsV","baseKeyType":2,"closed":-1,"used":1762843877743,"created":1762843850832,"remoteIdentityKey":"BTM30XNkb7ZMmV9HYXh/BarWRnft7WKq77EGKcBWzrpd"},"_chains":{"BWKrMXU4VeukRib2DbPXIGua5tsIm+6owltnycEv8ZY3":{"chainKey":{"counter":1},"chainType":2,"messageKeys":{}},"BTGLfrxNh66Re9N2iPJlGxqOiAILi1UWPCcjr/m/nwsv":{"chainKey":{"counter":1},"chainType":2,"messageKeys":{}},"BV0mBfL5/AfqB/jpTb98rdiTGf5DCBybpojVRoVtzXMZ":{"chainKey":{"counter":1},"chainType":2,"messageKeys":{}},"BaFRS3VeMI0os64HPoddR0RFxtmQOB8qW/h3vtFf8Yp8":{"chainKey":{"counter":0,"key":"5G7biImSGAPaMEjLTh3aCN1qNJK5TSdk/z5xN3sqow8="},"chainType":2,"messageKeys":{}},"BWkExwNba9C0y59fxURQ6Xfz0KRNJBIxdRUl5P735v10":{"chainKey":{"counter":-1,"key":"vF7u8w+kdF5K79+k0eYH7YtGO40IwvsHG8NZ0grQfKY="},"chainType":1,"messageKeys":{}}}}},"version":"v1"}