{"_sessions":{"BX2ZXNbTcAZTVCyxf5ptc2X8BXouVdzHri1kefRg1sIZ":{"registrationId":724927917,"currentRatchet":{"ephemeralKeyPair":{"pubKey":"BStORn1wjMeWVQutsLFveQlOGcDskLt9eP/5XhYdb9xE","privKey":"2IJTGQMkc5iXoJ4+ITQvYhJ8TeRXsQf9YvUPgN2brmI="},"lastRemoteEphemeralKey":"BXuOXXlz7pYjAsuYrM33J4i3BubwT7lw7z4rycKeoSZG","previousCounter":0,"rootKey":"irAXIorI6N/EzxfbZPK4PuQkYG6gQ18lzO25zWrMLyM="},"indexInfo":{"baseKey":"BX2ZXNbTcAZTVCyxf5ptc2X8BXouVdzHri1kefRg1sIZ","baseKeyType":2,"closed":-1,"used":1762606945293,"created":1762606945293,"remoteIdentityKey":"BYITO5TYp7NOyIr/810wqyYW16EXOqYyCXU5ZrCQP6Q9"},"_chains":{"BXuOXXlz7pYjAsuYrM33J4i3BubwT7lw7z4rycKeoSZG":{"chainKey":{"counter":0,"key":"BLdVrYIuxRH2TtLoPmQ0woTvXm3JKNLiUL5y3NMroo4="},"chainType":2,"messageKeys":{}},"BStORn1wjMeWVQutsLFveQlOGcDskLt9eP/5XhYdb9xE":{"chainKey":{"counter":19,"key":"Hfr5o5qL3gvIyozaSl1VVYiS2Qzg0V3d1+dy2uo4Evw="},"chainType":1,"messageKeys":{}}}}},"version":"v1"}