{"_sessions":{"BUE8e+QTNMc29XQJkP2SKvSqiQ/EHdmBj6jRo33NHk4X":{"registrationId":1780287165,"currentRatchet":{"ephemeralKeyPair":{"pubKey":"BV1efMv66v3PJVN7D/tKTjji/RUAO5jjxcxPT92KuXc/","privKey":"gNE6UnCH0MJbQSzZw5F2pd4YEWhwSzf2wzhVnqPEk1U="},"lastRemoteEphemeralKey":"BTzfRXAjyjwp96+2loUdyXswOOfhbCq8kBNq37S8Tqpk","previousCounter":0,"rootKey":"kJcE//IrJLIkuxn4Vr8p+G1gLgMy2ouP75qpPVYxbq0="},"indexInfo":{"baseKey":"BUE8e+QTNMc29XQJkP2SKvSqiQ/EHdmBj6jRo33NHk4X","baseKeyType":2,"closed":-1,"used":1762668320068,"created":1762668320068,"remoteIdentityKey":"BTfad5Cm/tviAHzahvsHP5InD32Mo268/KBg+WwsOuJ/"},"_chains":{"BTzfRXAjyjwp96+2loUdyXswOOfhbCq8kBNq37S8Tqpk":{"chainKey":{"counter":1,"key":"+Pt6lJXl61RaTVHwC3NpynFWWH2BfaHnT1PfertCR44="},"chainType":2,"messageKeys":{}},"BV1efMv66v3PJVN7D/tKTjji/RUAO5jjxcxPT92KuXc/":{"chainKey":{"counter":-1,"key":"GWavCjsMfecD0AwMw1IwoZgACnA8zz+QCzy551GTg+U="},"chainType":1,"messageKeys":{}}}}},"version":"v1"}