{"_sessions":{"BXKzZym5vZzx84ROvAexGXN2HAdFP7C7N8sGu8S030sR":{"registrationId":1881418672,"currentRatchet":{"ephemeralKeyPair":{"pubKey":"BSeHssdSqARs46Cey2PA3SL86X9zrXcVjnKRj5AJVSR7","privKey":"iMnA5JaPUPftlzN/2Ki2PGgad7hPa0hddWikctA0OGs="},"lastRemoteEphemeralKey":"BVAQIHnGNuUrJfJnVQ48UzyJbW+ZQZLpa5cEo34kfmBg","previousCounter":7,"rootKey":"lErlN59a+i36gCh0ThEXnETWit5ckWxH2eqDjA27sG4="},"indexInfo":{"baseKey":"BXKzZym5vZzx84ROvAexGXN2HAdFP7C7N8sGu8S030sR","baseKeyType":1,"closed":-1,"used":1762774109547,"created":1762657598573,"remoteIdentityKey":"BWejv3fNz0l8NliP43Kfq28vbMLvNAa4rRWRtzkPt2ds"},"_chains":{"BXa3djtQEicX/jDIKIn1Kdo7XNEwLCqsFjWyFf2mcxUu":{"chainKey":{"counter":0},"chainType":2,"messageKeys":{}},"BanuT5eBG8GzSd38VMpPmhKDKZVncReGyCJfMko5B4ZY":{"chainKey":{"counter":1},"chainType":2,"messageKeys":{"0":"eqZcCh+k5fHtzoPnMpoasaJ6RwTeDE23rQ0o74rvpo0="}},"BVAQIHnGNuUrJfJnVQ48UzyJbW+ZQZLpa5cEo34kfmBg":{"chainKey":{"counter":0,"key":"b71K9YbgW6IBoXkv5GZuNnq3qCnnLHbPgCCM4OEssXc="},"chainType":2,"messageKeys":{}},"BSeHssdSqARs46Cey2PA3SL86X9zrXcVjnKRj5AJVSR7":{"chainKey":{"counter":15,"key":"ARdCEncw0/NDulacg44pbecg6hPpoatIRmIZeb2kTcU="},"chainType":1,"messageKeys":{}}}}},"version":"v1"}