{"_sessions":{"BbTw7Mw1kcUQctAOWcVoalldQ5FycAfFaUY2S9UY5Xom":{"registrationId":1510747061,"currentRatchet":{"ephemeralKeyPair":{"pubKey":"Bfj94ZBqcwF0XRlJCk+ZMCiwJz5QwB6r+0IoUPm14ZQd","privKey":"qHd8QXBRFOsDoxRHn7IZrfG4MlB88/E/uGEaViQx/FY="},"lastRemoteEphemeralKey":"BWGUbeMNNx5QqXUCYtB2ctbOYX7doKsm4OMkFjeg90AF","previousCounter":1,"rootKey":"+0tnSAnvpPO8gyH27PueiB9pNDrMopR9YYpo7lpdc18="},"indexInfo":{"baseKey":"BbTw7Mw1kcUQctAOWcVoalldQ5FycAfFaUY2S9UY5Xom","baseKeyType":1,"closed":-1,"used":1762832169817,"created":1762605268675,"remoteIdentityKey":"BTM30XNkb7ZMmV9HYXh/BarWRnft7WKq77EGKcBWzrpd"},"_chains":{"BZa7L2Egx6o6rmAGo2UdXg03oc3wl6Aq4JY4Vp/8PB57":{"chainKey":{"counter":11},"chainType":2,"messageKeys":{"0":"0BVaB2o1L2WO8ffbgTIP1hdQVQe6Sxa15073B/NTjsk=","1":"UAK1h2S4CF8mn2bNAi5BA0d++0UnAKcIiTPX2hwav+Y=","2":"NFm7/ltuLNNrfqLO6aA7u2/01ceQmy5XgcDPOGWhqrE=","3":"HLdD/3JUmyErpCbHe0jcQux/RVHxX0KAiH4j6Jp5wX4=","4":"0PvuNKlVEFHydfrQXWj0g3NViMkzdRvwO/mFrkAmyrc=","5":"N0PGTD1gzb0+JF5+52uikvz4PLOzHZ8a5Y5IseoVelc=","6":"UtiSDMLb+Z/TE+qky8p6z8ViDGgbfcPVrSGemA0A5EM=","7":"5S1T8TzrzM1en/r2k6OjURgcjE89+7hKx5R7i9Lzxuc=","9":"UZTDdel4s8YayLlV8Cu+YPBWcSM3UOJVo4Tu1iPF4ac=","10":"Owam0aPN8QrtgmUiXGrVKh/5WdyIKbIUxekugTecunU=","11":"/IBZDHQrjMYidgDuajKFGrvb84raR6S2nP47VGDzIx4="}},"BWGUbeMNNx5QqXUCYtB2ctbOYX7doKsm4OMkFjeg90AF":{"chainKey":{"counter":0,"key":"ev0rF1VbnS9nzf7jpS/Qp/ulWInzykEr1jrKMOzVMAw="},"chainType":2,"messageKeys":{}},"Bfj94ZBqcwF0XRlJCk+ZMCiwJz5QwB6r+0IoUPm14ZQd":{"chainKey":{"counter":10,"key":"baT6iGYF88E09bXnYSjS8yiirluIGgo/DSXNvX8546Q="},"chainType":1,"messageKeys":{}}}}},"version":"v1"}