{"_sessions":{"BTUt8wxXf47kOGRk2HCkA4S2Sd2nBi+y7+Q6P2CMd1My":{"registrationId":1286863910,"currentRatchet":{"ephemeralKeyPair":{"pubKey":"BSOcUVuC8BVbDvtqnimXg4FxxxS+qW4T1HykBDDs+bxK","privKey":"QA8lzmi7gtgaMqSXKw6/2ie95jTlq+kz939hizmcgno="},"lastRemoteEphemeralKey":"BWR5EsV+s1CuDWr+YlcCe7OXaPhSKoEhDq9b8nPJ62Na","previousCounter":0,"rootKey":"YxgRDKKR/62UetF3KSaeh7tXa3FdCCyXJHto7zBW6/c="},"indexInfo":{"baseKey":"BTUt8wxXf47kOGRk2HCkA4S2Sd2nBi+y7+Q6P2CMd1My","baseKeyType":1,"closed":-1,"used":1762612576973,"created":1762612576973,"remoteIdentityKey":"BVZH6qMPE5x3ZHdCneOQAIyXbyyB6SEyQIaaxeT9ZABs"},"_chains":{"BSOcUVuC8BVbDvtqnimXg4FxxxS+qW4T1HykBDDs+bxK":{"chainKey":{"counter":0,"key":"Er1FzfEpxXdgqVcXm2+qRQxudQcjN/S26P6tjyE+udE="},"chainType":1,"messageKeys":{}}},"pendingPreKey":{"signedKeyId":19,"baseKey":"BTUt8wxXf47kOGRk2HCkA4S2Sd2nBi+y7+Q6P2CMd1My","preKeyId":8761924}}},"version":"v1"}