{"_sessions":{"BUq8t7ZjQDgu3S5Af4CGvmHDcQR5FSUbDxmz5isbOE4t":{"registrationId":1861570096,"currentRatchet":{"ephemeralKeyPair":{"pubKey":"BTcxR7NlmmJS1+2h5jXz3XN8xfU9tm3ouFAcYKUtrU8N","privKey":"gOUqsOqPDADXLXM9yHoKAIQpJuBf2aGUGvmkiC2sU1A="},"lastRemoteEphemeralKey":"Bd3N/dGJztKFDdt5m90ApimfD99aLYYG0ZMSwndmKUAS","previousCounter":8,"rootKey":"VcDuyKiCl3bYmyhRFyp6auTkxYROR4p7pu6WW5vDxNQ="},"indexInfo":{"baseKey":"BUq8t7ZjQDgu3S5Af4CGvmHDcQR5FSUbDxmz5isbOE4t","baseKeyType":1,"closed":-1,"used":1762831900158,"created":1762657597386,"remoteIdentityKey":"BdP+qY+vNbAs+W0b8UpLvILkh2/Jm5kGNsMtzB//0g1B"},"_chains":{"Bd3N/dGJztKFDdt5m90ApimfD99aLYYG0ZMSwndmKUAS":{"chainKey":{"counter":0,"key":"ceUxoaNw8WRZ1PqPACRo0u2xvHAYkTGkG1IqaxT8lSU="},"chainType":2,"messageKeys":{}},"BTcxR7NlmmJS1+2h5jXz3XN8xfU9tm3ouFAcYKUtrU8N":{"chainKey":{"counter":10,"key":"O0UN++qGbQbttN9m47ma2mfuG/khfucJRI2ZD/P/LBI="},"chainType":1,"messageKeys":{}}}}},"version":"v1"}