{"_sessions":{"BRMr7BZ3aVz5tarcLOQEBNKS06IovE+60ImK4weR97Ay":{"registrationId":609398162,"currentRatchet":{"ephemeralKeyPair":{"pubKey":"BSZTN8i9oed7RaGNQVQFuq2iTL+mMgF/PpQW/UQ4dnQU","privKey":"QFv6V3Hww0Tn9YVNrUjjtMeXCnCwIQhR041MXKywtEg="},"lastRemoteEphemeralKey":"BWElyItaytkt0merWIf6fBUkcZStXgXnST60Gj0kwn1j","previousCounter":0,"rootKey":"ikhPWPZMOggdz/9sgebp5c3SZqOkVEusqc/4mDdrcoM="},"indexInfo":{"baseKey":"BRMr7BZ3aVz5tarcLOQEBNKS06IovE+60ImK4weR97Ay","baseKeyType":1,"closed":1762606892390,"used":1762604347588,"created":1762604347588,"remoteIdentityKey":"Bc6MXJoyJCALTlW+o6xO2t/6r/zJeYI4YGLcJn5NETd4"},"_chains":{"BSZTN8i9oed7RaGNQVQFuq2iTL+mMgF/PpQW/UQ4dnQU":{"chainKey":{"counter":20,"key":"6k/RI+9Ab3fIwYOO0ZZ+79KEtd41wBchMyXbDFQ7MJ4="},"chainType":1,"messageKeys":{}}},"pendingPreKey":{"signedKeyId":11,"baseKey":"BRMr7BZ3aVz5tarcLOQEBNKS06IovE+60ImK4weR97Ay","preKeyId":11900086}},"BfyRVThj4756vNmjjMlt68YbZVyf8iaZ901azeYCozZy":{"registrationId":609398162,"currentRatchet":{"ephemeralKeyPair":{"pubKey":"BaM5WBEf+tFhw2MG7ef2wCNEuKp7CvnOXBXZAzByU1lw","privKey":"YKjx0ZanJQQti2Ak7ZvCVRHx7Ed3LokydoohvqHDW2E="},"lastRemoteEphemeralKey":"BR9PfibVASWQ/+dhdoN8XGhD8SPZbx6fI0x2NFFLtE1x","previousCounter":0,"rootKey":"e3tQUwsVlj1ZB/ctGPi+epngpkou3CsrvhyHdbJfmno="},"indexInfo":{"baseKey":"BfyRVThj4756vNmjjMlt68YbZVyf8iaZ901azeYCozZy","baseKeyType":2,"closed":1762655341367,"used":1762606892396,"created":1762606892396,"remoteIdentityKey":"Bc6MXJoyJCALTlW+o6xO2t/6r/zJeYI4YGLcJn5NETd4"},"_chains":{"BR9PfibVASWQ/+dhdoN8XGhD8SPZbx6fI0x2NFFLtE1x":{"chainKey":{"counter":0,"key":"45CV0xqE2IEZgftf94Fu46l/59bA6Uwxb8hkFTZQqxg="},"chainType":2,"messageKeys":{}},"BaM5WBEf+tFhw2MG7ef2wCNEuKp7CvnOXBXZAzByU1lw":{"chainKey":{"counter":26,"key":"u3mlZ9BCB1A4kEHn8DzE2FSSkWcTYuIvndWXZ8DQvm0="},"chainType":1,"messageKeys":{}}}},"BWocagW62LMOQrikWBx/tSJ6iIN7LhFfYaBPvIvK8M9r":{"registrationId":609398162,"currentRatchet":{"ephemeralKeyPair":{"pubKey":"BTMuO11m2AwTGw+8tvQvykSnIxQpda8ootYhlpys1rc3","privKey":"0IAmATQ8m0PLvxiykE0t1qB/LIHaBo5Pq7FwYjTADnA="},"lastRemoteEphemeralKey":"BWogRYr0kBA+lFV5qxcpyijvs3YQe+G393FM/UHb3Zp1","previousCounter":0,"rootKey":"YiyMIjam/BHt8agxZVxSR2g2Hdq4+hE9Bus+hWZGdCs="},"indexInfo":{"baseKey":"BWocagW62LMOQrikWBx/tSJ6iIN7LhFfYaBPvIvK8M9r","baseKeyType":2,"closed":1762833415688,"used":1762655341372,"created":1762655341372,"remoteIdentityKey":"Bc6MXJoyJCALTlW+o6xO2t/6r/zJeYI4YGLcJn5NETd4"},"_chains":{"BWogRYr0kBA+lFV5qxcpyijvs3YQe+G393FM/UHb3Zp1":{"chainKey":{"counter":0,"key":"wQ8yWsQ20VVYG8kFgRRH4R27DsJD0LMawNwao0hpZO8="},"chainType":2,"messageKeys":{}},"BTMuO11m2AwTGw+8tvQvykSnIxQpda8ootYhlpys1rc3":{"chainKey":{"counter":701,"key":"zUBa9K1Kmib/lRuuyhfdLusXz1GX/y8ZUcDYoj7Q3y8="},"chainType":1,"messageKeys":{}}}},"BRiOHUtw8yI4lzOVY/LS9z/oBVVnxFDu1FKdORv8fwFS":{"registrationId":609398162,"currentRatchet":{"ephemeralKeyPair":{"pubKey":"BcTJ5h0KqhuvYY9XJ8WwFsef/9J2Tj7ppA7wm1lPQLQa","privKey":"6Fvv54Xfx/46HnbRttfJXRFELj/FqxCQwZATvD1LAEU="},"lastRemoteEphemeralKey":"BddmK3Y1d9oG+vMpT69yCxvgGmGtTK16Y8tcpSlmAoMZ","previousCounter":0,"rootKey":"1T0+oBmwyb2knGOz3JRDTHGnqVXAQNl5172RlVw7sFg="},"indexInfo":{"baseKey":"BRiOHUtw8yI4lzOVY/LS9z/oBVVnxFDu1FKdORv8fwFS","baseKeyType":2,"closed":-1,"used":1762833415694,"created":1762833415694,"remoteIdentityKey":"Bc6MXJoyJCALTlW+o6xO2t/6r/zJeYI4YGLcJn5NETd4"},"_chains":{"BddmK3Y1d9oG+vMpT69yCxvgGmGtTK16Y8tcpSlmAoMZ":{"chainKey":{"counter":0,"key":"UCXnAhlrFbdEfZYvli+0MaTw+uQ4A41+QrGBzfLWXCI="},"chainType":2,"messageKeys":{}},"BcTJ5h0KqhuvYY9XJ8WwFsef/9J2Tj7ppA7wm1lPQLQa":{"chainKey":{"counter":142,"key":"8qvkaeOco7jRN0LGYRrLcF9y5L9DxcJL4HEMhRgOMaQ="},"chainType":1,"messageKeys":{}}}}},"version":"v1"}