{"_sessions":{"BdC+/s8KQpRR38iIbD4XiP8bD2u7afsuV79PeMhB0Uk+":{"registrationId":1712097074,"currentRatchet":{"ephemeralKeyPair":{"pubKey":"BbgQrM7nQLmVAh80GToUN1mqe75vuxNchPo5/QP14QpS","privKey":"wINrciyGF/k0IWZz0nrNri3WLBlQXvJE1P+hZ2V70E8="},"lastRemoteEphemeralKey":"BQhPEds19c/6hCnIMROjhnKiTqTbRIgKn91kXbX15l5A","previousCounter":0,"rootKey":"b2N9Iv7DtyxaIuikcZkJzkTirxNdKULv2CtnNSlmzYg="},"indexInfo":{"baseKey":"BdC+/s8KQpRR38iIbD4XiP8bD2u7afsuV79PeMhB0Uk+","baseKeyType":1,"closed":-1,"used":1762657598884,"created":1762657598884,"remoteIdentityKey":"BQnc/F43sgwzpvn6SSio84HhrqHP/cz/K4uH/pTYXbk3"},"_chains":{"BbgQrM7nQLmVAh80GToUN1mqe75vuxNchPo5/QP14QpS":{"chainKey":{"counter":19,"key":"J8ELoWPX7U5iw0JgOHt65ruXrQZsOCyNlAn6xSBQwpw="},"chainType":1,"messageKeys":{}}},"pendingPreKey":{"signedKeyId":1,"baseKey":"BdC+/s8KQpRR38iIbD4XiP8bD2u7afsuV79PeMhB0Uk+"}}},"version":"v1"}