{"_sessions":{"BeDrzExAMrR4qE4cRSdHiKIXJl1ecZIBzc3RMd8qLRER":{"registrationId":110603307,"currentRatchet":{"ephemeralKeyPair":{"pubKey":"BaKTIofQM9FSosQmWIS8Y541odDZFdFF9WH7K5O5Q60s","privKey":"6Dzir1BeRjTXr+PKC5aFNCPS6p0WcL8D22D319d/XUE="},"lastRemoteEphemeralKey":"BXQX28GnZE4lox3rjJeWSquTUY/jgtxygRxi/gX61/U8","previousCounter":0,"rootKey":"3JgRnnzxCdO+xRSlJBK0a1JMYsklZx627cFcIzRdXlw="},"indexInfo":{"baseKey":"BeDrzExAMrR4qE4cRSdHiKIXJl1ecZIBzc3RMd8qLRER","baseKeyType":2,"closed":-1,"used":1762772961178,"created":1762772961178,"remoteIdentityKey":"BSiZEm3DQuslny1lUfu8lS3kV6RKIk5FQ0UFPi6GBRIa"},"_chains":{"BXQX28GnZE4lox3rjJeWSquTUY/jgtxygRxi/gX61/U8":{"chainKey":{"counter":1,"key":"Qi8iDoY6xRAAiWX98hdmI4m5i2GqO5Vy8J1Baq4QSSM="},"chainType":2,"messageKeys":{}},"BaKTIofQM9FSosQmWIS8Y541odDZFdFF9WH7K5O5Q60s":{"chainKey":{"counter":-1,"key":"G0+JYezXMM6PkQS20GfHo8cTLwjdaB+ef31D49fE7qk="},"chainType":1,"messageKeys":{}}}}},"version":"v1"}