{"_sessions":{"BbZIAp+NO1qJGjjjkp4rAusu7NF41GiXmXjCP9Db1Jle":{"registrationId":2118910283,"currentRatchet":{"ephemeralKeyPair":{"pubKey":"Bf8lD1GTp7I4cvhWFyITI2JQy4s3Gfb0oU92n106Q+de","privKey":"4DmFCGLwoCI6EGnqaefpkxTOP1MTtot35K5AxtDi3ng="},"lastRemoteEphemeralKey":"BbYaJ/OMXIHNC/FSUUH5rFP0rk5JryEMLuRQl0qVBr12","previousCounter":0,"rootKey":"iUzSHuIWFjxtZ6tqzfec3pn0c1u1WLwVo5H/NJhL27k="},"indexInfo":{"baseKey":"BbZIAp+NO1qJGjjjkp4rAusu7NF41GiXmXjCP9Db1Jle","baseKeyType":2,"closed":-1,"used":1762611412027,"created":1762611412027,"remoteIdentityKey":"BaftwJ3ZnmY7IuvUbe3oXGJwRSRY4VWyi3QxUa7vWDBq"},"_chains":{"BbYaJ/OMXIHNC/FSUUH5rFP0rk5JryEMLuRQl0qVBr12":{"chainKey":{"counter":0,"key":"9qS+qpsR9X00nc/PB1oO9IGshhcqzCtoj3X/XhdDWZs="},"chainType":2,"messageKeys":{}},"Bf8lD1GTp7I4cvhWFyITI2JQy4s3Gfb0oU92n106Q+de":{"chainKey":{"counter":0,"key":"4l6ZIDZfanE7dbL6TOYHHKzGsKbhk6Ls5NocLZp4XIs="},"chainType":1,"messageKeys":{}}}}},"version":"v1"}