{"_sessions":{"BVuliL5KxLPDN5o13Q5/3oys7+um+fc5t7tEx1trpFhG":{"registrationId":1671366799,"currentRatchet":{"ephemeralKeyPair":{"pubKey":"BeNhh1txT9M4ajqZJucsXiBzHmVAZSY9NH2kFYg+wMFD","privKey":"4HLyNp1AEpvUnlKCpqS5m6igrFFu82Yy8v3L0DHNhko="},"lastRemoteEphemeralKey":"BVHgfdyeTX8N0yqhIMmgIDokZb4M2+Wuw9PMDDflUvt6","previousCounter":0,"rootKey":"IB6tfFiZHycGGNKeQI5yYZyXYuN7/R7wVCXo1PXyaww="},"indexInfo":{"baseKey":"BVuliL5KxLPDN5o13Q5/3oys7+um+fc5t7tEx1trpFhG","baseKeyType":1,"closed":-1,"used":1762657598985,"created":1762657598985,"remoteIdentityKey":"BZP6tT5TOWENp/LYhM5vrPFjvSJWvSZVCCK9sjniRr1S"},"_chains":{"BeNhh1txT9M4ajqZJucsXiBzHmVAZSY9NH2kFYg+wMFD":{"chainKey":{"counter":19,"key":"4b7UT7ThL6IQ2PIH4haIlyVUna4x4exiCH8rjVsmov8="},"chainType":1,"messageKeys":{}}},"pendingPreKey":{"signedKeyId":4,"baseKey":"BVuliL5KxLPDN5o13Q5/3oys7+um+fc5t7tEx1trpFhG","preKeyId":1114337}}},"version":"v1"}