{"_sessions":{"BY54UqFdpwk0/zByDc0CSMc8PZfzk8k0Bkp7f/s7eech":{"registrationId":1553371911,"currentRatchet":{"ephemeralKeyPair":{"pubKey":"BVxsUnKG2NXwM9K9xcvf3uyYsBo+ThbaOPDU4uKxi2k8","privKey":"SGHwILeTiTrCsVMYwyb1Kd+d02lg5D/EJvy0Q0stkEM="},"lastRemoteEphemeralKey":"BX3heInEquPjwvFkErATJfDE0EXHu6eWPWjU98makN4+","previousCounter":0,"rootKey":"inwSNBODljtNb4QgPWApLjWra+AxCpT4YXAqteUD4Q8="},"indexInfo":{"baseKey":"BY54UqFdpwk0/zByDc0CSMc8PZfzk8k0Bkp7f/s7eech","baseKeyType":2,"closed":-1,"used":1762665251473,"created":1762665251473,"remoteIdentityKey":"BY9Z47KT2bc0w4UYWBdPu26k459CcBSFRB8wuaJr/a89"},"_chains":{"BX3heInEquPjwvFkErATJfDE0EXHu6eWPWjU98makN4+":{"chainKey":{"counter":3,"key":"Z5wD7n8JzoqfVNLrkYKIOTtQepF9qBEu/wKlsMogU8E="},"chainType":2,"messageKeys":{}},"BVxsUnKG2NXwM9K9xcvf3uyYsBo+ThbaOPDU4uKxi2k8":{"chainKey":{"counter":-1,"key":"nUPjVsWdSe+dtLHocw6gNMyS6dkES5jfNxj2/7DSXKc="},"chainType":1,"messageKeys":{}}}}},"version":"v1"}