{"_sessions":{"Bb+lQwN1h5Z+ntQ8k3eqNvBxdE/XIG1/hewDlJBerUk0":{"registrationId":10828,"currentRatchet":{"ephemeralKeyPair":{"pubKey":"Bf6eJrI+xel4tEo45F3A5aB1RBK3Ik0RWBmbqS6JfzlC","privKey":"yHzZAJar/OT/GUE2jPmJcaoR6b/39mQqCp6MuY9OVFA="},"lastRemoteEphemeralKey":"BWGoXB4KH34SOqOo5De+tBLh7qGuzxWjl1jOlNJM+zcU","previousCounter":0,"rootKey":"lbUW4QPCMEiJbPUwibr6QQzMfuqUENId8KdQ1wj3zAs="},"indexInfo":{"baseKey":"Bb+lQwN1h5Z+ntQ8k3eqNvBxdE/XIG1/hewDlJBerUk0","baseKeyType":2,"closed":-1,"used":1762834535639,"created":1762834535639,"remoteIdentityKey":"BXC6l0sFLoPIlyV/+yakde2vAISrN6MYOVO61XvdnAUV"},"_chains":{"BWGoXB4KH34SOqOo5De+tBLh7qGuzxWjl1jOlNJM+zcU":{"chainKey":{"counter":0,"key":"8PP+qZnMFir7sHYxXSHftRvfbI2aEEXn5bie/RMbOk8="},"chainType":2,"messageKeys":{}},"Bf6eJrI+xel4tEo45F3A5aB1RBK3Ik0RWBmbqS6JfzlC":{"chainKey":{"counter":-1,"key":"OgYxKUdBXuaMmWjXSS8tUiwSJvCUB2Kg6rpSZpcgF38="},"chainType":1,"messageKeys":{}}}}},"version":"v1"}