{"_sessions":{"BX8s6QATYXyF+KLv46FNNppfBRgDNeh5k36GD1/dK3Vt":{"registrationId":1605307324,"currentRatchet":{"ephemeralKeyPair":{"pubKey":"BRvKVyx1c+HbBnkOgq+r8xQ8BQl1V+WQPrjGmddSpUN1","privKey":"gKeqgGysU2Qw0zgEj3pYpp0v5yiylvxPN0/GQfSJAHk="},"lastRemoteEphemeralKey":"BRrnLMoEXIJciWAReG9lOtjP2DHVDL1FtPQeJDcpp7ML","previousCounter":0,"rootKey":"E6QLeWmV7Yo9SmiP2Ftdl30CjmbtV7qnijc6hzecE8w="},"indexInfo":{"baseKey":"BX8s6QATYXyF+KLv46FNNppfBRgDNeh5k36GD1/dK3Vt","baseKeyType":1,"closed":-1,"used":1762647873285,"created":1762647873285,"remoteIdentityKey":"BZRQ/TaDH3WjrPllqMaiSNEywxLO9GqAukrtsFRQFtE+"},"_chains":{"BRvKVyx1c+HbBnkOgq+r8xQ8BQl1V+WQPrjGmddSpUN1":{"chainKey":{"counter":0,"key":"BYw2IFs7eqE8fTD+IGryxE/61s8Z690pOrHNXrKv/cU="},"chainType":1,"messageKeys":{}}},"pendingPreKey":{"signedKeyId":3545499,"baseKey":"BX8s6QATYXyF+KLv46FNNppfBRgDNeh5k36GD1/dK3Vt","preKeyId":14572290}}},"version":"v1"}