{"_sessions":{"BXvSJh64bQfgRfsehfVxfUyB28Jw4gnHm2n7n7+7wjZ0":{"registrationId":112784337,"currentRatchet":{"ephemeralKeyPair":{"pubKey":"BSJsoeyKKg9OgoazPd+OfTxspjuBmqWeGACMRs1+j6gl","privKey":"yIW1GiAfJuBmUu2NNRdLbu8zOnkGlabXOoGDUpYepW0="},"lastRemoteEphemeralKey":"BarYwK3GYYfTX/mLLO6nnaBcyKknc+idk+jwoELAdnhH","previousCounter":1,"rootKey":"9JSBn8gVbk4yaT6sM4fxsYy18fGlqaRX+cblQbyJ1Y4="},"indexInfo":{"baseKey":"BXvSJh64bQfgRfsehfVxfUyB28Jw4gnHm2n7n7+7wjZ0","baseKeyType":2,"closed":-1,"used":1762852905825,"created":1762681107987,"remoteIdentityKey":"BaZA7PGb2pdTGYRl20fAQMZ4UdESWBWcOLX1lyzQM88v"},"_chains":{"Bfyw8yCN5fSWGgwKMn5+ZsrpnT/egT9yCq3wFVufkLZ6":{"chainKey":{"counter":2},"chainType":2,"messageKeys":{}},"BeYZygq03JF4t70RCSXmZbIwFkqVhB77qkMhas5gPi1h":{"chainKey":{"counter":1},"chainType":2,"messageKeys":{}},"Bdl854Bl2XzycnFrhU7Z+yBtCOCN12ZCJZJo81jne8VN":{"chainKey":{"counter":2},"chainType":2,"messageKeys":{}},"BaXMLzkwzaIjZesp4KMBuoPjgUCB/bt3oJtPyX9L1ico":{"chainKey":{"counter":1},"chainType":2,"messageKeys":{}},"BX4yNeauJ9qop2QX7m5wK3FEOHNrRpkS8wk4eiuwBVcG":{"chainKey":{"counter":0},"chainType":2,"messageKeys":{}},"BWoPAjHZvsBdQa5vJ3YceZAvngAswHAqE9X1ZSR7Mw8v":{"chainKey":{"counter":0},"chainType":2,"messageKeys":{}},"BQ2JONIy40XHABBCl5nD/xTJmOpI1OrtTrCKwu3m2LYJ":{"chainKey":{"counter":1},"chainType":2,"messageKeys":{}},"Be/V7Tm4XbV02pDq/BWiheA3F1/ZU+JKueSA0edwt4cV":{"chainKey":{"counter":1},"chainType":2,"messageKeys":{}},"BarYwK3GYYfTX/mLLO6nnaBcyKknc+idk+jwoELAdnhH":{"chainKey":{"counter":0,"key":"DV6dlMcKHv2R29wwGVPJWxonMZ2kOly0UUxgD3QZ3R8="},"chainType":2,"messageKeys":{}},"BSJsoeyKKg9OgoazPd+OfTxspjuBmqWeGACMRs1+j6gl":{"chainKey":{"counter":5,"key":"J8JHyCcjEmgA1c7XveItWmIp0p8wAjvX9UOjJ2pFUto="},"chainType":1,"messageKeys":{}}}}},"version":"v1"}