{"_sessions":{"BVH4iTSVtxjGqhHcxR0CYL47WBSe/XsODil3ps0xmqlN":{"registrationId":1056715318,"currentRatchet":{"ephemeralKeyPair":{"pubKey":"BVWJFWeZ09GiM7YFCOp15XnbEtWL6eGVYMWSgqVZjAJy","privKey":"cB3CZNG9qhHdjvjQ266WlKTU7liIuIako09B82haT2Q="},"lastRemoteEphemeralKey":"BaWq6YE/DKHOvb2Aj58Nr2IW7BM91kM+95/rhFyU2QQV","previousCounter":0,"rootKey":"//yrfP9cnTbExeLZdTP2UUbvyTzBg3lIBf+5EjkKazs="},"indexInfo":{"baseKey":"BVH4iTSVtxjGqhHcxR0CYL47WBSe/XsODil3ps0xmqlN","baseKeyType":1,"closed":-1,"used":1762678236417,"created":1762657597587,"remoteIdentityKey":"Baec094HMXlOc7zFS9oV7JpQCrkS3sKHYNEsAY0hvyo1"},"_chains":{"BaWq6YE/DKHOvb2Aj58Nr2IW7BM91kM+95/rhFyU2QQV":{"chainKey":{"counter":1,"key":"xVU79Q06keqApmQmPcSrrcmvQAh2atSzGqu7MvmQpD0="},"chainType":2,"messageKeys":{"0":"PHixjTLztTomMvCkzj0u7VyM00jUCMOvqOmDs2FyrJA="}},"BVWJFWeZ09GiM7YFCOp15XnbEtWL6eGVYMWSgqVZjAJy":{"chainKey":{"counter":18,"key":"UWDHLbhQCqCMArBajWcrPLbUdjErfG7xgaZDAlq5L/M="},"chainType":1,"messageKeys":{}}}}},"version":"v1"}