{"_sessions":{"BWOkwyKBpJS96VJOD2Xa/pa+Tq2DWL5c2fU5E5OvFr4C":{"registrationId":1341804809,"currentRatchet":{"ephemeralKeyPair":{"pubKey":"BZJo/RLo3ORAAO3P9nZZIKEDXh8lqPA3XqZV1TVJRXgB","privKey":"KFJpOWKwuMflH6WpD9S7XIgC/QqcINSBKoDEIQQMX3I="},"lastRemoteEphemeralKey":"BR1uFrC0EHFZS7t5tIWM+yxSBVgqvKE74vmu+g5e5G1B","previousCounter":0,"rootKey":"vG6i/TRS7pGRgO8msUAKfKW6C3JNc6q6tLfLywltUUs="},"indexInfo":{"baseKey":"BWOkwyKBpJS96VJOD2Xa/pa+Tq2DWL5c2fU5E5OvFr4C","baseKeyType":2,"closed":-1,"used":1762756225603,"created":1762756225603,"remoteIdentityKey":"BWb2eb3jNZsC5f4SF7+63i3ivRb0w/P1WwhB1BrxMUQp"},"_chains":{"BR1uFrC0EHFZS7t5tIWM+yxSBVgqvKE74vmu+g5e5G1B":{"chainKey":{"counter":1,"key":"I/XpX3tJP7bGxjcadyolTMSxvntrwqk5ykhpN3n+5zE="},"chainType":2,"messageKeys":{}},"BZJo/RLo3ORAAO3P9nZZIKEDXh8lqPA3XqZV1TVJRXgB":{"chainKey":{"counter":-1,"key":"xCpetFZL2h7/uwiET4rk+p7eo9MHN4j7hXgT9j3vMo8="},"chainType":1,"messageKeys":{}}}}},"version":"v1"}