{"_sessions":{"BWeh+VcsD6MHrzCAmw0R32jYRAlXRPFmjgLwPTtQ1Edi":{"registrationId":508084504,"currentRatchet":{"ephemeralKeyPair":{"pubKey":"BWZuFea5JiH4gGtBUFJeKfQOaANBRrSeeNgF/lH2sHYJ","privKey":"0BU/AlcUbBnlrU/Fl93kT3F0IWksA/fK/9IuFoJEUEw="},"lastRemoteEphemeralKey":"Bcm/Vbd9CU4b7i06TQNPjpKm6qF7wb+LiaPyfqa2UjlR","previousCounter":0,"rootKey":"mLRInHPWugYTom7N+8K5DM2hzcZ2qLM0KjcmKLfBGlQ="},"indexInfo":{"baseKey":"BWeh+VcsD6MHrzCAmw0R32jYRAlXRPFmjgLwPTtQ1Edi","baseKeyType":2,"closed":-1,"used":1762859758936,"created":1762859758936,"remoteIdentityKey":"Bc9z/NTaYIgUNxO/6+w3ZcvatLJQC9cZTVksF8f8IbQf"},"_chains":{"Bcm/Vbd9CU4b7i06TQNPjpKm6qF7wb+LiaPyfqa2UjlR":{"chainKey":{"counter":0,"key":"WTlVjN9s+p3eBRIeGMjXYd5PIaT9ygLa3a7lJNtQ3rE="},"chainType":2,"messageKeys":{}},"BWZuFea5JiH4gGtBUFJeKfQOaANBRrSeeNgF/lH2sHYJ":{"chainKey":{"counter":-1,"key":"qOoPuelRtG7DHC2zWMkO4POpG0U6GalSP5dWF2ZP7kQ="},"chainType":1,"messageKeys":{}}}}},"version":"v1"}