{"_sessions":{"BdUdYna8qY+BmrCsG0EnKq5CXxbrCqF5lFaAjhgGr8wA":{"registrationId":991766695,"currentRatchet":{"ephemeralKeyPair":{"pubKey":"Bery3DyPBdDyO/sWvUZ7ObTD3YzCINggNdHhDk6FO0Ru","privKey":"SLrJlHs8jV0w01+Qs2vH7IQj9MLZoR3B+i+tWNBf/HA="},"lastRemoteEphemeralKey":"BTtHMHg5W+i5LWcf6jox0pWCP47vHqHsX8NpybxCpyd0","previousCounter":0,"rootKey":"oxf3PkOLpbICqV8cFupFe+AhHPCDC/aZkQNdUmGe2i8="},"indexInfo":{"baseKey":"BdUdYna8qY+BmrCsG0EnKq5CXxbrCqF5lFaAjhgGr8wA","baseKeyType":1,"closed":-1,"used":1762657598586,"created":1762657598586,"remoteIdentityKey":"BQuBmLv7xD+CY8rbtWhlJqwv3G3tNdTBbRFbbun/jNUM"},"_chains":{"Bery3DyPBdDyO/sWvUZ7ObTD3YzCINggNdHhDk6FO0Ru":{"chainKey":{"counter":19,"key":"QmDkvVjqZPH5vK9m4DeK4JOhHH5odk+P6GEfaMU4YNg="},"chainType":1,"messageKeys":{}}},"pendingPreKey":{"signedKeyId":4,"baseKey":"BdUdYna8qY+BmrCsG0EnKq5CXxbrCqF5lFaAjhgGr8wA","preKeyId":1239386}}},"version":"v1"}