{"_sessions":{"BYxmWWohJVav7Lw9Wn14sksChgWGayWcsR7X6+6v5q4n":{"registrationId":776167544,"currentRatchet":{"ephemeralKeyPair":{"pubKey":"BTxuWWM+3ni+ZgjOdLWGIYnXrctewmg4zW/r/smXrQV8","privKey":"AFwZk8CDjo3+dFBLiItn9GYkkbOJ+alvDsaVrsGmoVg="},"lastRemoteEphemeralKey":"BUlJXR4hBSs8P6UkubCq2+vSLNKtllV7TqDswJE/WjAG","previousCounter":0,"rootKey":"VCOuNcdE+p2nmmdt7kIDU9WoV1Op/GNmcw0iIrg1tFY="},"indexInfo":{"baseKey":"BYxmWWohJVav7Lw9Wn14sksChgWGayWcsR7X6+6v5q4n","baseKeyType":1,"closed":-1,"used":1762657597379,"created":1762657597379,"remoteIdentityKey":"BemU2+E1Q2/cSC6O/XMHUHPmfTe6OdRrFAT/DeokgE8q"},"_chains":{"BTxuWWM+3ni+ZgjOdLWGIYnXrctewmg4zW/r/smXrQV8":{"chainKey":{"counter":19,"key":"7Acp2uO4WK+rCioKBncKuHDam4qY070DuMFFvy/AVJE="},"chainType":1,"messageKeys":{}}},"pendingPreKey":{"signedKeyId":9,"baseKey":"BYxmWWohJVav7Lw9Wn14sksChgWGayWcsR7X6+6v5q4n","preKeyId":12486306}}},"version":"v1"}