{"_sessions":{"BZaec57OdTYms1R4F+jvPBEaCFb2YFqaxQSn8uephlBf":{"registrationId":187,"currentRatchet":{"ephemeralKeyPair":{"pubKey":"BZefWKJGEyj/ywYi9Xvp7E0I4TX35AbKpfm/9V6D4YMC","privKey":"GPEQlNgIOMFjtErAGkXP5Kg1x9YXsHAbLM1OUGma+UU="},"lastRemoteEphemeralKey":"BSOoblvmOOUTShUXE1QbpNznSe437EObfWA8ekhXZl4k","previousCounter":0,"rootKey":"DL/b51x6F841VAjMSd00V3Bqt57exQ9MoGq+WOI6oUU="},"indexInfo":{"baseKey":"BZaec57OdTYms1R4F+jvPBEaCFb2YFqaxQSn8uephlBf","baseKeyType":1,"closed":-1,"used":1762616480651,"created":1762616480651,"remoteIdentityKey":"BRq01/2xwhym1jFK4v6HfLo07Qho5ath/Jv6wzMrv+xQ"},"_chains":{"BZefWKJGEyj/ywYi9Xvp7E0I4TX35AbKpfm/9V6D4YMC":{"chainKey":{"counter":21,"key":"WS0myI/afCqPPfFnAsVJ/LucC7rK8tTNJiQj5VVLks0="},"chainType":1,"messageKeys":{}}},"pendingPreKey":{"signedKeyId":1,"baseKey":"BZaec57OdTYms1R4F+jvPBEaCFb2YFqaxQSn8uephlBf"}}},"version":"v1"}