{"_sessions":{"BTKYM6omc26AQ3fXsb+DeiBwJlpnb0fzeApZTZR+XSxy":{"registrationId":455881388,"currentRatchet":{"ephemeralKeyPair":{"pubKey":"BRF9HR7DuA7VhCyF1OIQKAs/m4qyMAQETcC8ahBQlFRi","privKey":"uP5QlTHrp1gUtt6LnDBgq5PvTmbJfWTfzNvh7ATJ73A="},"lastRemoteEphemeralKey":"BQ5ZJS98iUGe8lBZAwkhOH6HrQ3MahLgT3YGaQsfElgA","previousCounter":0,"rootKey":"3r+r7Jkv3zfMmDQoLl4zrQI5/ahez1CiWl1jP0D/LK8="},"indexInfo":{"baseKey":"BTKYM6omc26AQ3fXsb+DeiBwJlpnb0fzeApZTZR+XSxy","baseKeyType":2,"closed":-1,"used":1762753919796,"created":1762753919796,"remoteIdentityKey":"BSSYmg+3G/6zYSU6waKBEyCU0V31GhUkc3t8Gfx29Xp/"},"_chains":{"BQ5ZJS98iUGe8lBZAwkhOH6HrQ3MahLgT3YGaQsfElgA":{"chainKey":{"counter":1,"key":"YIRvFk4ep6zhQQouq0MFJ2ZHboeyQRrbhokBD/loUFs="},"chainType":2,"messageKeys":{}},"BRF9HR7DuA7VhCyF1OIQKAs/m4qyMAQETcC8ahBQlFRi":{"chainKey":{"counter":-1,"key":"mu8N3b6JokXQad748AzSxe614g7nJiBC2bP2dJVTO4o="},"chainType":1,"messageKeys":{}}}}},"version":"v1"}