{"_sessions":{"Bd/scmoH1eXa0w/2BQ3qgGeWND7zHPDUmFI6uY2sbbwz":{"registrationId":1046604996,"currentRatchet":{"ephemeralKeyPair":{"pubKey":"BRUMIxSn4iolbAqrsOyFyus8rXwmjK65biulAlOKmOcR","privKey":"0JscadHs3njrwZlvxdmTgSqp/DvvBwqI3D30Rsp5i1U="},"lastRemoteEphemeralKey":"BSsS+Vm3YhSQSQ/e51o+5OC5yrD7XI9NinncUDOqRPYd","previousCounter":0,"rootKey":"2uECtq8G6HEeQIsOwR2fnWXj5rnB2tXL9M15zgUtq1E="},"indexInfo":{"baseKey":"Bd/scmoH1eXa0w/2BQ3qgGeWND7zHPDUmFI6uY2sbbwz","baseKeyType":1,"closed":-1,"used":1762661833126,"created":1762612576787,"remoteIdentityKey":"BcyOL3OUGtQAaufdzKQyZUXuKuWrVmwYSI4/J9RMeWhK"},"_chains":{"BSsS+Vm3YhSQSQ/e51o+5OC5yrD7XI9NinncUDOqRPYd":{"chainKey":{"counter":0,"key":"l5QDMSqveeR7AXGKUlOpgpWv7ajqRK2l1/6ZHfdD3T8="},"chainType":2,"messageKeys":{}},"BRUMIxSn4iolbAqrsOyFyus8rXwmjK65biulAlOKmOcR":{"chainKey":{"counter":-1,"key":"GknE9riMH+WFPdlmUTO46QIwhQGunvVML2gSrhjy5HI="},"chainType":1,"messageKeys":{}}}}},"version":"v1"}