{"_sessions":{"BVe4WZkaOzp8O7/UhOr0Jndo+F9WlX7xffA1QyugCzxJ":{"registrationId":1413514739,"currentRatchet":{"ephemeralKeyPair":{"pubKey":"Bf59shywuRGqJ0M0SmmlVZO1MyrC8Dr+aUrwyUloTQ9x","privKey":"AFwcP3eTtjcHb0CkZHSCibWk59R3JVPgrHGhE/X7k0k="},"lastRemoteEphemeralKey":"BTiS7nhTjhuHpXdzwro6HMaoluSeo5iJMvrB+c96dVIE","previousCounter":5,"rootKey":"xxnEs3BE4vqhyWTeCGbL93wAWsXawd25Ppzs1YZhjmM="},"indexInfo":{"baseKey":"BVe4WZkaOzp8O7/UhOr0Jndo+F9WlX7xffA1QyugCzxJ","baseKeyType":1,"closed":-1,"used":1762840223893,"created":1762657598383,"remoteIdentityKey":"BUmLLz7ztaNtZae6RGkD1oN9NrMSxgbWG3HbFH0Fk/5l"},"_chains":{"BTlxTx66aOjrgEMwUuHa4gppLoF06Mr/CtzvufEt2UJ8":{"chainKey":{"counter":0},"chainType":2,"messageKeys":{}},"BTiS7nhTjhuHpXdzwro6HMaoluSeo5iJMvrB+c96dVIE":{"chainKey":{"counter":0,"key":"jlOrQew1jUCyAJHkI/JxLQdoxYiIolEOyPB2N0Ar6nc="},"chainType":2,"messageKeys":{}},"Bf59shywuRGqJ0M0SmmlVZO1MyrC8Dr+aUrwyUloTQ9x":{"chainKey":{"counter":10,"key":"wHA4l+SK/vK03i1PRNWCvPOJYMHv20sDNJXY+88hIrs="},"chainType":1,"messageKeys":{}}}}},"version":"v1"}