{"_sessions":{"BcpAwiP46v/JjYte/tCx9u5bC89Swv/Pe2YFduqFHpcq":{"registrationId":750318739,"currentRatchet":{"ephemeralKeyPair":{"pubKey":"Bb6wb3IEGG+PLUxv45uWnGO4BnQkfCV9K1uQCv32qCsi","privKey":"UGluBZ5B+6MwAm3XZN/zoyx1UVgWfNd4p+Et0+Itp2Q="},"lastRemoteEphemeralKey":"BdjMDyey4uzPSeyhvMiQyjPX04LUCx1vF8rZOQW3NuEB","previousCounter":0,"rootKey":"FPq/RvPfYWXIFOlCWkvN73Sd+2CrYIR0HmQ3dMlOlWw="},"indexInfo":{"baseKey":"BcpAwiP46v/JjYte/tCx9u5bC89Swv/Pe2YFduqFHpcq","baseKeyType":2,"closed":-1,"used":1762605502707,"created":1762605502707,"remoteIdentityKey":"BemPZAlE5SWnI2XaaA9VNB1sLdkOxCXsfXhQz+ke/q5Y"},"_chains":{"BdjMDyey4uzPSeyhvMiQyjPX04LUCx1vF8rZOQW3NuEB":{"chainKey":{"counter":0,"key":"QTByhOMzgUPkdQjwDqYyVg8eBEd6XVRXI4kBWWgMux8="},"chainType":2,"messageKeys":{}},"Bb6wb3IEGG+PLUxv45uWnGO4BnQkfCV9K1uQCv32qCsi":{"chainKey":{"counter":19,"key":"JaHsziEiOd72mk4KfNKvcGFaPcRgfpw1Cnsh7tcyndI="},"chainType":1,"messageKeys":{}}}}},"version":"v1"}