{"_sessions":{"BfkgQO6rG5H8vrn2ACGHUZ7V4dtjU6K66YMoo+EMmeJP":{"registrationId":1173755816,"currentRatchet":{"ephemeralKeyPair":{"pubKey":"Ba3nskoewyXPZ8Y85lYGKgnqfN8/BYO5yCLxRiqYxqUh","privKey":"EFhL2DTyPej/NL4aNUovaQr7NvTzzEZJ2ub4yrDCQ1U="},"lastRemoteEphemeralKey":"BUJFjQt8ytgS4pE7aJjlKJHFSCEoI7e7RCRkGL5yJQFj","previousCounter":0,"rootKey":"Iz48H2eMxvfVi7w1cAU15ON46z8nMPPWLbhqUSPRjXA="},"indexInfo":{"baseKey":"BfkgQO6rG5H8vrn2ACGHUZ7V4dtjU6K66YMoo+EMmeJP","baseKeyType":2,"closed":-1,"used":1762815509504,"created":1762815509504,"remoteIdentityKey":"BSmHj0wyxhkQL9NulW7JG6QpHqzB5vSqFMwLj6HAvnQx"},"_chains":{"BUJFjQt8ytgS4pE7aJjlKJHFSCEoI7e7RCRkGL5yJQFj":{"chainKey":{"counter":0,"key":"EErnTyaGf97tzYWwBk90+TwJKH/jQl5odhaVKqbRhCQ="},"chainType":2,"messageKeys":{}},"Ba3nskoewyXPZ8Y85lYGKgnqfN8/BYO5yCLxRiqYxqUh":{"chainKey":{"counter":-1,"key":"1MFJw3qE1AMCspF4kUZUtT6IwvE0MkHCxrRLMvrVTWo="},"chainType":1,"messageKeys":{}}}}},"version":"v1"}