{"_sessions":{"BVTGMWUOJop0Rb+gu5wu0HUy0jAfILQurR501qJdkrVn":{"registrationId":1261377174,"currentRatchet":{"ephemeralKeyPair":{"pubKey":"Bfq9iA5VOzse4Xu6UAMY3NigZ/r4j2AQfWrw1zPlUMQg","privKey":"wPj3LxeOZtC5mxwGU3upiiisByOp2drxWrOB+oT28kI="},"lastRemoteEphemeralKey":"BQ8ng3XhsGpycm3fmJpgHSkCwBkdQRQf6Mw/b7sIhl1X","previousCounter":0,"rootKey":"LD5XCGbAirghwEK39/59inUmfO6Ba2WDjn120KT0NJY="},"indexInfo":{"baseKey":"BVTGMWUOJop0Rb+gu5wu0HUy0jAfILQurR501qJdkrVn","baseKeyType":2,"closed":-1,"used":1762776239043,"created":1762776239043,"remoteIdentityKey":"BZDg/7kVfnu1voWJW+iGy0gZAzAvdsJQWQY52Q+Gh7lT"},"_chains":{"BQ8ng3XhsGpycm3fmJpgHSkCwBkdQRQf6Mw/b7sIhl1X":{"chainKey":{"counter":1,"key":"g/jWpwPADuoYOk3ZhoBu9WhhBvkmGH9Gnxh4r1B18Zs="},"chainType":2,"messageKeys":{}},"Bfq9iA5VOzse4Xu6UAMY3NigZ/r4j2AQfWrw1zPlUMQg":{"chainKey":{"counter":-1,"key":"pcmp4Xvsx1k8XmvmK7R/e2kD931gGWYmwuYH1VY/zQk="},"chainType":1,"messageKeys":{}}}}},"version":"v1"}