{"_sessions":{"BdopbTZOdHT4DljfN1QDM7PAF9Uj0f/t0A5punLWXXBU":{"registrationId":11062,"currentRatchet":{"ephemeralKeyPair":{"pubKey":"BYt+DbKzYSKpooEDwGG30ZxoHy+Um2jMZ7j4LecXGHop","privKey":"GOVdsjxSTqcEOxDEKywB33OfVf1HeqGBir0J8GJSWH4="},"lastRemoteEphemeralKey":"BRfmzUSm0Mfbsx2RFoSnJsdRwrK3lOHVHdn/ypIKe0Z5","previousCounter":0,"rootKey":"A+sKFajEyDIkJAvfeR/ZuISWMbPIDZhh/8rt3BGTaQM="},"indexInfo":{"baseKey":"BdopbTZOdHT4DljfN1QDM7PAF9Uj0f/t0A5punLWXXBU","baseKeyType":2,"closed":-1,"used":1762611512556,"created":1762611512556,"remoteIdentityKey":"BY9r+kHrHwm2Ktft+Z/sUdibsvHJd7pjCnd/4fz63KZ8"},"_chains":{"BRfmzUSm0Mfbsx2RFoSnJsdRwrK3lOHVHdn/ypIKe0Z5":{"chainKey":{"counter":0,"key":"jbN0teKV0bC3kYlIQqoN3xxkDVFw6gxh51hQAv56QI0="},"chainType":2,"messageKeys":{}},"BYt+DbKzYSKpooEDwGG30ZxoHy+Um2jMZ7j4LecXGHop":{"chainKey":{"counter":0,"key":"9TuiHqvtbGSDoCPLS0KeOcIr2LC5LQycH8nA+KT3r54="},"chainType":1,"messageKeys":{}}}}},"version":"v1"}