{"_sessions":{"Bf/2wDC/be6UC1WbDsj8lkytPwZhHyhby6UWt1B6sk5A":{"registrationId":727574898,"currentRatchet":{"ephemeralKeyPair":{"pubKey":"Be85fJZhY8pDNdUX/sitrjc1KHPHtmblI3lv1DfUiOxh","privKey":"ODgnd9DQwia1uRbFbmpXCjXJPD+F7w1e4oz3ELFc/FQ="},"lastRemoteEphemeralKey":"BRcmwsP+Rsj53MIv/cGmRi380reTh3b89cQXW93dAmdi","previousCounter":0,"rootKey":"0hUDJIdvVkyFn04Hm5y8zIDwahomWP7SxzZCegmkcVA="},"indexInfo":{"baseKey":"Bf/2wDC/be6UC1WbDsj8lkytPwZhHyhby6UWt1B6sk5A","baseKeyType":1,"closed":-1,"used":1762657598879,"created":1762657598879,"remoteIdentityKey":"BfD2a6DJ5Rj3jHxYG35mWm+7Quaq24H14fTDtae5Otku"},"_chains":{"Be85fJZhY8pDNdUX/sitrjc1KHPHtmblI3lv1DfUiOxh":{"chainKey":{"counter":19,"key":"mVSpbWsUyD1CzXzJo+qylxlBf5hhP1V9wZYsdHJ8Srs="},"chainType":1,"messageKeys":{}}},"pendingPreKey":{"signedKeyId":2,"baseKey":"Bf/2wDC/be6UC1WbDsj8lkytPwZhHyhby6UWt1B6sk5A","preKeyId":14299629}}},"version":"v1"}