{"_sessions":{"BTLcYkkb6ykU/ZWVKXjLJkPL6XruuaffdGr55cxOee9t":{"registrationId":1671441961,"currentRatchet":{"ephemeralKeyPair":{"pubKey":"Bft0YQ8/p99JmPCHjhd3yfW05XgS7w8OgfEazdY9GwBw","privKey":"wOttoy/+mXeKA7Ee9xKatscLKKcosveJU6nyQLx/VkM="},"lastRemoteEphemeralKey":"BZ3PPKnZX2Cjx/GCgSIZCzgpcLRxGyGN2WKxMacpnGhP","previousCounter":0,"rootKey":"bBUVp+6CJb048fzoAC2krlkQFBl+HRMKbE0OWu73pYM="},"indexInfo":{"baseKey":"BTLcYkkb6ykU/ZWVKXjLJkPL6XruuaffdGr55cxOee9t","baseKeyType":1,"closed":-1,"used":1762657597877,"created":1762657597877,"remoteIdentityKey":"BXFZcRWPvz1SquIWAJV2khfLPXzYf4xB/3orS3QNBEU0"},"_chains":{"Bft0YQ8/p99JmPCHjhd3yfW05XgS7w8OgfEazdY9GwBw":{"chainKey":{"counter":19,"key":"djnyryUySVw1Q+213xaw/TpQrJo3jC3o77bpWiILh0Y="},"chainType":1,"messageKeys":{}}},"pendingPreKey":{"signedKeyId":6,"baseKey":"BTLcYkkb6ykU/ZWVKXjLJkPL6XruuaffdGr55cxOee9t","preKeyId":11821104}}},"version":"v1"}