{"_sessions":{"BdB1uAmeZDIENgFHesKio4pPIFFIQYz6YmCGQiEGR9M1":{"registrationId":1392738070,"currentRatchet":{"ephemeralKeyPair":{"pubKey":"BY8Px+t7/1Poa1omV47H+5f7Th0ARCaBJpsBl/zDyDRb","privKey":"GHrYV97KaEZVWi0h8bbP6N37pEMUkDXGH4uVaN58EXg="},"lastRemoteEphemeralKey":"BciolmgE3PE9CUAqUKRX29sUuKvojENRDLgiKlAvHZND","previousCounter":0,"rootKey":"w3oXNvT0DO/Q905avOuk7qhfoXK0vR5YRJknBYw1Cik="},"indexInfo":{"baseKey":"BdB1uAmeZDIENgFHesKio4pPIFFIQYz6YmCGQiEGR9M1","baseKeyType":2,"closed":-1,"used":1762859032284,"created":1762859032284,"remoteIdentityKey":"BYewyQ6v//6bS5Lizk1q7SuxePKSvewzqejAkaV4VO1A"},"_chains":{"BciolmgE3PE9CUAqUKRX29sUuKvojENRDLgiKlAvHZND":{"chainKey":{"counter":1,"key":"TjTmmJ3f77kvbz5hYnNxXfBa421j+oQncrAPMSucboE="},"chainType":2,"messageKeys":{}},"BY8Px+t7/1Poa1omV47H+5f7Th0ARCaBJpsBl/zDyDRb":{"chainKey":{"counter":-1,"key":"/7MW9gFWVWRRvp0CzUjuTF1TQbzdYwQPdyjILy/azsA="},"chainType":1,"messageKeys":{}}}}},"version":"v1"}