{"_sessions":{"BWzZfSIlD8R1ZV75BJGo/9r8kDL/wlLWiovEIgfY5iJH":{"registrationId":609398162,"currentRatchet":{"ephemeralKeyPair":{"pubKey":"BfsuPuNCXVDVbpA34A1W28QTNlkR/gDQzfx3TcxJdEAr","privKey":"yJnwokFBbRf+yWakgaZ6u3i8ABVgungLKAVEiqRPrWc="},"lastRemoteEphemeralKey":"BX2GqtiHF5cYhi2hf1fBnyZBhT9nrOUdC8ft5zY0zAYb","previousCounter":0,"rootKey":"YLUNMcwyHtPgA8lAi4oGESza3TtkTVqxN7T69DGh65U="},"indexInfo":{"baseKey":"BWzZfSIlD8R1ZV75BJGo/9r8kDL/wlLWiovEIgfY5iJH","baseKeyType":2,"closed":1762604315185,"used":1762604315023,"created":1762604315023,"remoteIdentityKey":"Bc6MXJoyJCALTlW+o6xO2t/6r/zJeYI4YGLcJn5NETd4"},"_chains":{"BX2GqtiHF5cYhi2hf1fBnyZBhT9nrOUdC8ft5zY0zAYb":{"chainKey":{"counter":0,"key":"/FAIdTs5ViWIUP7se8EHNnywCXn3uhZRCCGdcHl6ORA="},"chainType":2,"messageKeys":{}},"BfsuPuNCXVDVbpA34A1W28QTNlkR/gDQzfx3TcxJdEAr":{"chainKey":{"counter":-1,"key":"Bpp9IATVJu+XONcpSX4OVDJEY78oRakJwLzw2H/gBUs="},"chainType":1,"messageKeys":{}}}},"Bd6V7lmxIbqZ1yS8tqHY63Ui9qjfUoJ/BUe+hRx0sysZ":{"registrationId":609398162,"currentRatchet":{"ephemeralKeyPair":{"pubKey":"BTR10eOb0Ed9Kxvj8vtLmzzFFjEJbqHgNli3Noc20u9Q","privKey":"QAJeNCThoUv+hrxRb9mqsVSGjUif2RtiFPeUBWp/3V0="},"lastRemoteEphemeralKey":"BaoKWS025Ampoa9Q969ZDULgBDXPMRJqW+d3b73mr2Az","previousCounter":0,"rootKey":"5BeGmR8nKUyH0dN4qYjXXBdIQTxlj4hpt+MBtHNlsK8="},"indexInfo":{"baseKey":"Bd6V7lmxIbqZ1yS8tqHY63Ui9qjfUoJ/BUe+hRx0sysZ","baseKeyType":1,"closed":-1,"used":1762859788623,"created":1762604315178,"remoteIdentityKey":"Bc6MXJoyJCALTlW+o6xO2t/6r/zJeYI4YGLcJn5NETd4"},"_chains":{"BThHtID4npc2whtCmGSlw5KGXPD+aLEfv/8PBncrxl5E":{"chainKey":{"counter":5},"chainType":2,"messageKeys":{}},"BYjRMd1DML/tFDbCfzJr1WSGJ6dnYjpB+Ah/vzlywG9l":{"chainKey":{"counter":0},"chainType":2,"messageKeys":{}},"BaJo8zR19HqnICIkPHuArt43aPq6NxwkjUgylynSzXtw":{"chainKey":{"counter":1},"chainType":2,"messageKeys":{}},"BWHv653JUY5it0B4UVY6XJhg+at4qMntyyDrFbPYXjJH":{"chainKey":{"counter":1},"chainType":2,"messageKeys":{}},"BZ/ARJWNaD6N5icQ+TPWPd7q3f4vZMdMxFRW9VyovtIA":{"chainKey":{"counter":0},"chainType":2,"messageKeys":{}},"BTapYQUnyYFdZ5wMkwTzaOdPD+bLajcgAGQNBx8+wVJN":{"chainKey":{"counter":0},"chainType":2,"messageKeys":{}},"BedRDvWIUoZ1iRxh8AEPUbYjk9J9DIZJasZqiA/WP3Yt":{"chainKey":{"counter":1},"chainType":2,"messageKeys":{}},"BS9gwCFZCWdPnEnnSdLGJGVGC/Fe4rLUDSUiHChiwK5U":{"chainKey":{"counter":0},"chainType":2,"messageKeys":{}},"BeFz6HFsOItqwU9637FBXoNJDl8dJibt/UWkZwkK7wNg":{"chainKey":{"counter":1},"chainType":2,"messageKeys":{}},"BfZqn3uuR0CLUooSOWWGTt2QGTN6hR9lPMedJbQMHXhf":{"chainKey":{"counter":0},"chainType":2,"messageKeys":{}},"BQkf3E8FE/Q/7RKvFzNOk0SgLTucUKrqNpy+QdO41u9V":{"chainKey":{"counter":1},"chainType":2,"messageKeys":{}},"BbUJ8+uO2eG8DflU3s1SZqd//NDsQsHFU49tplgPzYkI":{"chainKey":{"counter":0},"chainType":2,"messageKeys":{}},"Bfh7QX7TdVVf/TXtu9wcmOKqFUnk4dCqNC9YdY7sKFUp":{"chainKey":{"counter":0},"chainType":2,"messageKeys":{}},"BXu2WDKj9PGyfIuXXjIbqe3qXHHJ2SdRXFslaPUaFbh6":{"chainKey":{"counter":4},"chainType":2,"messageKeys":{"4":"A/NHCUHeMQ+FqT7XvYus31rgNdWN5FH+Hc16U5PEPZM="}},"BYTKUrp1lQasbg2rqhPpW9eDMfKHQ2bRGuiKWkJmYMdX":{"chainKey":{"counter":1},"chainType":2,"messageKeys":{"1":"a9xV4KYDnzWJEOOhvgZP54A5DEDUqCs2sImaEc4lM+s="}},"BW7m3MRmh9NMABctnJopyETaRvkS0dTqZ5WFXquYPAwI":{"chainKey":{"counter":2},"chainType":2,"messageKeys":{}},"BSk4oOlE011vHDTMusVBthMy6gBDg2nTE6abDdTEtxRL":{"chainKey":{"counter":0},"chainType":2,"messageKeys":{}},"BQ6oMbkSCYbu6sIyJ1YzMqvRB9xqTk/xwJD1a+Z7pHxz":{"chainKey":{"counter":0},"chainType":2,"messageKeys":{}},"BVye5wovwN2u26IbkpnpqBkekUC3hae7KqbpSegy7gt0":{"chainKey":{"counter":0},"chainType":2,"messageKeys":{}},"BfUNoVH6od2K2Jeur+QgRKBXJ+F15qEo8Yn6PTmgWHUC":{"chainKey":{"counter":0},"chainType":2,"messageKeys":{}},"BdNnwEIFPdDFulX9itdl0E9WpUQKME33WurQD3cQCEgU":{"chainKey":{"counter":1},"chainType":2,"messageKeys":{}},"BRIVwM9FuQF/VuassV2DGOZL5G3TaXBu/XJqzxSITFBw":{"chainKey":{"counter":15},"chainType":2,"messageKeys":{}},"BeTYCnK5d2Xw9GyIfOiWgq0p7Zm/+M/i6FIogQAlMCBe":{"chainKey":{"counter":0},"chainType":2,"messageKeys":{}},"BaxtO00/o1Uysbp2zQaVNkNC+9zOpkiba6TY6M/M5DJO":{"chainKey":{"counter":1},"chainType":2,"messageKeys":{}},"BTAPbz9CqhiZFo66Nwl8IjnpmUqRzWKSimNc49RA1k88":{"chainKey":{"counter":0},"chainType":2,"messageKeys":{}},"Bf66StUfLGHTsYYQUAT2QOUolfZyBYeDkkQzo4AffDhe":{"chainKey":{"counter":45},"chainType":2,"messageKeys":{}},"BdJ7An7igT8kDDHMFLKauMk07OBYBe3EpurSLoEjTpY/":{"chainKey":{"counter":0},"chainType":2,"messageKeys":{}},"BaXefTvwdBRd1L+29nC6rlDmqjhTGnn8t8qgLvpjeIkp":{"chainKey":{"counter":1},"chainType":2,"messageKeys":{"0":"pAjbO96/piS4ZwmUfI+jIZhE3poBEZN0yQLwkpi6QgA="}},"BYwtp66Apw2iRaru1wROZN7NJQHu7KDlJ8xRW9Fi4Kcs":{"chainKey":{"counter":2},"chainType":2,"messageKeys":{"2":"x4dG6uFDInBnQgBAZzaA8ktd+XO8ABCsR7igLests2U="}},"Bb0SToV/VgbAWmGIeAGSPcGCFdetuzpZbBQ63PRrSSto":{"chainKey":{"counter":1},"chainType":2,"messageKeys":{"1":"EgCbym42pxuEGmQMQj8gurNKjISSjmn4QM3ZMUuiYgs="}},"BWDt4gJjboUtY0WhLQpJ2jAfAwiNv8gySd+tG2wzIswf":{"chainKey":{"counter":3},"chainType":2,"messageKeys":{}},"BY2IsCMNq90r0dlMg7aCYDnCTs2TNE4AktRWxxGJaRl0":{"chainKey":{"counter":0},"chainType":2,"messageKeys":{}},"BbjhcDeUXTCzr7mDAixKZBG9pwDXmcZJUoUfR6wFcHtv":{"chainKey":{"counter":0},"chainType":2,"messageKeys":{}},"BdkghGwAldm8HE8H4bzg7Mj9M5xj0ClAhSk7P64wJlEh":{"chainKey":{"counter":0},"chainType":2,"messageKeys":{}},"Bc5xRVATSot4kAE+kq6dtXz1vUhjM6VMExb0bzAtDQpA":{"chainKey":{"counter":1},"chainType":2,"messageKeys":{"0":"+hEGO2umVmPslNcdH4DrwIIi6ZRiPWy32k47ccWW208="}},"BU+LDKdaTBSkiDwmw4eJLIsgyK6k5+aNKAbcq9b6tlRU":{"chainKey":{"counter":0},"chainType":2,"messageKeys":{}},"BRzVPLKBB29mvG2VmcsH5+rCKwVmkjsOFiTYfl69IJY3":{"chainKey":{"counter":0},"chainType":2,"messageKeys":{}},"BZOLyhwPc/XPLKW6+kSAy0bKND3D1r3jabKS6F7I6w99":{"chainKey":{"counter":2},"chainType":2,"messageKeys":{"0":"aSlvOqMx1LnIys2NXZQF/5OOpy1G8zvG7sCteyliwK4=","1":"UEFOMIFrRSgr0i4eJ5t7zcw3d21a8tkmlNchv0BzH5k="}},"BYuSMDmxlW2XjTvoIiDzGaNVpaShUw300Ordi+xroUNr":{"chainKey":{"counter":0},"chainType":2,"messageKeys":{}},"BX4dLCNkbzXrSwz7yyFg7Omalp8t8atlwo0b4Ps2qFcV":{"chainKey":{"counter":0},"chainType":2,"messageKeys":{}},"BUg+6FOjwxcUbcXiLcT6YpN6IJxaXsLw7U2aiEObqaRM":{"chainKey":{"counter":0},"chainType":2,"messageKeys":{}},"BdL8jmXh0HcxMk3x+ufdlsEoHH5ktynnhu5jvE59md5r":{"chainKey":{"counter":1},"chainType":2,"messageKeys":{"0":"Ioc4mPeNAtT8xHSeusbD1YZobNb7W27J5Z+1Z8omgD0="}},"BfJsiUq/LXs4XItDhsd4A42DVJCMBn354HdEDbNWCydO":{"chainKey":{"counter":0},"chainType":2,"messageKeys":{}},"BYM6yPx56pftcvFitI1b6ci34ydF+R5s+pVFnbCMzA1g":{"chainKey":{"counter":0},"chainType":2,"messageKeys":{}},"BTzJyAfH0WcjzUItS6uiuQvCftahWjkOFqCFN9fmo2Bv":{"chainKey":{"counter":2},"chainType":2,"messageKeys":{"0":"Nxkt64V+MC99vWPebhISyQJkuAVdeW93qWDv1wQ9DhA=","1":"/z98JWO/vF7FkfQt3YOwCiS3eVVKx8yku48cJ+cyBAs="}},"BY8WpPx8NpVA6qx9a9F8AWmdcV7xF2YiBNLahWbhFcZh":{"chainKey":{"counter":2},"chainType":2,"messageKeys":{"0":"FkufjdFYFdwP5HgDj5HUqhEtZHXzeOCVeA+eJa1KSPQ=","1":"wIMm2dOV6LV4iS5VVRLtdCyrwB1ZDk8tzzI6TK6iMWI="}},"BaZB/VcTWrgbr3fRB6sdRJsi8LaiyMmqCsqmuovvkp0U":{"chainKey":{"counter":4},"chainType":2,"messageKeys":{"0":"r7Fhd/MRSSJELcg93D3pKprEvWI1YG2LhzSBA/AAbZI=","1":"R7F2lhJ6kv2orsoeJFLy1lfUVgYdl7O9qRRSpf3RVfU=","2":"uUZHlEmrDVXfFfg1RnS2rRhLtwtbKq5jkT+rkY1Zo30=","3":"XIquIgKNvcraORIU6tE9X3m1WzNyy15hKMuvt+c+fis="}},"BfH0pkbqaTjofEo09U78uRM6PUYqgR9xPHe8P7iexoF9":{"chainKey":{"counter":1},"chainType":2,"messageKeys":{"0":"zrJPKF3bOZhcvXCLVe89vy1q3x6wmJqvS20h3TBkYSM="}},"BfL30bgTWtWnALhVOsD0lHzdgN9dyWSIHGsV6WtiS8E9":{"chainKey":{"counter":0},"chainType":2,"messageKeys":{}},"BUPwDWTL2cM2wkiLz3rG0j3dYfVEP9wB6ugS/W67sREv":{"chainKey":{"counter":0},"chainType":2,"messageKeys":{}},"BZ7gKC/kp/fU5k5cuERVUqomANhk2Ae2qCcdFUTdDvEN":{"chainKey":{"counter":0},"chainType":2,"messageKeys":{}},"BebOsj0rRdNVnNGFX6INQS+27yaiI93kEzIG6HrLqAIa":{"chainKey":{"counter":0},"chainType":2,"messageKeys":{}},"BR7Le24NxifVNHjiq9sBOvRN07Yqj2vvMdqzPZnYJgpP":{"chainKey":{"counter":1},"chainType":2,"messageKeys":{}},"BaJaTCGyZR0u3qAcsuuRV1tk4LT2yMkutSaOq+cJgAk1":{"chainKey":{"counter":1},"chainType":2,"messageKeys":{}},"BbUxMdf2+KoZWQT1PtFJFaKX2wAyXsAiuGCivWfJrpVH":{"chainKey":{"counter":2},"chainType":2,"messageKeys":{}},"BYOvfWavT/ZQlNcFEURcBSd+Uit19yY2u7qs1Ak/qWsT":{"chainKey":{"counter":0},"chainType":2,"messageKeys":{}},"BczAAmh/umFrty11aE8dY0mLht2rZ7cexZVuCexMOCMU":{"chainKey":{"counter":1},"chainType":2,"messageKeys":{}},"Ba9A65D2lzeCmNFZkkxi4xhY+YBR7S+x0Ybrsqr5sn9p":{"chainKey":{"counter":0},"chainType":2,"messageKeys":{}},"Ba2BhmfWo1qHKglh0sZ/RGStbkaLEPoLHxe8oaOK0GEl":{"chainKey":{"counter":0},"chainType":2,"messageKeys":{}},"BRQadQfOojxFimNPEmbbzPwl14tYvogleTMfy1OBSQ9N":{"chainKey":{"counter":1},"chainType":2,"messageKeys":{"0":"jh0zIS7Au2Y1YNJsTCvlkQ607OPbTNHl9O7T1qS04H4="}},"Bf7Ae5I5jhDIJObL2K7RxfQWPnHW/wriWiz+m5KPPhkV":{"chainKey":{"counter":0},"chainType":2,"messageKeys":{}},"BSvUjzkZAT6L9dXEadyiO88AebgPqhUll3KoHXA+lpgf":{"chainKey":{"counter":0},"chainType":2,"messageKeys":{}},"BffZj00E21X3PU7KLd9AJsoRrCC5RiCU/l6Qe4flnPxM":{"chainKey":{"counter":0},"chainType":2,"messageKeys":{}},"BV6RvRbqDgaJefrJPTWnyaFvsepcRpbiRA+GDTARbwMy":{"chainKey":{"counter":6},"chainType":2,"messageKeys":{}},"BbjpMglPkduc7cjzFI0ZdP4cqIE3jNye34pnt4YACiNi":{"chainKey":{"counter":3},"chainType":2,"messageKeys":{}},"BV/GavVzi1X+ukcFOZok4N98IslY031sokRYsDEDuNpF":{"chainKey":{"counter":1},"chainType":2,"messageKeys":{"0":"OtXxrzueiaxmUv+Vv9YcvtDQ/vbAqP98tTijdtxxtiw="}},"BXmY6KUe1Jdwm+5WFEGyjR1HRl8KLSgU0aboC7z8ofZB":{"chainKey":{"counter":0},"chainType":2,"messageKeys":{}},"BZeCXjBUU+DNake8G7i0t4byL1Wa8RseWerSc5As0ZMa":{"chainKey":{"counter":0},"chainType":2,"messageKeys":{}},"BfG9Ml1bhuGtfvfqh1uaCqrIHOXB4lTw/LczAaHcrmsW":{"chainKey":{"counter":0},"chainType":2,"messageKeys":{}},"BVlNwDWLG0igCtZoVgLIW0TYdiBL3yiCyzNFS0H81H4G":{"chainKey":{"counter":0},"chainType":2,"messageKeys":{}},"BZ3twv7SgM3b9WGmC1n23aSuO7+y+ndBtJGD7ltzzxZQ":{"chainKey":{"counter":0},"chainType":2,"messageKeys":{}},"Bce8597HaOksjh8rP76fKNQ0Hjekk675r1FDTNg5+p9h":{"chainKey":{"counter":0},"chainType":2,"messageKeys":{}},"BZb0PMfKSqfmTUWp2P7Zzc3KNNJQTUVfnZVun9fuzo81":{"chainKey":{"counter":0},"chainType":2,"messageKeys":{}},"Bf6npA7cNfU3vns3mxdMlehKlWIPUMlWbN4jOPwV+Chz":{"chainKey":{"counter":1},"chainType":2,"messageKeys":{}},"BUhZIiL+N3ee88Pb4jm4sft+cMmxylaa2pSiB0v7mktV":{"chainKey":{"counter":1},"chainType":2,"messageKeys":{}},"BVryOwxq5SevAjKBEPEqKILtei2uUH3jqyqiw+FrRcNi":{"chainKey":{"counter":1},"chainType":2,"messageKeys":{"0":"CAk42rVrC+PZbOYXa5ve8eUVJLGdZ1dDqZ6B0fL442c="}},"BVKQCE8Yldql6K6YHc6nwvdfQC1NT/Hffzq4tMu6Qupp":{"chainKey":{"counter":0},"chainType":2,"messageKeys":{}},"BX3SLoe2zp63fQTCnpTJOoRoUVUBPIUuSt5HLzkdEdZ/":{"chainKey":{"counter":2},"chainType":2,"messageKeys":{"0":"LZWauttqZZ7Y7iX7BpoRz30xn2hgPUacUMhzb5vOxtY="}},"BUAroPR7T9z6a4sXoSbxfeNnB3TOHSPWGmBEE5kfRAcl":{"chainKey":{"counter":0},"chainType":2,"messageKeys":{}},"BXwu5nZdOpa7cUKd/4Z8CznwjHyg9P4F+OZyylsSPMZU":{"chainKey":{"counter":0},"chainType":2,"messageKeys":{}},"BfxRCl7C9n8QXmr9DuZUBVQQUb1ERJ3nTHrTOFo6TdVF":{"chainKey":{"counter":1},"chainType":2,"messageKeys":{"0":"OBcIJBhHmsHCjj+qb/dpKZrlemgyauKkRGh294wId8g="}},"BbLIc0uLjLch7FnGqwNpmvwQDO40bW+MU4aHGxpPmQJB":{"chainKey":{"counter":0},"chainType":2,"messageKeys":{}},"BVWo9TzPRh9ppLOiRwyWzL4sEQ9iptWwbVj51bsBqb03":{"chainKey":{"counter":0},"chainType":2,"messageKeys":{}},"BZdLayJPhhrzFURgO7ML5JuL7xZ2hTRt+ejUmQ+JQzQJ":{"chainKey":{"counter":0},"chainType":2,"messageKeys":{}},"BYhdLuwpvXoRPkvmR8yEj1CRfGkgJZ9vmn3hKHKpyScu":{"chainKey":{"counter":1},"chainType":2,"messageKeys":{}},"BZdpz7aVTt05csl3KQ5m5KfKutDf5G7aRqE6pvSBt2og":{"chainKey":{"counter":2},"chainType":2,"messageKeys":{"0":"yJksySMJAgdYB9OFEUU7S0x09tvZf8zzbXM9vSAXc2A=","1":"A3aKvwsYptd8nXrML8pQaPbW6307mJzWGe3DJsrXTdc="}},"BUQwbB2KIhAhKoRR/Om0LFRkZgVWrerWchtYQm7QDRsi":{"chainKey":{"counter":0},"chainType":2,"messageKeys":{}},"BeeYNKCxqJq6x8kseR0NuOS5VeQ0evfUQiOWlEIJWkxq":{"chainKey":{"counter":1},"chainType":2,"messageKeys":{}},"BQZJN44/M+xTVDeWLxrEDEEbF6zqx9pnYeqKl2ivLvlh":{"chainKey":{"counter":1},"chainType":2,"messageKeys":{"0":"SjD54NwD7Ra54puAUiAUDCV5y1Ed1P2dS/QZ8f954G8="}},"BeNB5btu/pgaR4aLZim6wUj54lDusH3N7QEF1KIt4adE":{"chainKey":{"counter":0},"chainType":2,"messageKeys":{}},"BVUOYZwMzWhbvz3DE8gdf+NLvQD/jbtA7KkeePbcvoNN":{"chainKey":{"counter":0},"chainType":2,"messageKeys":{}},"BV7u/iFWSEz5VY2jv9630oeW1xcgpzNYT8zP9OgEFGIl":{"chainKey":{"counter":0},"chainType":2,"messageKeys":{}},"BcCXQhCoyXaDkNUEPjstcCGkhJYj9CdX5ZsZ7bYtsytm":{"chainKey":{"counter":2},"chainType":2,"messageKeys":{"2":"2c4SYo/vbVV3wHrnJcMlR9pW1As9HslQHo7G5OVj5ok="}},"BTgY32q8B5xbzXWgeMtgRwPbvkhzfVYRmyOFRK9o0h1K":{"chainKey":{"counter":1},"chainType":2,"messageKeys":{"1":"4+8wj1Jw+YuJOqRqsokf9TuGcMH1fKD0kXr4qMs0vyA="}},"BTJpirr+Qu9Mp8dkVXMnctp4zeH9zMljoUe21kpF1pd1":{"chainKey":{"counter":3},"chainType":2,"messageKeys":{"0":"EZApV/O7r9NGqbJUBQVOII8FBXe2rOxYpROSOlZlntw=","1":"aNQ+QbEZDWW8Bac7wGIEXso98UE2IL2GPtsjt6jOmM4=","2":"quTXLMRw4R2I89flb2m0n1Gt1F2mM2/E7znjWd1S35c="}},"BeJVCPPwpUxWvKgrpuZvdciyyrqhs4YtJPfmyEUIZ3MS":{"chainKey":{"counter":1},"chainType":2,"messageKeys":{"0":"/JRfGaz1ZbwwgBcknlRQcDd5m4RISzao0eb/wf5GMcY="}},"BXllEQlyrmxS+RcizE4yVD+7aVP2kfafCk5FUzT81lBm":{"chainKey":{"counter":1},"chainType":2,"messageKeys":{"0":"wj2UrWe5ZUwMquk5v4FA1b4QPl2a6yegWp1X0WCozCs="}},"BWigLWPSWJr+9GMFrerSyR/lrBUfMVJlHU3MUNMaRYBz":{"chainKey":{"counter":0},"chainType":2,"messageKeys":{}},"BbEmN5VsNrKNBEvhk5By8WpvetFEu5hOQZRygW24uYM+":{"chainKey":{"counter":0},"chainType":2,"messageKeys":{}},"BaOC78743p97/uuf6fuUEP3OQxsL2EIS2DB9pbRR/Gok":{"chainKey":{"counter":0},"chainType":2,"messageKeys":{}},"BRFfvCFuanXGRwU25JBbVv+/4CNEheeEXKfWXq624zdZ":{"chainKey":{"counter":1},"chainType":2,"messageKeys":{}},"BUT8HiVXoAH0H15KZnINGe0Cz2QyFFEaJt3rOUpNb2ID":{"chainKey":{"counter":1},"chainType":2,"messageKeys":{}},"BfafqXzFLWWd/4heG0gBA1tyFIDCtbvHC3H2E8zmC89c":{"chainKey":{"counter":0},"chainType":2,"messageKeys":{}},"Bba+Orbu2YWc8LzhZpb+pDFZRen7yg6w2LZgQXL/J7xx":{"chainKey":{"counter":0},"chainType":2,"messageKeys":{}},"BZqXAjOWWDx3285st30YGLayXPMLY3Nul6+fIzBqLYNM":{"chainKey":{"counter":1},"chainType":2,"messageKeys":{"0":"bad5DAT9y7qvJ5s8UinNMSFkwKNMHTKXMyt2iha7ZBs="}},"BaoKWS025Ampoa9Q969ZDULgBDXPMRJqW+d3b73mr2Az":{"chainKey":{"counter":0,"key":"/kIxj8aptmCGUUFyzCWcjEF+8nqGu4Q2KfoBc/4q3q0="},"chainType":2,"messageKeys":{}},"BTR10eOb0Ed9Kxvj8vtLmzzFFjEJbqHgNli3Noc20u9Q":{"chainKey":{"counter":-1,"key":"z5jS/b4Ks0Me4PRDH7go8VpmQJK3A/VPJjqgkBfqzqE="},"chainType":1,"messageKeys":{}}}}},"version":"v1"}