{"_sessions":{"BUAZ0tNHsjoB3WCQdgSLwG1SkON/i1dS4qR0rE8pFmxt":{"registrationId":857346413,"currentRatchet":{"ephemeralKeyPair":{"pubKey":"Bcr3OrnsbM4UU6Untkvd82SZJTbx+PXxiBKmxxsU8N0+","privKey":"kJzzuXfgdzbuRGqAErIT+vmJwCZkAm9ePO5wYcn+sFo="},"lastRemoteEphemeralKey":"BQbgvIKm1OUd5wQlVXsnX9p/2OaIv+INXLvWxFGLfZ1v","previousCounter":6,"rootKey":"ZYOBsy/Hg72EavGwtDnrE0Bpz6vFIzBrUj13/GdYEss="},"indexInfo":{"baseKey":"BUAZ0tNHsjoB3WCQdgSLwG1SkON/i1dS4qR0rE8pFmxt","baseKeyType":1,"closed":-1,"used":1762828515236,"created":1762657597984,"remoteIdentityKey":"BW865pUaQwoEtvAvx9pbX9lw4wpBWI8mrvdLdEqtkIwF"},"_chains":{"BVQw4pM0THkX+lVmMVdY8OpqmO3xjmj9PclHK5++ewdP":{"chainKey":{"counter":0},"chainType":2,"messageKeys":{}},"BQbgvIKm1OUd5wQlVXsnX9p/2OaIv+INXLvWxFGLfZ1v":{"chainKey":{"counter":0,"key":"/A1x3dXNtaQGiPkFHs0EbIqu+p8prB3Kw39Lha5ueNk="},"chainType":2,"messageKeys":{}},"Bcr3OrnsbM4UU6Untkvd82SZJTbx+PXxiBKmxxsU8N0+":{"chainKey":{"counter":10,"key":"8IqG0Yn0Wp1KS0ZOr1nPrg9J2NZv7tpEosZvkwvxcLA="},"chainType":1,"messageKeys":{}}}}},"version":"v1"}