{"_sessions":{"BfvecBTKJdDiddMnVjOi/MMYioXPI1QMBXe1GEWhwjoc":{"registrationId":1429452794,"currentRatchet":{"ephemeralKeyPair":{"pubKey":"BXb9mXJsP8anTmN5l9E2DQ2CQAg2BmmGKENT8dVAccEL","privKey":"gOIvCOHKpvXynVvDj8MEm9O+COTc5Kq10zrfCbyMbXc="},"lastRemoteEphemeralKey":"BXJo1mVhsMfT3PUelQkUERQ4cMhVN7oEBkxrKhQgSvFq","previousCounter":0,"rootKey":"af5EhK8SRXGky5WkutD/VN/Y4KhBM+mraeq1NVmObtk="},"indexInfo":{"baseKey":"BfvecBTKJdDiddMnVjOi/MMYioXPI1QMBXe1GEWhwjoc","baseKeyType":2,"closed":-1,"used":1762669376083,"created":1762669376083,"remoteIdentityKey":"Bfq0KlFfu+wQKlC+yr1tmthc3E+KraKfXXT5A9AZyZ0F"},"_chains":{"BXJo1mVhsMfT3PUelQkUERQ4cMhVN7oEBkxrKhQgSvFq":{"chainKey":{"counter":1,"key":"eIc/WqdoqENavOKWTTzKYgTuOmAkxH8u8xsoC7fvzjg="},"chainType":2,"messageKeys":{}},"BXb9mXJsP8anTmN5l9E2DQ2CQAg2BmmGKENT8dVAccEL":{"chainKey":{"counter":-1,"key":"D7dvvO41S9vwiVSj2rXCXZmz4uX8p7PtjYqtNLIfHqo="},"chainType":1,"messageKeys":{}}}}},"version":"v1"}