{"_sessions":{"BYF+XnHl53haR/WCOdux+abqPt9Wk5Ko1mQ2O/rro3pw":{"registrationId":1745699057,"currentRatchet":{"ephemeralKeyPair":{"pubKey":"BajHub+fKvQ4T6GCMT51rpWsIHtGheB0xnRc5lbcmLNF","privKey":"QJTiBO35FwMJ7le1o+uH8uIN88rY5rVG78+YlXMDfnI="},"lastRemoteEphemeralKey":"Bd4pDNElnXTIfyz5fbM5O5/kjwo+BTQxbet/6To2SBkD","previousCounter":0,"rootKey":"nkgRfLsoK5dP+TEgytC4qepYshn+WqsM18vSQh0wDjI="},"indexInfo":{"baseKey":"BYF+XnHl53haR/WCOdux+abqPt9Wk5Ko1mQ2O/rro3pw","baseKeyType":1,"closed":-1,"used":1762657597573,"created":1762657597573,"remoteIdentityKey":"BeF3mio8hrnfnPaTSRJRUfKOjwfpTNuDtsZwkxddup5g"},"_chains":{"BajHub+fKvQ4T6GCMT51rpWsIHtGheB0xnRc5lbcmLNF":{"chainKey":{"counter":19,"key":"fmf523LZ85rdMKpCsZs4cNBsHePTfIklirTbrWzWKfY="},"chainType":1,"messageKeys":{}}},"pendingPreKey":{"signedKeyId":16,"baseKey":"BYF+XnHl53haR/WCOdux+abqPt9Wk5Ko1mQ2O/rro3pw","preKeyId":10906284}}},"version":"v1"}