{"_sessions":{"BcJrpEm98zoF0vQl3/F+JM8Wg7DvQNST420SHREPiPE0":{"registrationId":1472332471,"currentRatchet":{"ephemeralKeyPair":{"pubKey":"BaP6pPNAhGyVpZEvMOQvts6p2CV04Bz7Yx3zka3p+kY0","privKey":"+C+8Iuj0BKjdrKdespd/hpD+9u8rnaRVGtgIFMqcaF4="},"lastRemoteEphemeralKey":"BUPLRxVFblgyDQSI4O1E2ks1IIcb0MLMWfcJs99XMjRP","previousCounter":5,"rootKey":"G7V8LjwK3e8Bd6SqgPJHnUxGWdKhLkwjLpOCCV0P6l0="},"indexInfo":{"baseKey":"BcJrpEm98zoF0vQl3/F+JM8Wg7DvQNST420SHREPiPE0","baseKeyType":1,"closed":-1,"used":1762786535506,"created":1762657598183,"remoteIdentityKey":"BdNin70Eg0aH0TPMsyPh7O8JyFtpJ/FXdGOJkenQvmQE"},"_chains":{"BS0I6RK/nfVyVKVDIehcsEFBrq01F1anrGAKob0cnn1P":{"chainKey":{"counter":0},"chainType":2,"messageKeys":{}},"BUPLRxVFblgyDQSI4O1E2ks1IIcb0MLMWfcJs99XMjRP":{"chainKey":{"counter":0,"key":"IrSUpoUk2WYSEs0C5M98e+fO1XJ0qMjmlJ0FHVg+4OY="},"chainType":2,"messageKeys":{}},"BaP6pPNAhGyVpZEvMOQvts6p2CV04Bz7Yx3zka3p+kY0":{"chainKey":{"counter":12,"key":"PXAEbeIfPXkXN2g7CPSoPL6hXje2K9giTnw0h6FoJNA="},"chainType":1,"messageKeys":{}}}}},"version":"v1"}