{"_sessions":{"BUc6pFV19USQFElOGrB1qXCPIjm5rO9Y7Nucl01ymzcH":{"registrationId":408097398,"currentRatchet":{"ephemeralKeyPair":{"pubKey":"BXn1duNLEkWztCTaktkliKdBlPYAng6ppJNkpr8NHvYP","privKey":"+OcE2oEniwJFSwZ1nVXPMLIN/ItUqkkWFQ7QI2rj+3k="},"lastRemoteEphemeralKey":"BSbM7r05TIRABLQ0CV8+B5I9mN720pxAOEaBisTVkitq","previousCounter":0,"rootKey":"YATsAlw8hKorfpsa/oCX7zQ9VzCjmMgLXmKTm3feYRU="},"indexInfo":{"baseKey":"BUc6pFV19USQFElOGrB1qXCPIjm5rO9Y7Nucl01ymzcH","baseKeyType":2,"closed":1762824173568,"used":1762604639596,"created":1762604639596,"remoteIdentityKey":"BThnmgEJSn1Q8PXyYk+IaTRSERYhwPUb5VdJYGGH5tgL"},"_chains":{"BSbM7r05TIRABLQ0CV8+B5I9mN720pxAOEaBisTVkitq":{"chainKey":{"counter":0,"key":"npKqKesAGvLrSM6znsFsVZyriqD6emm0V5O29zu3agA="},"chainType":2,"messageKeys":{}},"BXn1duNLEkWztCTaktkliKdBlPYAng6ppJNkpr8NHvYP":{"chainKey":{"counter":0,"key":"p8UDa1x61H9zchaHoLQ0etb1/pm73BmAg4xbC7oo5r4="},"chainType":1,"messageKeys":{}}}},"BRROQ8k28wa6L7abYj4j319AkiDSPEmNo3kYrbxmDi1z":{"registrationId":408097398,"currentRatchet":{"ephemeralKeyPair":{"pubKey":"BTi3irZJ3yrfzDSYvBVJAUY/MzRfML3jo1SAXszH2Nc8","privKey":"CDerHQBnlCSo+veVKuIt35v2xpKast5mJQrmMosKYn8="},"lastRemoteEphemeralKey":"BYdF9hIHnSZstsUw0FAJibDCuXkxx3O2PdwXGknD35p0","previousCounter":0,"rootKey":"RBdf4eH9bpGLGR6BHjS8vE4RfEa/hC9iTygFVOWBMPY="},"indexInfo":{"baseKey":"BRROQ8k28wa6L7abYj4j319AkiDSPEmNo3kYrbxmDi1z","baseKeyType":2,"closed":-1,"used":1762824173574,"created":1762824173574,"remoteIdentityKey":"BThnmgEJSn1Q8PXyYk+IaTRSERYhwPUb5VdJYGGH5tgL"},"_chains":{"BYdF9hIHnSZstsUw0FAJibDCuXkxx3O2PdwXGknD35p0":{"chainKey":{"counter":0,"key":"avGhdvXFvA4T5qmDMp3oxOopQeTdPDuVrFEqEpLo1kY="},"chainType":2,"messageKeys":{}},"BTi3irZJ3yrfzDSYvBVJAUY/MzRfML3jo1SAXszH2Nc8":{"chainKey":{"counter":-1,"key":"85VPncOZK2I7cXUiqZQ9dPzV8MGFGXVmylrtzItLKIA="},"chainType":1,"messageKeys":{}}}}},"version":"v1"}