[
  {
    "time": 1768231435186,
    "added": [
      "test-disk.js"
    ],
    "modified": [],
    "deleted": []
  },
  {
    "time": 1768231730753,
    "added": [],
    "modified": [],
    "deleted": [
      "search-google.js"
    ]
  },
  {
    "time": 1768431264155,
    "added": [
      "_leveling.js"
    ],
    "modified": [],
    "deleted": []
  },
  {
    "time": 1768435596952,
    "added": [],
    "modified": [],
    "deleted": [
      "search-google.js"
    ]
  },
  {
    "time": 1768439182059,
    "added": [
      "owner-listgc.js"
    ],
    "modified": [],
    "deleted": []
  },
  {
    "time": 1768439306081,
    "added": [],
    "modified": [
      "owner-listgc.js"
    ],
    "deleted": []
  },
  {
    "time": 1768443313056,
    "added": [],
    "modified": [
      "owner-listgc.js"
    ],
    "deleted": []
  },
  {
    "time": 1768444071252,
    "added": [
      "owner-leavegc.js"
    ],
    "modified": [],
    "deleted": []
  },
  {
    "time": 1768462165695,
    "added": [
      "_test.js"
    ],
    "modified": [],
    "deleted": []
  },
  {
    "time": 1768462346097,
    "added": [],
    "modified": [
      "_test.js"
    ],
    "deleted": []
  },
  {
    "time": 1768474009878,
    "added": [
      "info-puasa.js"
    ],
    "modified": [],
    "deleted": []
  },
  {
    "time": 1768474029052,
    "added": [
      "info-lebaran.js"
    ],
    "modified": [],
    "deleted": []
  },
  {
    "time": 1768480481852,
    "added": [],
    "modified": [
      "downloader-ig.js"
    ],
    "deleted": []
  },
  {
    "time": 1768480754013,
    "added": [],
    "modified": [
      "downloader-ig.js"
    ],
    "deleted": []
  },
  {
    "time": 1768480929395,
    "added": [],
    "modified": [
      "downloader-ig.js"
    ],
    "deleted": []
  },
  {
    "time": 1768481294125,
    "added": [],
    "modified": [
      "downloader-ig.js"
    ],
    "deleted": []
  },
  {
    "time": 1768481840755,
    "added": [],
    "modified": [
      "downloader-ig.js"
    ],
    "deleted": []
  },
  {
    "time": 1768481932355,
    "added": [],
    "modified": [
      "downloader-ig.js"
    ],
    "deleted": []
  },
  {
    "time": 1768482036258,
    "added": [],
    "modified": [
      "downloader-ig.js"
    ],
    "deleted": []
  },
  {
    "time": 1768482200877,
    "added": [],
    "modified": [
      "downloader-ig.js"
    ],
    "deleted": []
  },
  {
    "time": 1768482265213,
    "added": [],
    "modified": [
      "downloader-ig.js"
    ],
    "deleted": []
  },
  {
    "time": 1768482450237,
    "added": [],
    "modified": [
      "downloader-ig.js"
    ],
    "deleted": []
  },
  {
    "time": 1768482596865,
    "added": [],
    "modified": [
      "downloader-ig.js"
    ],
    "deleted": []
  },
  {
    "time": 1768483338583,
    "added": [],
    "modified": [
      "downloader-play.js"
    ],
    "deleted": []
  },
  {
    "time": 1768483587870,
    "added": [],
    "modified": [
      "downloader-ytv.js"
    ],
    "deleted": []
  },
  {
    "time": 1768521429108,
    "added": [],
    "modified": [
      "downloader-ytv.js"
    ],
    "deleted": []
  },
  {
    "time": 1768521590804,
    "added": [],
    "modified": [
      "downloader-ytv.js"
    ],
    "deleted": []
  },
  {
    "time": 1768522204862,
    "added": [],
    "modified": [
      "downloader-play.js"
    ],
    "deleted": []
  },
  {
    "time": 1768522555308,
    "added": [],
    "modified": [
      "downloader-play.js"
    ],
    "deleted": []
  },
  {
    "time": 1768522828055,
    "added": [],
    "modified": [
      "downloader-play.js"
    ],
    "deleted": []
  },
  {
    "time": 1768522980659,
    "added": [],
    "modified": [
      "downloader-play.js"
    ],
    "deleted": []
  },
  {
    "time": 1768523146714,
    "added": [],
    "modified": [
      "downloader-play.js"
    ],
    "deleted": []
  },
  {
    "time": 1768523277560,
    "added": [],
    "modified": [
      "downloader-play.js"
    ],
    "deleted": []
  }
]