{
  "6285758645229@s.whatsapp.net": {
    "equipped": "kain_perca",
    "inventory": [
      "kain_perca"
    ],
    "level": 1,
    "wins": 1,
    "loses": 0
  },
  "6283846016963@s.whatsapp.net": {
    "equipped": "kain_perca",
    "inventory": [
      "kain_perca"
    ],
    "level": 1,
    "wins": 0,
    "loses": 1
  },
  "62895416014171@s.whatsapp.net": {
    "equipped": "kain_perca",
    "inventory": [
      "kain_perca"
    ],
    "level": 1,
    "wins": 0,
    "loses": 0
  },
  "6283135452495@s.whatsapp.net": {
    "equipped": "kain_perca",
    "inventory": [
      "kain_perca"
    ],
    "level": 1,
    "wins": 0,
    "loses": 0
  },
  "6282338496035@s.whatsapp.net": {
    "equipped": "ketjubung",
    "inventory": [
      "kain_perca",
      "ketjubung"
    ],
    "level": 18,
    "wins": 0,
    "loses": 0
  },
  "6285641307528@s.whatsapp.net": {
    "equipped": "kain_perca",
    "inventory": [
      "kain_perca"
    ],
    "level": 1,
    "wins": 0,
    "loses": 0
  }
}