{"noiseKey":{"private":{"type":"Buffer","data":"yPYAYw+t3HXGI0i7ytlNZqNMNevWprJDHze6SHALs2g="},"public":{"type":"Buffer","data":"1lEfy2h2iOQbjeCLej0EdMd8zemGHe+K1cPcOwAj8S4="}},"pairingEphemeralKeyPair":{"private":{"type":"Buffer","data":"UAB6d43dPnsZp79o7DCM+gB2AZzlwO2UOfz0DD7IVHo="},"public":{"type":"Buffer","data":"cXuVn/Vtr2aR6eHkZOrLCprfQvfYoNRVxmJZOKUzolI="}},"signedIdentityKey":{"private":{"type":"Buffer","data":"WFLLmOsLI2dTEQ68oEP1QBFM6/lsNXUwENuGfY4kKUI="},"public":{"type":"Buffer","data":"Soxj3ICzGi4B+UE9I10Xd+lx6es140jVxlI0KqIdE0M="}},"signedPreKey":{"keyPair":{"private":{"type":"Buffer","data":"CE8T5d+qbwTNUIfzK+sRe7zl9iFF0V3IrGmsrgNvhWc="},"public":{"type":"Buffer","data":"r5LBHBmQWtmsPF/Yp5AOWmc3SN4NZllVIMCDzbOot1M="}},"signature":{"type":"Buffer","data":"rVAQL0wRrcTk5OPl/4ro8yXqSyNbwyZUBL4Uy+AwibMyI1IcDrdeE2XeN70UCujodOHSMWQ44jcSmPt73vXMDg=="},"keyId":1},"registrationId":209,"advSecretKey":"1Bse+5BWXoP+LTTR8CYa2a7LztTb2FYyDrvO6yipAvA=","processedHistoryMessages":[],"nextPreKeyId":814,"firstUnuploadedPreKeyId":814,"accountSyncCounter":0,"accountSettings":{"unarchiveChats":false},"registered":true,"pairingCode":"16WYS852","me":{"id":"62857586452296:77@s.whatsapp.net","name":"Haruka","lid":"209212621734050:77@lid"},"account":{"details":"CMW8tfEHENGLt8wGGAMgACgA","accountSignatureKey":"s/rbVSWbR1WLFcYK3qlriT11/cjSQVatrLzidBHzZBc=","accountSignature":"Bc2F1d3zdGWobiM2NgnBZ90IJEAXYa+EKJBTaxxSnFWF+Rzo3Yf8NVRwlxStSGViWVMvKx13af/ZrpY8Oi0UAg==","deviceSignature":"Um5eCIyEbkkK4+CxH6GMteUTP47nyjWed+Lkhg58hbgxQURtZMs4RcqQXdNb4rpdSp3ykdZyfBv2+I/UGN1uAQ=="},"signalIdentities":[{"identifier":{"name":"209212621734050:77@lid","deviceId":0},"identifierKey":{"type":"Buffer","data":"BbP621Ulm0dVixXGCt6pa4k9df3I0kFWray84nQR82QX"}}],"platform":"smba","routingInfo":{"type":"Buffer","data":"CAgIAggS"},"lastAccountSyncTimestamp":1770902978,"lastPropHash":"1K4hH4","myAppStateKeyId":"AAAAAOug"}