{"noiseKey":{"private":{"type":"Buffer","data":"qDB1Tay6BOtloUEkIAE/KpKVbZ8IwuSb2n7/mxQrgEU="},"public":{"type":"Buffer","data":"eAR67/KDNPx6YpzoNMNbg6iFHda7/nz5EU3edLdRnTs="}},"pairingEphemeralKeyPair":{"private":{"type":"Buffer","data":"8C4vkcJG2nfc08IcpCxy9mYKbfbW5ghTyrEaoltpxG8="},"public":{"type":"Buffer","data":"WwfDSXWJMNaIPQHpyqLrsqiCQh7uQTOxoVcU4cZAoCA="}},"signedIdentityKey":{"private":{"type":"Buffer","data":"iC0kK6v9j6mMCaFVgO73A5bgcUpf7mbZey4pq5DlRk8="},"public":{"type":"Buffer","data":"/IC+Zjzv2QY/3k6UKbWy8DNrWLpLss8da2/WXVI+8gw="}},"signedPreKey":{"keyPair":{"private":{"type":"Buffer","data":"+Oa0e0BBv3YW5lbSeDwBNSNAGYjLmYA3ISe2AyDM3VI="},"public":{"type":"Buffer","data":"QYOeeVb/Mc/UDmKskd6Lo/x6CdyBNHm6IHJKwA3n6Q8="}},"signature":{"type":"Buffer","data":"SC39rxEKOu3G4SLh/B0BIT4p/vSOR7dnHdfZ0Vhnd8GecJ9o4bzogOvMnSy4KOGfFM5YrP0du3q9ruFFv5VIig=="},"keyId":1},"registrationId":156,"advSecretKey":"ev5TLcBROu4OMpKxl9Xc6gWIhvkr4daX/faUWHF1DaQ=","processedHistoryMessages":[],"nextPreKeyId":823,"firstUnuploadedPreKeyId":823,"accountSyncCounter":0,"accountSettings":{"unarchiveChats":false},"registered":true,"pairingCode":"6LVJDA2W","me":{"id":"62857586452296:75@s.whatsapp.net","name":"Haruka","lid":"209212621734050:75@lid"},"account":{"details":"CMW8tfEHENagzssGGAEgACgA","accountSignatureKey":"s/rbVSWbR1WLFcYK3qlriT11/cjSQVatrLzidBHzZBc=","accountSignature":"yxfVpLliyVNgzdZ+/T4Tb1yPxRPRF6gp/1WuRqu2l+jZoGdBb3JxvwvfWjJwoZWydbVeD/mKVoBhc/o6O/S+CQ==","deviceSignature":"so1S2x/xQPIx1NRGO1ax+rZpaBrdeDZNKXJH4RrOMG8S+BFI5ccIXLYnUzRU/4jdHzoTr5FQNXfXVOEHz8IGhQ=="},"signalIdentities":[{"identifier":{"name":"209212621734050:75@lid","deviceId":0},"identifierKey":{"type":"Buffer","data":"BbP621Ulm0dVixXGCt6pa4k9df3I0kFWray84nQR82QX"}}],"platform":"smba","routingInfo":{"type":"Buffer","data":"CAgIAggS"},"lastAccountSyncTimestamp":1769189350,"lastPropHash":"1K4hH4","myAppStateKeyId":"AAAAAOug"}