{
  "gachaCodes": {
    "CODE_RARE_7D": {
      "days": 7,
      "probability": 0.005,
      "message": "🎉 Selamat! Anda memenangkan Premium 7 Hari! Jangan sampai terlewatkan!"
    },
    "CODE_UNCOMMON_3D": {
      "days": 3,
      "probability": 0.02,
      "message": "✨ Beruntung! Anda mendapatkan Premium 3 Hari!"
    },
    "CODE_COMMON_1D": {
      "days": 1,
      "probability": 0.05,
      "message": "🌟 Hore! Anda berhasil meraih Premium 1 Hari!"
    },
    "CODE_CONSOLATION": {
      "days": 0,
      "probability": 0.925,
      "message": "😔 Maaf, Anda belum beruntung. Coba lagi besok!"
    }
  },
  "userLog": {
    "6283846016963@s.whatsapp.net": {
      "lastClaim": 1766815781251
    },
    "6288983891916@s.whatsapp.net": {
      "lastClaim": 1765370652998
    },
    "62895416014171@s.whatsapp.net": {
      "lastClaim": 1767578913870
    },
    "6285758645229@s.whatsapp.net": {
      "lastClaim": 1767267788157
    },
    "6285849318900@s.whatsapp.net": {
      "lastClaim": 1765371682195
    },
    "16969751343207@lid": {
      "lastClaim": 1766039087707
    },
    "6285946522757@s.whatsapp.net": {
      "lastClaim": 1765265329563
    },
    "6285825108309@s.whatsapp.net": {
      "lastClaim": 1765249018946
    },
    "6285349442318@s.whatsapp.net": {
      "lastClaim": 1764684097912
    },
    "6285891627347@s.whatsapp.net": {
      "lastClaim": 1764941465672
    },
    "6288274383087@s.whatsapp.net": {
      "lastClaim": 1764762272917
    },
    "120363422463221883@newsletter": {
      "lastClaim": 1764895123868
    },
    "6285934745489@s.whatsapp.net": {
      "lastClaim": 1764941821924
    },
    "6285656241896@s.whatsapp.net": {
      "lastClaim": 1765370659157
    },
    "6285710678415@s.whatsapp.net": {
      "lastClaim": 1765244663332
    },
    "70158324371563@lid": {
      "lastClaim": 1769871424876
    },
    "163243368653016@lid": {
      "lastClaim": 1769683672817
    },
    "58708226740353@lid": {
      "lastClaim": 1768433084974
    },
    "250620149788711@lid": {
      "lastClaim": 1769760108963
    },
    "218859319644373@lid": {
      "lastClaim": 1769725752232
    },
    "169586884386858@lid": {
      "lastClaim": 1769725683968
    },
    "262427367219215@lid": {
      "lastClaim": 1768498022799
    },
    "271502599557357@lid": {
      "lastClaim": 1769725775855
    },
    "225331231367423@lid": {
      "lastClaim": 1769757713152
    },
    "72460997271720@lid": {
      "lastClaim": 1769424264953
    },
    "52016718028921@lid": {
      "lastClaim": 1769760518014
    },
    "1576706015318@lid": {
      "lastClaim": 1768030267516
    },
    "161349422289077@lid": {
      "lastClaim": 1769586624173
    },
    "54194534895770@lid": {
      "lastClaim": 1769440475594
    },
    "161581518319705@lid": {
      "lastClaim": 1768747854309
    },
    "170845863473172@lid": {
      "lastClaim": 1769403735934
    },
    "245156884291590@lid": {
      "lastClaim": 1769760089351
    }
  }
}