[
  {
    "time": 1769356542634,
    "added": [],
    "modified": [
      "_leveling.js"
    ],
    "deleted": []
  },
  {
    "time": 1769356650054,
    "added": [
      "user-ceksaldo.js"
    ],
    "modified": [],
    "deleted": []
  },
  {
    "time": 1769357903949,
    "added": [
      "rpg-bank.js"
    ],
    "modified": [],
    "deleted": []
  },
  {
    "time": 1769358387526,
    "added": [],
    "modified": [
      "sticker-brat.js"
    ],
    "deleted": []
  },
  {
    "time": 1769944078155,
    "added": [],
    "modified": [
      "user-reminder.js"
    ],
    "deleted": []
  },
  {
    "time": 1769944147337,
    "added": [],
    "modified": [
      "user-reminder.js"
    ],
    "deleted": []
  }
]