{
  "6283846016963@s.whatsapp.net": {
    "waifus": [
      {
        "id": "9db7099c",
        "name": "Anna yanami",
        "url": "https://files.catbox.moe/jd6t6j.jpg",
        "dateMarried": "2025-11-10",
        "affection": 100,
        "status": "Married",
        "childrenCount": 0,
        "lastInteraction": 1762815987784,
        "isPregnant": true,
        "dueDate": 1762865416977,
        "lastLightInteraction": 1762817045585,
        "lastKiss": 1762842377873,
        "lastHug": 1762854597382,
        "lastPatpat": 1762854591186,
        "lastHeavyInteraction": 1762854616576,
        "lastNaughtyInteraction": 1762843743383,
        "marriageCertificateUrl": "https://files.catbox.moe/zmu3hy.png"
      },
      {
        "id": "45ca8aef",
        "name": "ellen joe",
        "url": "https://files.catbox.moe/c3dwme.jpg",
        "dateMarried": "2025-11-10",
        "affection": 100,
        "status": "Married",
        "childrenCount": 1,
        "lastKiss": 1762818112091,
        "lastHug": 1762831311783,
        "lastPatpat": 1762831323088,
        "lastNaughtyInteraction": 1762831403681,
        "lastHeavyInteraction": 1762855094776,
        "isPregnant": false,
        "dueDate": null,
        "marriageCertificateUrl": "https://files.catbox.moe/vnnb3t.png"
      },
      {
        "id": "f0a8dc52",
        "name": "lady nagant",
        "url": "https://files.catbox.moe/3wx19y.jpg",
        "dateMarried": "2025-11-11",
        "affection": 98,
        "status": "Married",
        "childrenCount": 1,
        "lastKiss": 1762820533680,
        "lastHug": 0,
        "lastPatpat": 1762843535381,
        "lastNaughtyInteraction": 1762844866590,
        "lastHeavyInteraction": 1762844878675,
        "isPregnant": false,
        "dueDate": null,
        "marriageCertificateUrl": "https://files.catbox.moe/eiyscz.png"
      },
      {
        "id": "18b77bf5",
        "name": "biji meledak",
        "url": "https://files.catbox.moe/2dy2az.jpg",
        "dateMarried": "2025-11-11",
        "affection": 65,
        "status": "Married",
        "childrenCount": 0,
        "lastKiss": 0,
        "lastHug": 0,
        "lastPatpat": 1762845798277,
        "lastNaughtyInteraction": 0,
        "lastHeavyInteraction": 1762846940084,
        "isPregnant": false,
        "dueDate": null,
        "marriageCertificateUrl": "https://files.catbox.moe/9jpw1d.png"
      }
    ],
    "children": [
      {
        "name": "Anak リザル ke-1",
        "gender": "Laki-laki",
        "age": 0,
        "mother": "lady nagant",
        "birthDate": "2025-11-11"
      },
      {
        "name": "Anak リザル ke-2",
        "gender": "Perempuan",
        "age": 0,
        "mother": "ellen joe",
        "birthDate": "2025-11-11"
      }
    ]
  },
  "14452665643135@lid": {
    "lastSeen": "2025-11-11T11:14:14.980Z"
  },
  "120363400588460390@g.us": {
    "lastSeen": "2025-11-11T06:37:39.385Z"
  },
  "6285710678415@s.whatsapp.net": {
    "waifus": [
      {
        "id": "b0b7e56a",
        "name": "shiro",
        "url": "https://files.catbox.moe/h703sd.jpg",
        "dateMarried": "2025-11-10",
        "affection": 100,
        "status": "Married",
        "childrenCount": 0,
        "lastKiss": 1762824816884,
        "lastHug": 1762847007780,
        "lastPatpat": 1762847032683,
        "lastNaughtyInteraction": 1762846708084,
        "lastHeavyInteraction": 1762846728584,
        "isPregnant": false,
        "dueDate": null,
        "marriageCertificateUrl": "https://files.catbox.moe/qw5rmy.png"
      },
      {
        "id": "33d822d4",
        "name": "truunny",
        "url": "https://files.catbox.moe/m2h3f7.jpg",
        "dateMarried": "2025-11-11",
        "affection": 96,
        "status": "Married",
        "childrenCount": 1,
        "lastKiss": 0,
        "lastHug": 1762847013288,
        "lastPatpat": 1762847038373,
        "lastNaughtyInteraction": 1762846836481,
        "lastHeavyInteraction": 1762846854683,
        "isPregnant": false,
        "dueDate": null,
        "marriageCertificateUrl": "https://files.catbox.moe/a9cilq.png"
      },
      {
        "id": "42019b01",
        "name": "stay gold",
        "url": "https://files.catbox.moe/a79xmj.jpg",
        "dateMarried": "2025-11-11",
        "affection": 81,
        "status": "Married",
        "childrenCount": 0,
        "lastKiss": 1762827393072,
        "lastHug": 1762847019085,
        "lastPatpat": 1762847042974,
        "lastNaughtyInteraction": 1762846885673,
        "lastHeavyInteraction": 1762827673472,
        "isPregnant": false,
        "dueDate": null,
        "marriageCertificateUrl": "https://files.catbox.moe/wcikl0.png"
      },
      {
        "id": "0786b0b7",
        "name": "erin",
        "url": "https://files.catbox.moe/nhrn97.jpg",
        "dateMarried": "2025-11-11",
        "affection": 81,
        "status": "Married",
        "childrenCount": 0,
        "lastKiss": 1762827368178,
        "lastHug": 1762847023483,
        "lastPatpat": 1762847051582,
        "lastNaughtyInteraction": 1762846902778,
        "lastHeavyInteraction": 1762846924678,
        "isPregnant": false,
        "dueDate": null,
        "marriageCertificateUrl": "https://files.catbox.moe/cdk7tc.png"
      },
      {
        "id": "3af82e9f",
        "name": "Hikari",
        "url": "https://files.catbox.moe/80nkwt.jpg",
        "dateMarried": "2025-11-11",
        "affection": 63,
        "status": "Married",
        "childrenCount": 0,
        "lastKiss": 0,
        "lastHug": 1762847028178,
        "lastPatpat": 1762847059187,
        "lastNaughtyInteraction": 1762846932786,
        "lastHeavyInteraction": 0,
        "isPregnant": false,
        "dueDate": null,
        "marriageCertificateUrl": "https://files.catbox.moe/8w5r4d.png"
      }
    ],
    "children": [
      {
        "name": "Anak Sayas ke-1",
        "gender": "Laki-laki",
        "age": 0,
        "mother": "truunny",
        "birthDate": "2025-11-11"
      }
    ]
  },
  "6285758645229@s.whatsapp.net": {
    "lastSeen": "2025-11-11T01:10:18.576Z"
  },
  "6285849318900@s.whatsapp.net": {
    "waifus": [
      {
        "id": "4afe7746",
        "name": "ruby rose",
        "url": "https://files.catbox.moe/9sj2fh.jpg",
        "dateMarried": "2025-11-11",
        "affection": 80,
        "status": "Married",
        "childrenCount": 0,
        "lastKiss": 1762833767092,
        "lastHug": 1762842240582,
        "lastPatpat": 1762843194982,
        "lastNaughtyInteraction": 0,
        "lastHeavyInteraction": 0,
        "isPregnant": false,
        "dueDate": null,
        "marriageCertificateUrl": "https://files.catbox.moe/0yjjor.png"
      }
    ],
    "children": []
  },
  "6285659627040@s.whatsapp.net": {
    "waifus": [
      {
        "id": "c3428ee0",
        "name": "tsukasa",
        "url": "https://files.catbox.moe/hrxmt8.jpg",
        "dateMarried": "2025-11-11",
        "affection": 50,
        "status": "Married",
        "childrenCount": 0,
        "lastKiss": 0,
        "lastHug": 0,
        "lastPatpat": 0,
        "lastNaughtyInteraction": 0,
        "lastHeavyInteraction": 0,
        "isPregnant": false,
        "dueDate": null
      }
    ],
    "children": []
  },
  "6288980032873@s.whatsapp.net": {
    "waifus": [
      {
        "id": "02c8b068",
        "name": "hiura",
        "url": "https://files.catbox.moe/vgq8pl.jpg",
        "dateMarried": "2025-11-11",
        "affection": 50,
        "status": "Married",
        "childrenCount": 0,
        "lastKiss": 0,
        "lastHug": 0,
        "lastPatpat": 0,
        "lastNaughtyInteraction": 0,
        "lastHeavyInteraction": 0,
        "isPregnant": false,
        "dueDate": null,
        "marriageCertificateUrl": "https://files.catbox.moe/qv7b0w.png"
      }
    ],
    "children": []
  },
  "6288287251599@s.whatsapp.net": {
    "waifus": [
      {
        "id": "90adc2ed",
        "name": "Clarice",
        "url": "https://files.catbox.moe/l8j6du.jpg",
        "dateMarried": "2025-11-11",
        "affection": 55,
        "status": "Married",
        "childrenCount": 0,
        "lastKiss": 1762845584474,
        "lastHug": 0,
        "lastPatpat": 0,
        "lastNaughtyInteraction": 0,
        "lastHeavyInteraction": 0,
        "isPregnant": false,
        "dueDate": null,
        "marriageCertificateUrl": "https://files.catbox.moe/43oine.png"
      }
    ],
    "children": []
  },
  "6288274383087@s.whatsapp.net": {
    "waifus": [
      {
        "id": "2717dd2f",
        "name": "furina",
        "url": "https://files.catbox.moe/gettiz.jpg",
        "dateMarried": "2025-11-11",
        "affection": 50,
        "status": "Married",
        "childrenCount": 0,
        "lastKiss": 0,
        "lastHug": 0,
        "lastPatpat": 0,
        "lastNaughtyInteraction": 0,
        "lastHeavyInteraction": 0,
        "isPregnant": false,
        "dueDate": null,
        "marriageCertificateUrl": "https://files.catbox.moe/s3rut2.png"
      }
    ],
    "children": []
  },
  "16969751343207@lid": {
    "lastSeen": "2025-11-11T08:17:46.913Z",
    "waifus": [
      {
        "id": "145da68e",
        "name": "ran mouri",
        "url": "https://files.catbox.moe/r9vd26.jpg",
        "dateMarried": "2025-11-11",
        "affection": 78,
        "status": "Married",
        "childrenCount": 0,
        "lastKiss": 1762849992575,
        "lastHug": 1762850005776,
        "lastPatpat": 1762849978181,
        "lastNaughtyInteraction": 1762850379688,
        "lastHeavyInteraction": 1762850402679,
        "isPregnant": false,
        "dueDate": null,
        "marriageCertificateUrl": "https://files.catbox.moe/7kjxv4.png"
      },
      {
        "id": "29868048",
        "name": "kaito kid",
        "url": "https://files.catbox.moe/ebxxi7.jpg",
        "dateMarried": "2025-11-11",
        "affection": 50,
        "status": "Married",
        "childrenCount": 0,
        "lastKiss": 0,
        "lastHug": 0,
        "lastPatpat": 0,
        "lastNaughtyInteraction": 0,
        "lastHeavyInteraction": 0,
        "isPregnant": false,
        "dueDate": null,
        "marriageCertificateUrl": "https://files.catbox.moe/89d29d.png"
      }
    ],
    "children": []
  },
  "241923210096790@lid": {
    "lastSeen": "2025-11-11T08:36:12.707Z"
  },
  "6285946522757@s.whatsapp.net": {
    "waifus": [
      {
        "id": "0676cce1",
        "name": "queen Beatrich",
        "url": "https://files.catbox.moe/favyn9.jpg",
        "dateMarried": "2025-11-11",
        "affection": 75,
        "status": "Married",
        "childrenCount": 0,
        "lastKiss": 1762854865181,
        "lastHug": 1762854786576,
        "lastPatpat": 1762854807078,
        "lastNaughtyInteraction": 0,
        "lastHeavyInteraction": 1762854772975,
        "isPregnant": false,
        "dueDate": null,
        "marriageCertificateUrl": "https://files.catbox.moe/zqz4oo.png"
      },
      {
        "id": "8846648f",
        "name": "Yu Seolha",
        "url": "https://files.catbox.moe/zos7la.jpg",
        "dateMarried": "2025-11-11",
        "affection": 55,
        "status": "Married",
        "childrenCount": 0,
        "lastKiss": 1762855791683,
        "lastHug": 0,
        "lastPatpat": 0,
        "lastNaughtyInteraction": 0,
        "lastHeavyInteraction": 0,
        "isPregnant": false,
        "dueDate": null,
        "marriageCertificateUrl": "https://files.catbox.moe/5ukl0p.png"
      },
      {
        "id": "6dbf7a39",
        "name": "Stella howard",
        "url": "https://files.catbox.moe/fg68q5.jpg",
        "dateMarried": "2025-11-11",
        "affection": 50,
        "status": "Married",
        "childrenCount": 0,
        "lastKiss": 0,
        "lastHug": 0,
        "lastPatpat": 0,
        "lastNaughtyInteraction": 0,
        "lastHeavyInteraction": 0,
        "isPregnant": false,
        "dueDate": null,
        "marriageCertificateUrl": "https://files.catbox.moe/e4d3c6.png"
      }
    ],
    "children": []
  },
  "120363191430700531@g.us": {
    "lastSeen": "2025-11-11T09:53:52.883Z"
  },
  "120363317317538818@g.us": {
    "lastSeen": "2025-11-11T11:16:31.780Z"
  }
}