{"noiseKey":{"private":{"type":"Buffer","data":"YKKnVfv0Ptv8qbFvVxzUxbCWV4VRkHqFhmdvRNu0kE8="},"public":{"type":"Buffer","data":"wyERs7jMWZ8zsaFHexpNnNPZ6q4EwRnpErigpNUrN08="}},"pairingEphemeralKeyPair":{"private":{"type":"Buffer","data":"iCp76OvLvEAb/qw6P2mLzPSllIbpVeoHEAYyqnn0Nks="},"public":{"type":"Buffer","data":"nyhbChkjuWDhMJpon1sEN/Iz3s1FBodAb4w9Rn2R9Sc="}},"signedIdentityKey":{"private":{"type":"Buffer","data":"wMJ/uTtqvS8bUMXYFgfsT8ZRVUtmLkJANQXcd/n4DUQ="},"public":{"type":"Buffer","data":"1pQYK8XIZPpHJdHqTkZBrNaccvXUwSgcjCdpwPFe1EM="}},"signedPreKey":{"keyPair":{"private":{"type":"Buffer","data":"mGHq7651d7BFo9wuVQu6jmlQRSRlR1o3H7xR7I2hyFY="},"public":{"type":"Buffer","data":"5YoZCdi/WTZ11I99HwjSSDHBn1zMY8LiVL+nI9M3xls="}},"signature":{"type":"Buffer","data":"hdY+lTeEli9UvN3D7vahmqxhm02aTWsm8Xn62jhUy+XhK1BnFlw2P+HDx2ec4axn+l0m+jljPLbsFfINp8RCAQ=="},"keyId":1},"registrationId":16,"advSecretKey":"cv2w+BwDfa0Lu+sQWSBSCSM+NaPpeRivVbfb5LkUbJ4=","processedHistoryMessages":[],"nextPreKeyId":814,"firstUnuploadedPreKeyId":814,"accountSyncCounter":0,"accountSettings":{"unarchiveChats":false},"registered":true,"pairingCode":"Y36HZ3YC","me":{"id":"62857586452296:76@s.whatsapp.net","name":"Haruka","lid":"209212621734050:76@lid"},"account":{"details":"CMW8tfEHEIrVp8wGGAIgACgA","accountSignatureKey":"s/rbVSWbR1WLFcYK3qlriT11/cjSQVatrLzidBHzZBc=","accountSignature":"MeQ+SPDOux3jVo7qfcQLy7A9FFd8awmuVsToRSirJfYn42lAH4bygWscds2plEsanXsSo3X/PbA4BIUZR7zcDQ==","deviceSignature":"hwWuri/nHKk9cwcgvdfKdzK7KJWiv0mZw/TotbEBPuawaExEreg2o6FoRGN/zry46o7uKiy072HfhBWLdHIyDw=="},"signalIdentities":[{"identifier":{"name":"209212621734050:76@lid","deviceId":0},"identifierKey":{"type":"Buffer","data":"BbP621Ulm0dVixXGCt6pa4k9df3I0kFWray84nQR82QX"}}],"platform":"smba","routingInfo":{"type":"Buffer","data":"CAgIAggS"},"lastAccountSyncTimestamp":1770671592,"myAppStateKeyId":"AAAAAOug","lastPropHash":"1K4hH4"}