{"noiseKey":{"private":{"type":"Buffer","data":"qDy5ZDSTD59ABXz2yz54NuZnTWPz6Y1atPEOvZqEFWE="},"public":{"type":"Buffer","data":"g1Lt6eLLUbe1yPlp0SnNuzIGGwx4JudbgCbxR4wdMF0="}},"pairingEphemeralKeyPair":{"private":{"type":"Buffer","data":"oBu1OrEI9ztum6uvlb/RC/tkWL806H00AmFXaTPKc3o="},"public":{"type":"Buffer","data":"FsMufe+5O9ZROkav3L98w3ZUNDRv8sC6ulPkfY8/y3w="}},"signedIdentityKey":{"private":{"type":"Buffer","data":"sMWs6WMwb/jhLiNBfF5L/qd0E+fLAP6NXXFwZx08H24="},"public":{"type":"Buffer","data":"oImmx6BJML8OFhonZidKnuP1FvdUypCPG6bp4zJ97hw="}},"signedPreKey":{"keyPair":{"private":{"type":"Buffer","data":"UE8prSfr8Xs1yUJ2fNm5GrYaRsZGZ6SS8YcqMf2diHQ="},"public":{"type":"Buffer","data":"g8XSzeyi4ubgrA3wmnijR6BHscebzYKpTi3bb4qFOmo="}},"signature":{"type":"Buffer","data":"PRgvBJXARIHDy5BKSalmZtCiLWzP2FYr2X2E9BNqjFdbmsmyubKoMAm1on9dWixOXiUzEpFGMu9V/5c8z7FGhQ=="},"keyId":1},"registrationId":159,"advSecretKey":"DjooEShDR7fkhXR+TGqx9268yOISzBb/N+53nhLGbH0=","processedHistoryMessages":[],"nextPreKeyId":219,"firstUnuploadedPreKeyId":219,"accountSyncCounter":0,"accountSettings":{"unarchiveChats":false},"registered":true,"pairingCode":"3HBVWGJR","me":{"id":"62857586452296:69@s.whatsapp.net","name":"Haruka desu!","lid":"209212621734050:69@lid"},"account":{"details":"CPS365QBELzi38kGGAwgACgA","accountSignatureKey":"zoxcmjIkIAtOVb6jrE7a3/qv/Ml5gjhgYtwmfk0RN3g=","accountSignature":"X6fXvxLV9RQdYoeJstPOI0F8FuTnHmv7ZL2WsxXdGp5Ygeh8KtWOyY+cNXsQDeviEWicKm1hezET3q1vrZKtDg==","deviceSignature":"tR82L2qWaM5N7A99zYHZ9SiXwqdYEGyq7u7DjOIVj2kdTcbLxwSrjQ0ejv9lTGNxjgNq7l3ycAk6utggTd7mhQ=="},"signalIdentities":[{"identifier":{"name":"62857586452296:69@s.whatsapp.net","deviceId":0},"identifierKey":{"type":"Buffer","data":"Bc6MXJoyJCALTlW+o6xO2t/6r/zJeYI4YGLcJn5NETd4"}}],"platform":"smba","routingInfo":{"type":"Buffer","data":"CAgIAggS"},"lastAccountSyncTimestamp":1765301392,"lastPropHash":"1K4hH4","myAppStateKeyId":"AAAAAL/3"}