{"noiseKey":{"private":{"type":"Buffer","data":"+AXa1sJVEGj5xeZKKUYjmdw0YJRfHp2KPCZJaDzJJ0A="},"public":{"type":"Buffer","data":"IY3jjOFVxUYlw4/xcFtN9UaqChyKdVo6+nrI22CHIFg="}},"pairingEphemeralKeyPair":{"private":{"type":"Buffer","data":"mP47MxDke03G/qvut3Vs32LK/b7RPuMZsJwSA5k7D2Y="},"public":{"type":"Buffer","data":"BXmzwi+YjRY40oOmh8JY5Q/ko2IvBsSfHjN/bA3qXg8="}},"signedIdentityKey":{"private":{"type":"Buffer","data":"AEul5zQhyg3O2//cHhETsWfhmeFAI29doBMnHA3nsGg="},"public":{"type":"Buffer","data":"KEYWkygdeYLxBJYLQ53pRACCY4TXx5jpzVV30c+y1GE="}},"signedPreKey":{"keyPair":{"private":{"type":"Buffer","data":"aAQrAQ6rcE55wH6X3A8f3dFfyYuL73gCgqzVT5bK730="},"public":{"type":"Buffer","data":"YqHW4EpNmAJlnANfao9RY9e8AM0uTRM3L0hkrJssmng="}},"signature":{"type":"Buffer","data":"E+EFGmdy4qkIRm6b7vxDXpEWwicwscTcX8a7xnwImzExDJ08PDPIi5oumlvTiCMa+Juv1gVFPqtgRtEp3PEaDQ=="},"keyId":1},"registrationId":195,"advSecretKey":"WA95XkjgFuj6OKZgbfYsZ5Qgs0tENwtpIF9KxYm701w=","processedHistoryMessages":[],"nextPreKeyId":871,"firstUnuploadedPreKeyId":871,"accountSyncCounter":0,"accountSettings":{"unarchiveChats":false},"registered":true,"pairingCode":"ADFK6ECP","me":{"id":"62857586452296:73@s.whatsapp.net","name":"haruka desu","lid":"209212621734050:73@lid"},"account":{"details":"CLyDtzkQ3pSUywYYBCAAKAA=","accountSignatureKey":"59ITtXDBGWkLd/azoUTfRCqQM4LwMCAFkRYQK9uW31E=","accountSignature":"++FRW+Q+OkanEADdr6UZxHtnEGmVu16sOfothh0GGPmrVL1fyV6rfpfcTu3dwd1SfvrNZTEFlTtuZ6usA4n3CA==","deviceSignature":"Dm/OqckTXtLwmcx8+tLLlgdyp1oXkBJJw/MvbyjFOuUy4k4dkLKhW1UEIZKCZ8zL8VaQSCeuGpYpMdxQMDB2BA=="},"signalIdentities":[{"identifier":{"name":"209212621734050:73@lid","deviceId":0},"identifierKey":{"type":"Buffer","data":"BefSE7VwwRlpC3f2s6FE30QqkDOC8DAgBZEWECvblt9R"}}],"platform":"smba","routingInfo":{"type":"Buffer","data":"CAgIAggS"},"lastAccountSyncTimestamp":1768240793,"lastPropHash":"1K4hH4","myAppStateKeyId":"AAAAAHJt"}