[
  {
    "time": 1769944078155,
    "added": [],
    "modified": [
      "user-reminder.js"
    ],
    "deleted": []
  },
  {
    "time": 1769944147337,
    "added": [],
    "modified": [
      "user-reminder.js"
    ],
    "deleted": []
  },
  {
    "time": 1770163794849,
    "added": [],
    "modified": [
      "owner-addprem.js"
    ],
    "deleted": []
  },
  {
    "time": 1770164484344,
    "added": [],
    "modified": [
      "owner-addprem.js"
    ],
    "deleted": []
  },
  {
    "time": 1770167353238,
    "added": [],
    "modified": [
      "_metadata.js"
    ],
    "deleted": []
  },
  {
    "time": 1770167951333,
    "added": [],
    "modified": [
      "_metadata.js"
    ],
    "deleted": []
  },
  {
    "time": 1770168191340,
    "added": [],
    "modified": [
      "_metadata.js"
    ],
    "deleted": []
  },
  {
    "time": 1770168542432,
    "added": [],
    "modified": [
      "_metadata.js"
    ],
    "deleted": []
  },
  {
    "time": 1770168684436,
    "added": [],
    "modified": [
      "_metadata.js"
    ],
    "deleted": []
  },
  {
    "time": 1770168846306,
    "added": [],
    "modified": [
      "_metadata.js"
    ],
    "deleted": []
  },
  {
    "time": 1770168927533,
    "added": [],
    "modified": [
      "_metadata.js"
    ],
    "deleted": []
  },
  {
    "time": 1770169317453,
    "added": [],
    "modified": [
      "owner-addprem.js"
    ],
    "deleted": []
  },
  {
    "time": 1770214750409,
    "added": [
      "game-simulator-sawit.js"
    ],
    "modified": [],
    "deleted": []
  },
  {
    "time": 1770217643446,
    "added": [
      "rpg-leaderboard.js"
    ],
    "modified": [],
    "deleted": []
  }
]