[
  {
    "time": 1768786811158,
    "added": [],
    "modified": [
      "downloader-play.js"
    ],
    "deleted": []
  },
  {
    "time": 1768787259673,
    "added": [],
    "modified": [
      "downloader-yta.js"
    ],
    "deleted": []
  },
  {
    "time": 1768787287986,
    "added": [],
    "modified": [
      "downloader-ytv.js"
    ],
    "deleted": []
  },
  {
    "time": 1768825878866,
    "added": [
      "tools-resize-video.js"
    ],
    "modified": [],
    "deleted": []
  },
  {
    "time": 1768826023271,
    "added": [],
    "modified": [
      "tools-resize-video.js"
    ],
    "deleted": []
  },
  {
    "time": 1768826190261,
    "added": [],
    "modified": [
      "tools-resize-video.js"
    ],
    "deleted": []
  },
  {
    "time": 1768826438282,
    "added": [],
    "modified": [
      "tools-resize-video.js"
    ],
    "deleted": []
  },
  {
    "time": 1768866165870,
    "added": [
      "_metadata.js"
    ],
    "modified": [],
    "deleted": []
  },
  {
    "time": 1768866533554,
    "added": [
      "_getmedia.js"
    ],
    "modified": [],
    "deleted": []
  },
  {
    "time": 1768866862588,
    "added": [],
    "modified": [
      "_getmedia.js"
    ],
    "deleted": []
  },
  {
    "time": 1768867318450,
    "added": [
      "tools-orv.js"
    ],
    "modified": [],
    "deleted": []
  },
  {
    "time": 1768909683218,
    "added": [],
    "modified": [
      "ai-gemini.js"
    ],
    "deleted": []
  },
  {
    "time": 1768909770213,
    "added": [],
    "modified": [
      "ai-gemini.js"
    ],
    "deleted": []
  },
  {
    "time": 1768909868944,
    "added": [],
    "modified": [
      "ai-gemini.js"
    ],
    "deleted": []
  },
  {
    "time": 1768955416796,
    "added": [
      "ai-animagine2.js"
    ],
    "modified": [],
    "deleted": []
  },
  {
    "time": 1768955789919,
    "added": [],
    "modified": [
      "ai-animagine2.js"
    ],
    "deleted": []
  },
  {
    "time": 1768955978415,
    "added": [],
    "modified": [
      "ai-animagine2.js"
    ],
    "deleted": []
  },
  {
    "time": 1768956049005,
    "added": [],
    "modified": [
      "ai-animagine2.js"
    ],
    "deleted": []
  },
  {
    "time": 1768956228209,
    "added": [],
    "modified": [
      "ai-animagine2.js"
    ],
    "deleted": []
  },
  {
    "time": 1768956457605,
    "added": [],
    "modified": [
      "ai-animagine2.js"
    ],
    "deleted": []
  },
  {
    "time": 1768956607596,
    "added": [],
    "modified": [
      "ai-animagine2.js"
    ],
    "deleted": []
  },
  {
    "time": 1769262652753,
    "added": [],
    "modified": [
      "sticker-brat.js"
    ],
    "deleted": []
  },
  {
    "time": 1769262781623,
    "added": [],
    "modified": [
      "sticker-brat.js"
    ],
    "deleted": []
  },
  {
    "time": 1769356542634,
    "added": [],
    "modified": [
      "_leveling.js"
    ],
    "deleted": []
  },
  {
    "time": 1769356650054,
    "added": [
      "user-ceksaldo.js"
    ],
    "modified": [],
    "deleted": []
  },
  {
    "time": 1769357903949,
    "added": [
      "rpg-bank.js"
    ],
    "modified": [],
    "deleted": []
  }
]