{"noiseKey":{"private":{"type":"Buffer","data":"4NsdxSVM6gaDAzUY+tbEaZo5+qB3SuPXxwWciaIgnWQ="},"public":{"type":"Buffer","data":"Wo+yf9EwewO/UkiGIVkV3pWfSihQ3d8YSUzLLH878Rc="}},"pairingEphemeralKeyPair":{"private":{"type":"Buffer","data":"qJz+wc+/GducInMgpiyQEe1zrNSC7CIFF/1/I1SALF0="},"public":{"type":"Buffer","data":"1DuzpW3UBB/ZOUyRuP66+EhtTAcC5ilBH+hs/GxY+xc="}},"signedIdentityKey":{"private":{"type":"Buffer","data":"cLIkmzBoPpat7SnmXjwxfiALim2/CkPuxWhb2lYMC2Y="},"public":{"type":"Buffer","data":"Omz5EHQYZOs87Ui7UJoqbijp4Izhz7Os3NhXYR/U7HM="}},"signedPreKey":{"keyPair":{"private":{"type":"Buffer","data":"0FpWe/8mE4FR3jdFkmd+gGhG837fX43CmVLjjv+/90g="},"public":{"type":"Buffer","data":"DQcO/1EjR5CpL8oQ5Ev/td/hydFnD5Ncw48e9PnXRRk="}},"signature":{"type":"Buffer","data":"/mRo6Gw8v6uZXMUn7S4isAxJP9SasTbybGrGdDwVPknpVRqIZmPhX6C+8/dlvb9DwFwsypSOcF1/NoFLoOHhhg=="},"keyId":1},"registrationId":35,"advSecretKey":"CxYQOyo1iXpEFjUZ3vyK+RLuW46GK9TUNTX9/9eelcc=","processedHistoryMessages":[],"nextPreKeyId":32,"firstUnuploadedPreKeyId":32,"accountSyncCounter":0,"accountSettings":{"unarchiveChats":false},"registered":true,"pairingCode":"PHGZB27E","me":{"id":"62857586452296:67@s.whatsapp.net","name":"Haruka desu!","lid":"209212621734050:67@lid"},"account":{"details":"CPS365QBENDK3ckGGAogACgA","accountSignatureKey":"zoxcmjIkIAtOVb6jrE7a3/qv/Ml5gjhgYtwmfk0RN3g=","accountSignature":"i2L85hJzUmgUq56pIidibvx6l8YQto7wy0CMFRCW0rlmcPCKYEc9Gw8O41ssq2r5y6ZUkHBOemBz9kveg036DA==","deviceSignature":"yStm+AjyNhtgJWeLJu53jKnIrLMipCyemkp5VXBtf/MA5nkcAFMUDxgE2UKOcX8R+FJFMbs/9xt5nZk3qLFJjw=="},"signalIdentities":[{"identifier":{"name":"62857586452296:67@s.whatsapp.net","deviceId":0},"identifierKey":{"type":"Buffer","data":"Bc6MXJoyJCALTlW+o6xO2t/6r/zJeYI4YGLcJn5NETd4"}}],"platform":"smba","routingInfo":{"type":"Buffer","data":"CAgIAggS"},"lastAccountSyncTimestamp":1765238100,"lastPropHash":"1K4hH4","myAppStateKeyId":"AAAAAL/3"}