{
  "6283846016963@s.whatsapp.net": {
    "nama": null,
    "registered": false,
    "lastReset": 1762859651578,
    "status": "premium",
    "altJids": [
      "14452665643135@lid"
    ],
    "premiumUntil": 0,
    "lastDonationSent": 1767831508842,
    "afk": -1,
    "afkReason": "",
    "lastPremiumNotif": 0,
    "limit": 5,
    "lastLimitReset": 1767534352806,
    "promoSentToday": false
  },
  "null": {
    "nama": null,
    "registered": false,
    "lastReset": 1763730863013,
    "status": "guest",
    "premiumUntil": 0,
    "altJids": [],
    "afk": -1,
    "afkReason": "",
    "lastPremiumNotif": 0,
    "limit": 5,
    "promoSentToday": false
  },
  "62895416014171@s.whatsapp.net": {
    "nama": null,
    "registered": false,
    "lastReset": 1762860733850,
    "status": "user",
    "altJids": [
      "65747594260688@lid"
    ],
    "premiumUntil": 0,
    "afk": -1,
    "afkReason": "",
    "lastPremiumNotif": 0,
    "limit": 5,
    "lastLimitReset": 1767491337929,
    "promoSentToday": false,
    "lastDonationSent": 1766081497982
  },
  "6285710678415@s.whatsapp.net": {
    "nama": null,
    "registered": false,
    "lastReset": 1762862148547,
    "status": "guest",
    "altJids": [
      "123394427232339@lid"
    ],
    "premiumUntil": 0,
    "afk": -1,
    "afkReason": "",
    "lastPremiumNotif": 0,
    "limit": 5,
    "lastLimitReset": 1766247539703,
    "promoSentToday": false,
    "lastDonationSent": 1766247539703
  },
  "6285849318900@s.whatsapp.net": {
    "nama": null,
    "registered": false,
    "lastReset": 1762862180632,
    "status": "guest",
    "altJids": [
      "208267410198717@lid"
    ],
    "premiumUntil": 0,
    "lastDonationSent": 1765261479008,
    "afk": -1,
    "afkReason": "",
    "lastPremiumNotif": 0,
    "limit": 5,
    "lastLimitReset": 1765976560677,
    "promoSentToday": false
  },
  "6285659627040@s.whatsapp.net": {
    "nama": null,
    "registered": false,
    "lastReset": 1762863027211,
    "status": "guest",
    "altJids": [
      "202782837629140@lid"
    ],
    "limit": 5,
    "promoSentToday": false,
    "lastPremiumNotif": 0
  },
  "6285946522757@s.whatsapp.net": {
    "nama": null,
    "registered": false,
    "lastReset": 1762863114842,
    "status": "guest",
    "altJids": [
      "64892677677226@lid"
    ],
    "premiumUntil": 0,
    "afk": -1,
    "afkReason": "",
    "lastPremiumNotif": 0,
    "lastDonationSent": 1765725176550,
    "limit": 3,
    "promoSentToday": false,
    "lastLimitReset": 1766816595395
  },
  "6288983891916@s.whatsapp.net": {
    "nama": null,
    "registered": false,
    "lastReset": 1762865872823,
    "status": "guest",
    "altJids": [
      "33827296682031@lid"
    ],
    "premiumUntil": 0,
    "afk": -1,
    "afkReason": "",
    "lastPremiumNotif": 0,
    "limit": 5,
    "lastLimitReset": 1765976862585,
    "promoSentToday": false
  },
  "194450819166217@lid": {
    "nama": null,
    "registered": false,
    "lastReset": 1762869456784,
    "status": "guest",
    "altJids": [],
    "limit": 5,
    "promoSentToday": false
  },
  "6285758645229@s.whatsapp.net": {
    "nama": null,
    "registered": false,
    "lastReset": 1762869866978,
    "status": "guest",
    "altJids": [
      "232779258269761@lid"
    ],
    "premiumUntil": 0,
    "lastDonationSent": 1767831363351,
    "lastPremiumNotif": 0,
    "afk": -1,
    "afkReason": "",
    "limit": 2,
    "lastLimitReset": 1767482355400,
    "limitPromoToday": true,
    "promoSentToday": false
  },
  "16969751343207@lid": {
    "nama": null,
    "registered": false,
    "lastReset": 1762872089992,
    "status": "user",
    "altJids": [],
    "premiumUntil": 0,
    "lastDonationSent": 1766391821462,
    "afk": -1,
    "afkReason": "",
    "lastPremiumNotif": 0,
    "limit": 5,
    "promoSentToday": false,
    "lastLimitReset": 1767570467845
  },
  "209212621734050@lid": {
    "nama": null,
    "registered": false,
    "lastReset": 1762905640888,
    "status": "premium",
    "premiumUntil": 0,
    "altJids": [],
    "limit": 5,
    "promoSentToday": false,
    "lastPremiumNotif": 0
  },
  "62857586452296@s.whatsapp.net": {
    "nama": null,
    "registered": false,
    "lastReset": 1762905679910,
    "status": "premium",
    "premiumUntil": 1767191762724,
    "altJids": [],
    "lastDonationSent": 1766448440247,
    "afk": -1,
    "afkReason": "",
    "lastPremiumNotif": 0,
    "limit": 5,
    "promoSentToday": false,
    "lastLimitReset": 1766448440247
  },
  "6281918500179@s.whatsapp.net": {
    "nama": null,
    "registered": false,
    "lastReset": 1762906835323,
    "status": "guest",
    "premiumUntil": 0,
    "altJids": [],
    "lastDonationSent": 1764977444661,
    "limit": 5,
    "promoSentToday": false
  },
  "47768810873046@lid": {
    "nama": null,
    "registered": false,
    "lastReset": 1762932114314,
    "status": "guest",
    "premiumUntil": 0,
    "altJids": [],
    "afk": -1,
    "afkReason": "",
    "lastPremiumNotif": 0,
    "lastDonationSent": 1765546727865,
    "limit": 4,
    "promoSentToday": false,
    "lastLimitReset": 1767238690987
  },
  "6285722322802@s.whatsapp.net": {
    "nama": null,
    "registered": false,
    "lastReset": 1762934094915,
    "status": "guest",
    "premiumUntil": 0,
    "altJids": [],
    "limit": 5,
    "promoSentToday": false
  },
  "6285804703974@s.whatsapp.net": {
    "nama": null,
    "registered": false,
    "lastReset": 1762934135631,
    "status": "guest",
    "premiumUntil": 0,
    "altJids": [
      "19014239678477@lid"
    ],
    "limit": 5,
    "promoSentToday": false
  },
  "6288274383087@s.whatsapp.net": {
    "nama": null,
    "registered": false,
    "lastReset": 1762943955884,
    "status": "guest",
    "premiumUntil": 0,
    "altJids": [
      "235523792756909@lid"
    ],
    "afk": -1,
    "afkReason": "",
    "lastPremiumNotif": 0,
    "lastDonationSent": 1765862011314,
    "limit": 4,
    "promoSentToday": false,
    "lastLimitReset": 1767191306272
  },
  "279044142669846@lid": {
    "nama": null,
    "registered": false,
    "lastReset": 1762951846635,
    "status": "guest",
    "premiumUntil": 0,
    "altJids": [],
    "lastDonationSent": 1765193740371,
    "afk": -1,
    "afkReason": "",
    "lastPremiumNotif": 0,
    "limit": 5,
    "promoSentToday": false,
    "lastLimitReset": 1767443669043
  },
  "261928714776672@lid": {
    "nama": null,
    "registered": false,
    "lastReset": 1762955443087,
    "status": "guest",
    "premiumUntil": 0,
    "altJids": [],
    "lastDonationSent": 1766022247302,
    "limit": 3,
    "promoSentToday": false,
    "afk": -1,
    "afkReason": "",
    "lastLimitReset": 1767329644593,
    "lastPremiumNotif": 0
  },
  "6281357525120@s.whatsapp.net": {
    "nama": null,
    "registered": false,
    "lastReset": 1763007966951,
    "status": "guest",
    "premiumUntil": 0,
    "altJids": [],
    "limit": 5,
    "promoSentToday": false
  },
  "54176918843438@lid": {
    "nama": null,
    "registered": false,
    "lastReset": 1763007968149,
    "status": "guest",
    "premiumUntil": 0,
    "altJids": [],
    "lastDonationSent": 1766043022655,
    "afk": -1,
    "afkReason": "",
    "lastPremiumNotif": 0,
    "limit": 3,
    "promoSentToday": false,
    "lastLimitReset": 1767313450492
  },
  "270605018492959@lid": {
    "nama": null,
    "registered": false,
    "lastReset": 1763014002412,
    "status": "guest",
    "premiumUntil": 0,
    "altJids": [],
    "lastDonationSent": 1765326654360,
    "limit": 5,
    "promoSentToday": false
  },
  "6289684231438@s.whatsapp.net": {
    "nama": null,
    "registered": false,
    "lastReset": 1763024690725,
    "status": "guest",
    "premiumUntil": 0,
    "altJids": [
      "270605018492959@lid"
    ],
    "afk": -1,
    "afkReason": "",
    "lastPremiumNotif": 0,
    "lastDonationSent": 1765796142479,
    "limit": 5,
    "promoSentToday": false
  },
  "601124023403@s.whatsapp.net": {
    "nama": null,
    "registered": false,
    "lastReset": 1763025117384,
    "status": "guest",
    "premiumUntil": 0,
    "altJids": [
      "12172071563400@lid"
    ],
    "limit": 5,
    "promoSentToday": false,
    "lastPremiumNotif": 0
  },
  "6283110665042@s.whatsapp.net": {
    "nama": null,
    "registered": false,
    "lastReset": 1763026483157,
    "status": "guest",
    "premiumUntil": 0,
    "altJids": [],
    "limit": 5,
    "promoSentToday": false
  },
  "6285656241896@s.whatsapp.net": {
    "nama": null,
    "registered": false,
    "lastReset": 1763028150527,
    "status": "guest",
    "premiumUntil": 0,
    "altJids": [
      "153060370309316@lid"
    ],
    "afk": -1,
    "afkReason": "",
    "lastPremiumNotif": 0,
    "limit": 5,
    "promoSentToday": false
  },
  "6288287251599@s.whatsapp.net": {
    "nama": null,
    "registered": false,
    "lastReset": 1763034562983,
    "status": "guest",
    "premiumUntil": 0,
    "altJids": [
      "212304864006335@lid"
    ],
    "afk": -1,
    "afkReason": "",
    "lastPremiumNotif": 0,
    "lastDonationSent": 1766310821481,
    "limit": 0,
    "promoSentToday": false,
    "lastLimitReset": 1767508955415
  },
  "6285136302813@s.whatsapp.net": {
    "nama": null,
    "registered": false,
    "lastReset": 1763037511223,
    "status": "guest",
    "premiumUntil": 0,
    "altJids": [
      "100850647208030@lid"
    ],
    "afk": -1,
    "afkReason": "",
    "lastPremiumNotif": 0,
    "limit": 5,
    "promoSentToday": false
  },
  "6285876399600@s.whatsapp.net": {
    "nama": null,
    "registered": false,
    "lastReset": 1763047670344,
    "status": "guest",
    "premiumUntil": 0,
    "altJids": [
      "18026296520749@lid"
    ],
    "afk": -1,
    "afkReason": "",
    "lastPremiumNotif": 0,
    "limit": 5,
    "promoSentToday": false
  },
  "6285342301433@s.whatsapp.net": {
    "nama": null,
    "registered": false,
    "lastReset": 1763087383517,
    "status": "guest",
    "premiumUntil": 0,
    "altJids": [
      "112386543485013@lid"
    ],
    "afk": -1,
    "afkReason": "",
    "lastPremiumNotif": 0,
    "limit": 5,
    "lastLimitReset": 1765978082376,
    "promoSentToday": false
  },
  "6285869224887@s.whatsapp.net": {
    "nama": null,
    "registered": false,
    "lastReset": 1763093040828,
    "status": "guest",
    "premiumUntil": 0,
    "altJids": [
      "33651219779682@lid"
    ],
    "afk": -1,
    "afkReason": "",
    "lastPremiumNotif": 0,
    "limit": 5,
    "promoSentToday": false
  },
  "6283833826167@s.whatsapp.net": {
    "nama": null,
    "registered": false,
    "lastReset": 1763118209265,
    "status": "guest",
    "premiumUntil": 0,
    "altJids": [
      "2925510279420@lid"
    ],
    "afk": -1,
    "afkReason": "",
    "lastPremiumNotif": 0,
    "limit": 5,
    "promoSentToday": false
  },
  "6283155653893@s.whatsapp.net": {
    "nama": null,
    "registered": false,
    "lastReset": 1763124067223,
    "status": "guest",
    "premiumUntil": 0,
    "altJids": [],
    "limit": 5,
    "promoSentToday": false
  },
  "6287778122521@s.whatsapp.net": {
    "nama": null,
    "registered": false,
    "lastReset": 1763126394340,
    "status": "guest",
    "premiumUntil": 0,
    "altJids": [
      "120250511155203@lid"
    ],
    "limit": 5,
    "promoSentToday": false,
    "lastPremiumNotif": 0
  },
  "6288286066268@s.whatsapp.net": {
    "nama": null,
    "registered": false,
    "lastReset": 1763131507204,
    "status": "guest",
    "premiumUntil": 0,
    "altJids": [
      "101954017583220@lid"
    ],
    "lastDonationSent": 1766148432716,
    "afk": -1,
    "afkReason": "",
    "lastPremiumNotif": 0,
    "limit": 5,
    "promoSentToday": false,
    "lastLimitReset": 1767494728582
  },
  "628895854409@s.whatsapp.net": {
    "nama": null,
    "registered": false,
    "lastReset": 1763139214774,
    "status": "guest",
    "premiumUntil": 0,
    "altJids": [
      "136038945128449@lid"
    ],
    "limit": 5,
    "promoSentToday": false
  },
  "201369575244029@lid": {
    "nama": null,
    "registered": false,
    "lastReset": 1763177147875,
    "status": "guest",
    "premiumUntil": 0,
    "altJids": [],
    "afk": -1,
    "afkReason": "",
    "lastPremiumNotif": 0,
    "limit": 3,
    "promoSentToday": false,
    "lastLimitReset": 1767181670873
  },
  "6285834238708@s.whatsapp.net": {
    "nama": null,
    "registered": false,
    "lastReset": 1763190547403,
    "status": "guest",
    "premiumUntil": 0,
    "altJids": [
      "239882530238513@lid"
    ],
    "afk": -1,
    "afkReason": "",
    "lastPremiumNotif": 0,
    "limit": 5,
    "promoSentToday": false
  },
  "6282284152124@s.whatsapp.net": {
    "nama": null,
    "registered": false,
    "lastReset": 1763205927742,
    "status": "guest",
    "premiumUntil": 0,
    "altJids": [
      "174899675062385@lid"
    ],
    "afk": -1,
    "afkReason": "",
    "lastPremiumNotif": 0,
    "limit": 5,
    "promoSentToday": false
  },
  "6288802237731@s.whatsapp.net": {
    "nama": null,
    "registered": false,
    "lastReset": 1763206826112,
    "status": "premium",
    "premiumUntil": 1767755549201,
    "altJids": [
      "250340943364292@lid"
    ],
    "afk": -1,
    "afkReason": "",
    "lastPremiumNotif": 0,
    "limit": 5,
    "promoSentToday": false,
    "lastLimitReset": 1766683288919
  },
  "6285825108309@s.whatsapp.net": {
    "nama": null,
    "registered": false,
    "lastReset": 1763211776965,
    "status": "guest",
    "premiumUntil": 0,
    "altJids": [
      "174496015241244@lid"
    ],
    "afk": -1,
    "afkReason": "",
    "lastPremiumNotif": 0,
    "limit": 5,
    "promoSentToday": false
  },
  "107744019410995@lid": {
    "nama": null,
    "registered": false,
    "lastReset": 1763217670356,
    "status": "guest",
    "premiumUntil": 0,
    "altJids": [],
    "afk": -1,
    "afkReason": "",
    "lastPremiumNotif": 0,
    "lastDonationSent": 1766365108852,
    "limit": 5,
    "promoSentToday": false,
    "lastLimitReset": 1767516628276
  },
  "6288980032873@s.whatsapp.net": {
    "nama": null,
    "registered": false,
    "lastReset": 1763238971842,
    "status": "guest",
    "premiumUntil": 0,
    "altJids": [
      "131688009076780@lid"
    ],
    "afk": -1,
    "afkReason": "",
    "lastPremiumNotif": 0,
    "limit": 5,
    "promoSentToday": false
  },
  "6282144519703@s.whatsapp.net": {
    "nama": null,
    "registered": false,
    "lastReset": 1763267960181,
    "status": "guest",
    "premiumUntil": 0,
    "altJids": [
      "23481240555686@lid"
    ],
    "afk": -1,
    "afkReason": "",
    "lastPremiumNotif": 0,
    "limit": 5,
    "promoSentToday": false
  },
  "6288218528463@s.whatsapp.net": {
    "nama": null,
    "registered": false,
    "lastReset": 1763294222632,
    "status": "guest",
    "premiumUntil": 0,
    "altJids": [
      "110711422369796@lid"
    ],
    "limit": 5,
    "promoSentToday": false,
    "lastPremiumNotif": 0
  },
  "6287867975271@s.whatsapp.net": {
    "nama": null,
    "registered": false,
    "lastReset": 1763298518737,
    "status": "guest",
    "premiumUntil": 0,
    "altJids": [
      "195678877823007@lid"
    ],
    "limit": 5,
    "promoSentToday": false,
    "lastPremiumNotif": 0
  },
  "6282373300801@s.whatsapp.net": {
    "nama": null,
    "registered": false,
    "lastReset": 1763337660543,
    "status": "guest",
    "premiumUntil": 0,
    "altJids": [],
    "limit": 5,
    "promoSentToday": false
  },
  "6281299568870@s.whatsapp.net": {
    "nama": null,
    "registered": false,
    "lastReset": 1763419336271,
    "status": "guest",
    "premiumUntil": 0,
    "altJids": [],
    "limit": 5,
    "promoSentToday": false
  },
  "6285349442318@s.whatsapp.net": {
    "nama": null,
    "registered": false,
    "lastReset": 1763614747177,
    "status": "guest",
    "premiumUntil": 0,
    "altJids": [],
    "limit": 5,
    "promoSentToday": false
  },
  "6285750703716@s.whatsapp.net": {
    "nama": null,
    "registered": false,
    "lastReset": 1763618445148,
    "status": "guest",
    "premiumUntil": 0,
    "altJids": [
      "93841344446540@lid"
    ],
    "limit": 5,
    "promoSentToday": false
  },
  "220594469625910@lid": {
    "nama": null,
    "registered": false,
    "lastReset": 1763729492547,
    "status": "guest",
    "premiumUntil": 0,
    "altJids": [],
    "lastDonationSent": 1766061913742,
    "limit": 5,
    "promoSentToday": false,
    "afk": -1,
    "afkReason": "",
    "lastLimitReset": 1766061908198
  },
  "6289652741805@s.whatsapp.net": {
    "nama": "JUSTICIAR",
    "registered": false,
    "lastReset": 1763871935781,
    "status": "premium",
    "premiumUntil": 1769695549042,
    "altJids": [
      "197998093037752@lid"
    ],
    "limit": 5,
    "promoSentToday": false,
    "lastPremiumNotif": 0
  },
  "6282258299963@s.whatsapp.net": {
    "nama": "User",
    "registered": false,
    "lastReset": 1763899531996,
    "status": "guest",
    "premiumUntil": 0,
    "altJids": [],
    "limit": 5,
    "promoSentToday": false
  },
  "2066416197743@lid": {
    "nama": "fikytejistr",
    "registered": false,
    "lastReset": 1764002007675,
    "status": "guest",
    "premiumUntil": 0,
    "altJids": [],
    "limit": 5,
    "promoSentToday": false
  },
  "241923210096790@lid": {
    "nama": "all is king",
    "registered": false,
    "lastReset": 1764054856978,
    "status": "guest",
    "premiumUntil": 0,
    "altJids": [],
    "lastDonationSent": 1765778766076,
    "afk": -1,
    "afkReason": "",
    "lastPremiumNotif": 0,
    "limit": 5,
    "promoSentToday": false,
    "lastLimitReset": 1767521571344
  },
  "155757475532987@lid": {
    "nama": "Rja",
    "registered": false,
    "lastReset": 1764071133555,
    "status": "guest",
    "premiumUntil": 0,
    "altJids": [],
    "afk": -1,
    "afkReason": "",
    "lastPremiumNotif": 0,
    "lastDonationSent": 1765626970653,
    "limit": 5,
    "promoSentToday": false
  },
  "144302529314817@lid": {
    "nama": "rehan wangsaff",
    "registered": false,
    "lastReset": 1764089373244,
    "status": "guest",
    "premiumUntil": 0,
    "altJids": [],
    "limit": 5,
    "promoSentToday": false,
    "lastPremiumNotif": 0,
    "lastLimitReset": 1766735510967
  },
  "16840600375325@lid": {
    "nama": "• Fahrul rz",
    "registered": false,
    "lastReset": 1764238876227,
    "status": "guest",
    "premiumUntil": 0,
    "altJids": [],
    "limit": 5,
    "promoSentToday": false,
    "lastPremiumNotif": 0,
    "lastLimitReset": 1766722983294
  },
  "6287881093805@s.whatsapp.net": {
    "nama": "aruwa",
    "registered": false,
    "lastReset": 1764333092366,
    "status": "guest",
    "premiumUntil": 0,
    "altJids": [
      "101147033522286@lid"
    ],
    "afk": -1,
    "afkReason": "",
    "lastPremiumNotif": 0,
    "limit": 5,
    "promoSentToday": false
  },
  "6283180239144@s.whatsapp.net": {
    "nama": "RINALDO PURBA",
    "registered": false,
    "lastReset": 1764333132584,
    "status": "guest",
    "premiumUntil": 0,
    "altJids": [],
    "lastDonationSent": 1764998564930,
    "limit": 5,
    "promoSentToday": false
  },
  "6282329306185@s.whatsapp.net": {
    "nama": "User",
    "registered": false,
    "lastReset": 1764376082523,
    "status": "guest",
    "premiumUntil": 0,
    "altJids": [],
    "afk": -1,
    "afkReason": "",
    "lastPremiumNotif": 0,
    "lastDonationSent": 1765792823322,
    "limit": 5,
    "promoSentToday": false,
    "lastLimitReset": 1766535139484
  },
  "82386331132096@lid": {
    "nama": "luxx",
    "registered": false,
    "lastReset": 1764500846491,
    "status": "guest",
    "premiumUntil": 0,
    "altJids": [],
    "limit": 5,
    "promoSentToday": false
  },
  "6285239515270@s.whatsapp.net": {
    "nama": "Reza",
    "registered": false,
    "lastReset": 1764506214162,
    "status": "guest",
    "premiumUntil": 0,
    "altJids": [
      "104501000298747@lid"
    ],
    "limit": 5,
    "promoSentToday": false
  },
  "34592069263536@lid": {
    "nama": "ca",
    "registered": false,
    "lastReset": 1764574632496,
    "status": "guest",
    "premiumUntil": 0,
    "altJids": [],
    "lastDonationSent": 1765374725376,
    "afk": -1,
    "afkReason": "",
    "lastPremiumNotif": 0,
    "limit": 5,
    "promoSentToday": false
  },
  "6281371962584@s.whatsapp.net": {
    "nama": "User",
    "registered": false,
    "lastReset": 1764574642517,
    "status": "guest",
    "premiumUntil": 0,
    "altJids": [],
    "limit": 5,
    "promoSentToday": false
  },
  "6285857130602@s.whatsapp.net": {
    "nama": "k",
    "registered": false,
    "lastReset": 1764576738613,
    "status": "guest",
    "premiumUntil": 0,
    "altJids": [
      "266039350808706@lid"
    ],
    "limit": 5,
    "promoSentToday": false,
    "afk": -1,
    "afkReason": "",
    "lastPremiumNotif": 0
  },
  "68968735895689@lid": {
    "nama": "jsclmdnd",
    "registered": false,
    "lastReset": 1764586124136,
    "status": "guest",
    "premiumUntil": 0,
    "altJids": [],
    "afk": -1,
    "afkReason": "",
    "lastPremiumNotif": 0,
    "lastDonationSent": 1765802188382,
    "limit": 5,
    "promoSentToday": false
  },
  "212304864006335@lid": {
    "nama": "Kaell🪉",
    "registered": false,
    "lastReset": 1764680786277,
    "status": "guest",
    "premiumUntil": 0,
    "altJids": [],
    "lastDonationSent": 1765238135063,
    "limit": 5,
    "promoSentToday": false
  },
  "103805400129630@lid": {
    "nama": "hhh",
    "registered": false,
    "lastReset": 1764754686780,
    "status": "guest",
    "premiumUntil": 0,
    "altJids": [],
    "lastDonationSent": 1766424948132,
    "afk": -1,
    "afkReason": "",
    "lastPremiumNotif": 0,
    "limit": 5,
    "promoSentToday": false,
    "lastLimitReset": 1767499383773
  },
  "6285891627347@s.whatsapp.net": {
    "nama": "abcd🙄",
    "registered": false,
    "lastReset": 1764761667779,
    "status": "guest",
    "premiumUntil": 0,
    "altJids": [
      "58106612588557@lid"
    ],
    "afk": -1,
    "afkReason": "",
    "lastPremiumNotif": 0,
    "limit": 5,
    "promoSentToday": false
  },
  "62895346574427@s.whatsapp.net": {
    "nama": "Zeva Ramadhan A.",
    "registered": false,
    "lastReset": 1764820305148,
    "status": "guest",
    "premiumUntil": 0,
    "altJids": [],
    "limit": 5,
    "promoSentToday": false
  },
  "6283891965637@s.whatsapp.net": {
    "nama": "☬ᶜᴿᴬᶻᵞkíllєr☬",
    "registered": false,
    "lastReset": 1764886904028,
    "status": "guest",
    "premiumUntil": 0,
    "altJids": [
      "141618174795847@lid"
    ],
    "afk": -1,
    "afkReason": "",
    "lastPremiumNotif": 0,
    "limit": 5,
    "promoSentToday": false
  },
  "120363258970744295@newsletter": {
    "nama": "User",
    "registered": false,
    "lastReset": 1764894873906,
    "status": "guest",
    "premiumUntil": 0,
    "altJids": [],
    "lastDonationSent": 1767872856011,
    "afk": -1,
    "afkReason": "",
    "lastPremiumNotif": 0,
    "limit": 5,
    "promoSentToday": false,
    "lastLimitReset": 1766537237170
  },
  "120363422463221883@newsletter": {
    "nama": "User",
    "registered": false,
    "lastReset": 1764895008112,
    "status": "guest",
    "premiumUntil": 0,
    "altJids": [],
    "lastDonationSent": 1765468724680,
    "afk": -1,
    "afkReason": "",
    "lastPremiumNotif": 0,
    "limit": 5,
    "promoSentToday": false,
    "lastLimitReset": 1767057902286
  },
  "6285783375019@s.whatsapp.net": {
    "nama": "ㅤㅤㅤ",
    "registered": false,
    "lastReset": 1764905123976,
    "status": "guest",
    "premiumUntil": 0,
    "altJids": [
      "159661483368702@lid"
    ],
    "lastDonationSent": 0,
    "afk": -1,
    "afkReason": "",
    "lastPremiumNotif": 0,
    "limit": 5,
    "promoSentToday": false
  },
  "6283861199695@s.whatsapp.net": {
    "nama": "Future Renn",
    "registered": false,
    "lastReset": 1764928900610,
    "status": "guest",
    "premiumUntil": 0,
    "altJids": [
      "156960083198094@lid"
    ],
    "lastDonationSent": 0,
    "afk": -1,
    "afkReason": "",
    "lastPremiumNotif": 0,
    "limit": 5,
    "lastLimitReset": 1765976694986,
    "promoSentToday": false
  },
  "6285177154474@s.whatsapp.net": {
    "nama": "User",
    "registered": false,
    "lastReset": 1764929238855,
    "status": "guest",
    "premiumUntil": 0,
    "altJids": [],
    "lastDonationSent": 1764929238855,
    "limit": 5,
    "promoSentToday": false
  },
  "6287841758277@s.whatsapp.net": {
    "nama": "mey",
    "registered": false,
    "lastReset": 1764941417281,
    "status": "guest",
    "premiumUntil": 0,
    "altJids": [
      "120019170156734@lid"
    ],
    "lastDonationSent": 0,
    "afk": -1,
    "afkReason": "",
    "lastPremiumNotif": 0,
    "limit": 5,
    "lastLimitReset": 1765976934485,
    "promoSentToday": false
  },
  "6285934745489@s.whatsapp.net": {
    "nama": "Zee",
    "registered": false,
    "lastReset": 1764941649574,
    "status": "premium",
    "premiumUntil": 1765028221924,
    "altJids": [
      "57535801364520@lid"
    ],
    "lastDonationSent": 0,
    "limit": 5,
    "promoSentToday": false
  },
  "6285724918957@s.whatsapp.net": {
    "nama": "Bendy sangat sigma",
    "registered": false,
    "lastReset": 1764985193678,
    "status": "guest",
    "premiumUntil": 0,
    "altJids": [
      "250087506731233@lid"
    ],
    "lastDonationSent": 0,
    "afk": -1,
    "afkReason": "",
    "lastPremiumNotif": 0,
    "limit": 5,
    "promoSentToday": false
  },
  "235523792756909@lid": {
    "nama": "robbiedzakyjuniar",
    "registered": false,
    "lastReset": 1765004407725,
    "status": "guest",
    "premiumUntil": 0,
    "altJids": [],
    "lastDonationSent": 1765106006782,
    "limit": 5,
    "promoSentToday": false
  },
  "6285191535167@s.whatsapp.net": {
    "nama": "User",
    "registered": false,
    "lastReset": 1765027563371,
    "status": "guest",
    "premiumUntil": 0,
    "altJids": [],
    "lastDonationSent": 1765027563371,
    "limit": 5,
    "promoSentToday": false
  },
  "156960083198094@lid": {
    "nama": "Future Renn",
    "registered": false,
    "lastReset": 1765107107169,
    "status": "guest",
    "premiumUntil": 0,
    "altJids": [],
    "lastDonationSent": 1765107107169,
    "limit": 5,
    "promoSentToday": false
  },
  "153060370309316@lid": {
    "nama": "Epuy yah ( 阿多明  )",
    "registered": false,
    "lastReset": 1765107352293,
    "status": "guest",
    "premiumUntil": 0,
    "altJids": [],
    "lastDonationSent": 1765107352293,
    "afk": -1,
    "afkReason": "",
    "limit": 5,
    "promoSentToday": false
  },
  "6281912800656@s.whatsapp.net": {
    "nama": "Om Dimz : ) :",
    "registered": false,
    "lastReset": 1765109275364,
    "status": "guest",
    "premiumUntil": 0,
    "altJids": [
      "169835908575282@lid"
    ],
    "lastDonationSent": 0,
    "afk": -1,
    "afkReason": "",
    "lastPremiumNotif": 0,
    "limit": 5,
    "promoSentToday": false
  },
  "64892677677226@lid": {
    "nama": "Paracetamol",
    "registered": false,
    "lastReset": 1765276128669,
    "status": "guest",
    "premiumUntil": 0,
    "altJids": [],
    "lastDonationSent": 1765276128669,
    "limit": 5,
    "promoSentToday": false
  },
  "222075797168281@lid": {
    "nama": "Fathanuddin",
    "registered": false,
    "lastReset": 1765276938822,
    "status": "guest",
    "premiumUntil": 0,
    "altJids": [],
    "lastDonationSent": 1765276938822,
    "limit": 5,
    "promoSentToday": false
  },
  "6287827861835@s.whatsapp.net": {
    "nama": ".",
    "registered": false,
    "lastReset": 1765283917576,
    "status": "guest",
    "premiumUntil": 0,
    "altJids": [],
    "lastDonationSent": 0,
    "limit": 5,
    "promoSentToday": false
  },
  "208267410198717@lid": {
    "nama": "kitsu X IMAWANOKIWA",
    "registered": false,
    "lastReset": 1765324988534,
    "status": "guest",
    "premiumUntil": 0,
    "altJids": [],
    "lastDonationSent": 0,
    "limit": 5,
    "promoSentToday": false
  },
  "232779258269761@lid": {
    "nama": "Elisabeth caffau",
    "registered": false,
    "lastReset": 1765327095568,
    "status": "guest",
    "premiumUntil": 0,
    "altJids": [],
    "lastDonationSent": 1765366765707,
    "afk": -1,
    "afkReason": "",
    "lastPremiumNotif": 0,
    "limit": 5,
    "promoSentToday": false
  },
  "174496015241244@lid": {
    "nama": "me",
    "registered": false,
    "lastReset": 1765337303978,
    "status": "guest",
    "premiumUntil": 0,
    "altJids": [],
    "lastDonationSent": 0,
    "afk": -1,
    "afkReason": "",
    "lastPremiumNotif": 0,
    "limit": 5,
    "promoSentToday": false
  },
  "174899675062385@lid": {
    "nama": "irma",
    "registered": false,
    "lastReset": 1765345662343,
    "status": "guest",
    "premiumUntil": 0,
    "altJids": [],
    "lastDonationSent": 0,
    "limit": 5,
    "promoSentToday": false
  },
  "123394427232339@lid": {
    "nama": "Kizuuu",
    "registered": false,
    "lastReset": 1765356139896,
    "status": "guest",
    "premiumUntil": 0,
    "altJids": [],
    "lastDonationSent": 0,
    "afk": -1,
    "afkReason": "",
    "lastPremiumNotif": 0,
    "limit": 5,
    "promoSentToday": false
  },
  "33651219779682@lid": {
    "nama": "Sall Min Ho",
    "registered": false,
    "lastReset": 1765356849815,
    "status": "guest",
    "premiumUntil": 0,
    "altJids": [],
    "lastDonationSent": 0,
    "limit": 5,
    "promoSentToday": false
  },
  "112386543485013@lid": {
    "nama": "pinky",
    "registered": false,
    "lastReset": 1765363730982,
    "status": "guest",
    "premiumUntil": 0,
    "altJids": [],
    "lastDonationSent": 0,
    "limit": 5,
    "promoSentToday": false
  },
  "159661483368702@lid": {
    "nama": "ㅤㅤㅤ",
    "registered": false,
    "lastReset": 1765368289734,
    "status": "guest",
    "premiumUntil": 0,
    "altJids": [],
    "lastDonationSent": 0,
    "afk": -1,
    "afkReason": "",
    "limit": 5,
    "promoSentToday": false
  },
  "33827296682031@lid": {
    "nama": "Kenzie Zavier damar damar",
    "registered": false,
    "lastReset": 1765369883192,
    "status": "guest",
    "premiumUntil": 0,
    "altJids": [],
    "lastDonationSent": 0,
    "afk": -1,
    "afkReason": "",
    "lastPremiumNotif": 0,
    "limit": 5,
    "promoSentToday": false
  },
  "218859319644373@lid": {
    "nama": "BayFend",
    "registered": false,
    "lastReset": 1765432027694,
    "status": "guest",
    "premiumUntil": 0,
    "altJids": [],
    "lastDonationSent": 0,
    "afk": -1,
    "afkReason": "",
    "lastPremiumNotif": 0,
    "limit": 5,
    "promoSentToday": false
  },
  "71747848138991@lid": {
    "nama": "P.N.C",
    "registered": false,
    "lastReset": 1765442821969,
    "status": "guest",
    "premiumUntil": 0,
    "altJids": [],
    "lastDonationSent": 0,
    "afk": -1,
    "afkReason": "",
    "lastPremiumNotif": 0,
    "limit": 5,
    "promoSentToday": false
  },
  "764604874948@lid": {
    "nama": "edlinnn",
    "registered": false,
    "lastReset": 1765463529008,
    "status": "guest",
    "premiumUntil": 0,
    "altJids": [],
    "lastDonationSent": 0,
    "afk": -1,
    "afkReason": "",
    "lastPremiumNotif": 0,
    "limit": 5,
    "promoSentToday": false
  },
  "133295014686948@lid": {
    "nama": "Shinai Ayame",
    "registered": false,
    "lastReset": 1765475467506,
    "status": "guest",
    "premiumUntil": 0,
    "altJids": [],
    "lastDonationSent": 0,
    "afk": -1,
    "afkReason": "",
    "lastPremiumNotif": 0,
    "limit": 5,
    "promoSentToday": false
  },
  "97380498165844@lid": {
    "nama": "sriwwwww👅",
    "registered": false,
    "lastReset": 1765495558974,
    "status": "guest",
    "premiumUntil": 0,
    "altJids": [],
    "lastDonationSent": 1765816407674,
    "afk": -1,
    "afkReason": "",
    "lastPremiumNotif": 0,
    "limit": 5,
    "promoSentToday": false
  },
  "88558199115813@lid": {
    "nama": "A. Riduwan",
    "registered": false,
    "lastReset": 1765531922489,
    "status": "guest",
    "premiumUntil": 0,
    "altJids": [],
    "lastDonationSent": 0,
    "afk": -1,
    "afkReason": "",
    "lastPremiumNotif": 0,
    "limit": 5,
    "promoSentToday": false
  },
  "237000758169833@lid": {
    "nama": "Aditiya",
    "registered": false,
    "lastReset": 1765547074797,
    "status": "guest",
    "premiumUntil": 0,
    "altJids": [],
    "lastDonationSent": 0,
    "afk": -1,
    "afkReason": "",
    "lastPremiumNotif": 0,
    "limit": 5,
    "promoSentToday": false
  },
  "40910217809960@lid": {
    "nama": ".",
    "registered": false,
    "lastReset": 1765577475387,
    "status": "guest",
    "premiumUntil": 0,
    "altJids": [],
    "lastDonationSent": 1765577475387,
    "afk": -1,
    "afkReason": "",
    "lastPremiumNotif": 0,
    "limit": 5,
    "promoSentToday": false
  },
  "3762542383200@lid": {
    "nama": "Isyrak~mahluk mars",
    "registered": false,
    "lastReset": 1765598746198,
    "status": "guest",
    "premiumUntil": 0,
    "altJids": [],
    "lastDonationSent": 0,
    "afk": -1,
    "afkReason": "",
    "lastPremiumNotif": 0,
    "limit": 5,
    "promoSentToday": false
  },
  "87415536541831@lid": {
    "nama": "ㅤ",
    "registered": false,
    "lastReset": 1765720255405,
    "status": "guest",
    "premiumUntil": 0,
    "altJids": [],
    "lastDonationSent": 1766401682449,
    "afk": -1,
    "afkReason": "",
    "lastPremiumNotif": 0,
    "limit": 5,
    "promoSentToday": false,
    "lastLimitReset": 1766730886903
  },
  "153201617678348@lid": {
    "nama": "zahiraa💐",
    "registered": false,
    "lastReset": 1765814444669,
    "status": "guest",
    "premiumUntil": 0,
    "altJids": [],
    "lastDonationSent": 1765901267986,
    "afk": -1,
    "afkReason": "",
    "lastPremiumNotif": 0,
    "limit": 5,
    "promoSentToday": false
  },
  "240801904881748@lid": {
    "nama": "zanuuaeeer",
    "registered": false,
    "lastReset": 1765867792180,
    "status": "guest",
    "premiumUntil": 0,
    "altJids": [],
    "lastDonationSent": 1765867792180,
    "afk": -1,
    "afkReason": "",
    "lastPremiumNotif": 0,
    "limit": 5,
    "promoSentToday": false
  },
  "6282122930721@s.whatsapp.net": {
    "nama": "iyay",
    "registered": false,
    "lastReset": 1765878265724,
    "status": "guest",
    "premiumUntil": 0,
    "altJids": [],
    "lastDonationSent": 1765878265724,
    "afk": -1,
    "afkReason": "",
    "lastPremiumNotif": 0,
    "limit": 5,
    "promoSentToday": false
  },
  "209856598429778@lid": {
    "nama": "idgaf.",
    "registered": false,
    "lastReset": 1765931991373,
    "status": "guest",
    "premiumUntil": 0,
    "altJids": [],
    "lastDonationSent": 0,
    "afk": -1,
    "afkReason": "",
    "lastPremiumNotif": 0,
    "limit": 5,
    "promoSentToday": false
  },
  "161383782051867@lid": {
    "nama": "itop",
    "registered": false,
    "limit": 5,
    "lastLimitReset": 1767274498255,
    "promoSentToday": false,
    "premiumUntil": 0,
    "status": "guest",
    "afk": -1,
    "afkReason": "",
    "lastDonationSent": 1766037006271,
    "lastPremiumNotif": 0
  },
  "21831352348810@lid": {
    "nama": "🧚🏻‍♂️",
    "registered": false,
    "limit": 0,
    "lastLimitReset": 1767542020923,
    "promoSentToday": false,
    "premiumUntil": 0,
    "status": "guest",
    "afk": -1,
    "afkReason": "",
    "lastDonationSent": 1766328346253,
    "lastPremiumNotif": 0
  },
  "263221382500548@lid": {
    "nama": "TRAA",
    "registered": false,
    "limit": 5,
    "lastLimitReset": 1766062101777,
    "promoSentToday": false,
    "premiumUntil": 0,
    "status": "guest",
    "afk": -1,
    "afkReason": "",
    "lastDonationSent": 1766062102986
  },
  "4475825684724@lid": {
    "nama": "rifqiwildan17",
    "registered": false,
    "limit": 5,
    "lastLimitReset": 1766098068787,
    "promoSentToday": false,
    "premiumUntil": 0,
    "status": "guest",
    "afk": -1,
    "afkReason": "",
    "lastDonationSent": 1766098068787
  },
  "32964008243321@lid": {
    "nama": "イマン",
    "registered": false,
    "limit": 1,
    "lastLimitReset": 1767183209387,
    "promoSentToday": false,
    "premiumUntil": 0,
    "status": "guest",
    "afk": -1,
    "afkReason": "",
    "lastDonationSent": 1766287376210,
    "lastPremiumNotif": 0
  },
  "243365966819530@lid": {
    "nama": "Muh Nabil",
    "registered": false,
    "limit": 5,
    "lastLimitReset": 1766465456253,
    "promoSentToday": false,
    "premiumUntil": 0,
    "status": "guest",
    "afk": -1,
    "afkReason": "",
    "lastDonationSent": 1766468914681,
    "lastPremiumNotif": 0
  },
  "32079479877698@lid": {
    "nama": "User",
    "registered": false,
    "limit": 5,
    "lastLimitReset": 1766543145023,
    "promoSentToday": false,
    "premiumUntil": 0,
    "status": "guest",
    "afk": -1,
    "afkReason": "",
    "lastDonationSent": 1766543145023,
    "lastPremiumNotif": 0
  },
  "201339795718318@lid": {
    "nama": "thifalrafif",
    "registered": false,
    "limit": 5,
    "lastLimitReset": 1767181375358,
    "promoSentToday": false,
    "premiumUntil": 0,
    "status": "guest",
    "afk": -1,
    "afkReason": "",
    "lastDonationSent": 1766449306972,
    "lastPremiumNotif": 0
  },
  "26397372321885@lid": {
    "nama": "Rafki",
    "registered": false,
    "limit": 5,
    "lastLimitReset": 1767507370490,
    "promoSentToday": false,
    "premiumUntil": 0,
    "status": "guest",
    "afk": -1,
    "afkReason": "",
    "lastDonationSent": 1766532455552,
    "lastPremiumNotif": 0
  },
  "51814636515344@lid": {
    "nama": "Bgs",
    "registered": false,
    "limit": 5,
    "lastLimitReset": 1766536291275,
    "promoSentToday": false,
    "premiumUntil": 0,
    "status": "guest",
    "afk": -1,
    "afkReason": "",
    "lastDonationSent": 0,
    "lastPremiumNotif": 0
  },
  "": {
    "nama": "User",
    "registered": false,
    "limit": 5,
    "lastLimitReset": 1766576190988,
    "promoSentToday": false,
    "premiumUntil": 0,
    "status": "guest",
    "afk": -1,
    "afkReason": "",
    "lastDonationSent": 0,
    "lastPremiumNotif": 0
  },
  "208701705162942@lid": {
    "nama": "hollie",
    "registered": false,
    "limit": 5,
    "lastLimitReset": 1766632966690,
    "promoSentToday": false,
    "premiumUntil": 0,
    "status": "guest",
    "afk": -1,
    "afkReason": "",
    "lastDonationSent": 0,
    "lastPremiumNotif": 0
  },
  "18597879513288@lid": {
    "nama": "byyhollie",
    "registered": false,
    "limit": 5,
    "lastLimitReset": 1766635595446,
    "promoSentToday": false,
    "premiumUntil": 0,
    "status": "guest",
    "afk": -1,
    "afkReason": "",
    "lastDonationSent": 0,
    "lastPremiumNotif": 0
  },
  "204350299332785@lid": {
    "nama": "Zeva Ramadhan A.",
    "registered": false,
    "limit": 5,
    "lastLimitReset": 1766749964005,
    "promoSentToday": false,
    "premiumUntil": 0,
    "status": "guest",
    "afk": -1,
    "afkReason": "",
    "lastDonationSent": 0,
    "lastPremiumNotif": 0
  },
  "155306101346532@lid": {
    "nama": "acawww",
    "registered": false,
    "limit": 5,
    "lastLimitReset": 1767355535317,
    "promoSentToday": false,
    "premiumUntil": 0,
    "status": "guest",
    "afk": -1,
    "afkReason": "",
    "lastDonationSent": 0,
    "lastPremiumNotif": 0
  },
  "66216232263776@lid": {
    "nama": "⋆˙✮ Ƙ’z_zα⍵⍵ ✮⋆˙",
    "registered": false,
    "limit": 5,
    "lastLimitReset": 1767287069744,
    "promoSentToday": false,
    "premiumUntil": 0,
    "status": "guest",
    "afk": -1,
    "afkReason": "",
    "lastDonationSent": 0,
    "lastPremiumNotif": 0
  },
  "70158324371563@lid": {
    "nama": "Ahmad Nyeni",
    "registered": false,
    "limit": 5,
    "lastLimitReset": 1767497899450,
    "promoSentToday": false,
    "premiumUntil": 0,
    "status": "guest",
    "afk": -1,
    "afkReason": "",
    "lastDonationSent": 0,
    "lastPremiumNotif": 0
  },
  "163243368653016@lid": {
    "nama": "~kaa suk TSC",
    "registered": false,
    "limit": 5,
    "lastLimitReset": 1767265413149,
    "promoSentToday": false,
    "premiumUntil": 0,
    "status": "guest",
    "afk": -1,
    "afkReason": "",
    "lastDonationSent": 0,
    "lastPremiumNotif": 0
  },
  "58708226740353@lid": {
    "nama": "~envy",
    "registered": false,
    "limit": 0,
    "lastLimitReset": 1767512188498,
    "promoSentToday": false,
    "premiumUntil": 0,
    "status": "guest",
    "afk": -1,
    "afkReason": "",
    "lastDonationSent": 1767916160666,
    "lastPremiumNotif": 0
  },
  "250620149788711@lid": {
    "nama": "eden",
    "registered": false,
    "limit": 5,
    "lastLimitReset": 1767266844773,
    "promoSentToday": false,
    "premiumUntil": 0,
    "status": "guest",
    "afk": -1,
    "afkReason": "",
    "lastDonationSent": 0,
    "lastPremiumNotif": 0
  },
  "169586884386858@lid": {
    "nama": "[Serial Designation F]",
    "registered": false,
    "limit": 5,
    "lastLimitReset": 1767413157354,
    "promoSentToday": false,
    "premiumUntil": 0,
    "status": "guest",
    "afk": -1,
    "afkReason": "",
    "lastDonationSent": 0,
    "lastPremiumNotif": 0
  },
  "210982097952868@lid": {
    "nama": "CORBUROC",
    "registered": false,
    "limit": 5,
    "lastLimitReset": 1767445502008,
    "promoSentToday": false,
    "premiumUntil": 0,
    "status": "guest",
    "afk": -1,
    "afkReason": "",
    "lastDonationSent": 0,
    "lastPremiumNotif": 0
  },
  "6283817146590@s.whatsapp.net": {
    "nama": "Михаил",
    "registered": false,
    "limit": 5,
    "lastLimitReset": 1767280443523,
    "promoSentToday": false,
    "premiumUntil": 0,
    "status": "guest",
    "afk": -1,
    "afkReason": "",
    "lastDonationSent": 0,
    "lastPremiumNotif": 0
  },
  "262427367219215@lid": {
    "nama": "Ryan Gosling",
    "registered": false,
    "limit": 5,
    "lastLimitReset": 1767523952688,
    "promoSentToday": false,
    "premiumUntil": 0,
    "status": "guest",
    "afk": -1,
    "afkReason": "",
    "lastDonationSent": 0,
    "lastPremiumNotif": 0
  },
  "179100773785760@lid": {
    "nama": "Puma",
    "registered": false,
    "limit": 5,
    "lastLimitReset": 1767524828543,
    "promoSentToday": false,
    "premiumUntil": 0,
    "status": "guest",
    "afk": -1,
    "afkReason": "",
    "lastDonationSent": 0,
    "lastPremiumNotif": 0
  },
  "281251722334208@lid": {
    "nama": "Kue Lapice",
    "registered": false,
    "limit": 5,
    "lastLimitReset": 1767448590937,
    "promoSentToday": false,
    "premiumUntil": 0,
    "status": "guest",
    "afk": -1,
    "afkReason": "",
    "lastDonationSent": 0,
    "lastPremiumNotif": 0
  },
  "199746731929764@lid": {
    "nama": "Kucing Cinta Kamu",
    "registered": false,
    "limit": 5,
    "lastLimitReset": 1767512026984,
    "promoSentToday": false,
    "premiumUntil": 0,
    "status": "guest",
    "afk": -1,
    "afkReason": "",
    "lastDonationSent": 0,
    "lastPremiumNotif": 0
  },
  "52016718028921@lid": {
    "nama": "Dimdim",
    "registered": false,
    "limit": 5,
    "lastLimitReset": 1767361300045,
    "promoSentToday": false,
    "premiumUntil": 0,
    "status": "guest",
    "afk": -1,
    "afkReason": "",
    "lastDonationSent": 0,
    "lastPremiumNotif": 0
  },
  "225331231367423@lid": {
    "nama": "Dandri Bersyukur",
    "registered": false,
    "limit": 5,
    "lastLimitReset": 1767367461016,
    "promoSentToday": false,
    "premiumUntil": 0,
    "status": "guest",
    "afk": -1,
    "afkReason": "",
    "lastDonationSent": 0,
    "lastPremiumNotif": 0
  },
  "211355726524458@lid": {
    "nama": "Nijam",
    "registered": false,
    "limit": 5,
    "lastLimitReset": 1767367789411,
    "promoSentToday": false,
    "premiumUntil": 0,
    "status": "guest",
    "afk": -1,
    "afkReason": "",
    "lastDonationSent": 0,
    "lastPremiumNotif": 0
  },
  "8573006413867@lid": {
    "nama": ":V",
    "registered": false,
    "limit": 5,
    "lastLimitReset": 1767399188804,
    "promoSentToday": false,
    "premiumUntil": 0,
    "status": "guest",
    "afk": 1767913372903,
    "afkReason": "8===D",
    "lastDonationSent": 0,
    "lastPremiumNotif": 0
  },
  "115651171598575@lid": {
    "nama": "iwak padang👅",
    "registered": false,
    "limit": 5,
    "lastLimitReset": 1767408083522,
    "promoSentToday": false,
    "premiumUntil": 0,
    "status": "guest",
    "afk": -1,
    "afkReason": "",
    "lastDonationSent": 0,
    "lastPremiumNotif": 0
  },
  "143388171059220@lid": {
    "nama": "silfia nora",
    "registered": false,
    "limit": 5,
    "lastLimitReset": 1767413218510,
    "promoSentToday": false,
    "premiumUntil": 0,
    "status": "guest",
    "afk": -1,
    "afkReason": "",
    "lastDonationSent": 0,
    "lastPremiumNotif": 0
  },
  "52721159802889@lid": {
    "nama": "n",
    "registered": false,
    "limit": 5,
    "lastLimitReset": 1767416443695,
    "promoSentToday": false,
    "premiumUntil": 0,
    "status": "guest",
    "afk": -1,
    "afkReason": "",
    "lastDonationSent": 0,
    "lastPremiumNotif": 0
  },
  "271502599557357@lid": {
    "nama": "AzatothRyzen",
    "registered": false,
    "limit": 3,
    "lastLimitReset": 1767503727045,
    "promoSentToday": false,
    "premiumUntil": 0,
    "status": "guest",
    "afk": -1,
    "afkReason": "",
    "lastDonationSent": 0,
    "lastPremiumNotif": 0
  },
  "31839213371463@lid": {
    "nama": "Shev D' Orléans",
    "registered": false,
    "limit": 5,
    "lastLimitReset": 1767512709297,
    "promoSentToday": false,
    "premiumUntil": 0,
    "status": "guest",
    "afk": -1,
    "afkReason": "",
    "lastDonationSent": 0,
    "lastPremiumNotif": 0
  },
  "176884436488330@lid": {
    "nama": "~michael",
    "registered": false,
    "limit": 5,
    "lastLimitReset": 1767528700739,
    "promoSentToday": false,
    "premiumUntil": 0,
    "status": "guest",
    "afk": -1,
    "afkReason": "",
    "lastDonationSent": 0,
    "lastPremiumNotif": 0
  },
  "184451665522690@lid": {
    "nama": ",",
    "registered": false,
    "limit": 5,
    "lastLimitReset": 1767530936379,
    "promoSentToday": false,
    "premiumUntil": 0,
    "status": "guest",
    "afk": -1,
    "afkReason": "",
    "lastDonationSent": 0,
    "lastPremiumNotif": 0
  },
  "72460997271720@lid": {
    "nama": "Varel",
    "registered": false,
    "limit": 5,
    "lastLimitReset": 1767532995714,
    "promoSentToday": false,
    "premiumUntil": 0,
    "status": "guest",
    "afk": -1,
    "afkReason": "",
    "lastDonationSent": 0,
    "lastPremiumNotif": 0
  },
  "45999284318451@lid": {
    "nama": "elang",
    "registered": false,
    "limit": 5,
    "lastLimitReset": 1767539415357,
    "promoSentToday": false,
    "premiumUntil": 0,
    "status": "guest",
    "afk": 1767539415357,
    "afkReason": "izin colay pake foto mama kalian",
    "lastDonationSent": 0,
    "lastPremiumNotif": 0
  },
  "120363425062021648@newsletter": {
    "nama": "User",
    "limit": 5,
    "lastLimitReset": 1767626693840,
    "premiumUntil": 0,
    "status": "guest",
    "afk": -1,
    "lastDonationSent": 1767744087296,
    "promoSentToday": false
  },
  "232779258269761@s.whatsapp.net": {
    "nama": "User",
    "limit": 5,
    "premiumUntil": 1767832881666,
    "altJids": [],
    "promoSentToday": false
  },
  "19753175388213@lid": {
    "nama": "Sally-chan",
    "limit": 5,
    "lastLimitReset": 1767890372778,
    "premiumUntil": 0,
    "status": "guest",
    "afk": -1,
    "lastDonationSent": 0
  },
  "136898408386615@lid": {
    "nama": "freya dipanggil mochi",
    "limit": 5,
    "lastLimitReset": 1767914227974,
    "premiumUntil": 0,
    "status": "guest",
    "afk": -1,
    "lastDonationSent": 0
  },
  "161581518319705@lid": {
    "nama": "Dinda Marah",
    "limit": 5,
    "lastLimitReset": 1767920556193,
    "premiumUntil": 0,
    "status": "guest",
    "afk": -1,
    "lastDonationSent": 0
  },
  "152836931350652@lid": {
    "nama": "Ahmad Yoga Yulianto",
    "limit": 4,
    "lastLimitReset": 1767929990858,
    "premiumUntil": 0,
    "status": "guest",
    "afk": -1,
    "lastDonationSent": 0
  },
  "100317635047582@lid": {
    "nama": "sen ファミ",
    "limit": 2,
    "lastLimitReset": 1767940458010,
    "premiumUntil": 0,
    "status": "guest",
    "afk": -1,
    "lastDonationSent": 1768040053458
  },
  "54194534895770@lid": {
    "nama": "K.K",
    "limit": 5,
    "lastLimitReset": 1767957577449,
    "premiumUntil": 0,
    "status": "guest",
    "afk": -1,
    "lastDonationSent": 0
  },
  "245814517608557@lid": {
    "nama": "ニサ",
    "limit": 5,
    "lastLimitReset": 1767959269283,
    "premiumUntil": 0,
    "status": "guest",
    "afk": -1,
    "lastDonationSent": 0
  },
  "170845863473172@lid": {
    "nama": "pieww ll",
    "limit": 5,
    "lastLimitReset": 1767961638638,
    "premiumUntil": 0,
    "status": "guest",
    "afk": -1,
    "lastDonationSent": 0
  },
  "1576706015318@lid": {
    "nama": "DDB mal",
    "limit": 5,
    "lastLimitReset": 1767962763019,
    "premiumUntil": 0,
    "status": "guest",
    "afk": -1,
    "lastDonationSent": 0
  },
  "245156884291590@lid": {
    "nama": "Freda G.A., X RPL 1",
    "limit": 5,
    "lastLimitReset": 1767967086011,
    "premiumUntil": 0,
    "status": "guest",
    "afk": -1,
    "lastDonationSent": 0
  },
  "205729503965368@lid": {
    "nama": "Isyrak~mahluk mars",
    "limit": 5,
    "lastLimitReset": 1767967280685,
    "premiumUntil": 0,
    "status": "guest",
    "afk": -1,
    "lastDonationSent": 0
  },
  "151862024114296@lid": {
    "nama": "The King👑",
    "limit": 5,
    "lastLimitReset": 1767968804323,
    "premiumUntil": 0,
    "status": "guest",
    "afk": -1,
    "lastDonationSent": 0
  },
  "113258371489821@lid": {
    "nama": "?",
    "limit": 5,
    "lastLimitReset": 1767968953713,
    "premiumUntil": 0,
    "status": "guest",
    "afk": -1,
    "lastDonationSent": 0
  },
  "137800267624523@lid": {
    "nama": "Aditiya",
    "limit": 5,
    "lastLimitReset": 1768045269024,
    "premiumUntil": 0,
    "status": "guest",
    "afk": -1,
    "lastDonationSent": 0
  }
}