{"noiseKey":{"private":{"type":"Buffer","data":"0JLSLO2/bDQ0ffW0KvvrtRil/fh07GI3SIjPdNrgQF0="},"public":{"type":"Buffer","data":"jWYMHJMI62F9rijjStDLW0j2n3cuBIWqoCgnu3b9+Dk="}},"pairingEphemeralKeyPair":{"private":{"type":"Buffer","data":"CK+KNI8nI5TrDElRwAdHf1H1Nu2ud//ZZLvRK6fem2Q="},"public":{"type":"Buffer","data":"kRAYGmOlxw30iPLmeweTIZ3mvfRyC+LwVRrzIpAaWCw="}},"signedIdentityKey":{"private":{"type":"Buffer","data":"yB2HVlnShV67badhi8ZIfrAY61V7v0r8Wc04N1w+CkU="},"public":{"type":"Buffer","data":"h5pjy9r5XAuinF0MuS1U0Q+6Zuva4LVTgFKIimO0anQ="}},"signedPreKey":{"keyPair":{"private":{"type":"Buffer","data":"AGIhx+q3gGrgFqgwqSrAjcHoHSMQCPfaKSs75r6qwns="},"public":{"type":"Buffer","data":"rHR4p4V384tA6MXjBwSzkJDmSRUiYUpWbSqCHdBQsw0="}},"signature":{"type":"Buffer","data":"gW2tZuFaZtTHXUuuKkCJ2MWPVyhkw1+6rlJm16I9NM6Q0LGkRZo+2GA1v2wKEV4GA+B+8KByDOJpDVOQNfyDjQ=="},"keyId":1},"registrationId":253,"advSecretKey":"5NBy5FV02WQKdr1JuEUPbwbsHa2+peBgiwhJxMV0keQ=","processedHistoryMessages":[],"nextPreKeyId":873,"firstUnuploadedPreKeyId":873,"accountSyncCounter":0,"accountSettings":{"unarchiveChats":false},"registered":true,"pairingCode":"PLHEAX23","me":{"id":"62857586452296:72@s.whatsapp.net","name":"haruka desu","lid":"209212621734050:72@lid"},"account":{"details":"CLyDtzkQpYz/ygYYAyAAKAA=","accountSignatureKey":"59ITtXDBGWkLd/azoUTfRCqQM4LwMCAFkRYQK9uW31E=","accountSignature":"Smp4vk/dA+KyX4D5AAADiJz/w2bSWu7OHhC+d2UMJjy/meh+VTSue0n6PGiHBJSOAKmEq2tTx0/ptEFF7zYVDA==","deviceSignature":"vEIDcVPj9RYE5+iUYCWrHSHN/wbuRlueoLK4ZZBPXbLBWvwaVvG+8DERTjC/n1cuKXhxxsXdSDrLrMVR55Bmgw=="},"signalIdentities":[{"identifier":{"name":"209212621734050:72@lid","deviceId":0},"identifierKey":{"type":"Buffer","data":"BefSE7VwwRlpC3f2s6FE30QqkDOC8DAgBZEWECvblt9R"}}],"platform":"smba","routingInfo":{"type":"Buffer","data":"CAgIAggS"},"lastAccountSyncTimestamp":1768223518,"lastPropHash":"1K4hH4","myAppStateKeyId":"AAAAAHJr"}