{
  "6283846016963@s.whatsapp.net": {
    "lastSeen": "2025-12-09T09:52:49.139Z",
    "waifus": [
      {
        "id": "05b4e24d",
        "name": "ellen joe",
        "url": "https://files.catbox.moe/o2i0my.jpg",
        "dateMarried": "2026-01-02",
        "affection": 12,
        "status": "Married",
        "childrenCount": 0,
        "stress": 100,
        "lastKiss": 0,
        "lastHug": 1767354198866,
        "lastPatpat": 1767354195219,
        "lastNaughtyInteraction": 1767744988797,
        "lastHeavyInteraction": 1767745006063,
        "lastDate": 0,
        "isPregnant": false,
        "dueDate": null,
        "marriageCertificateUrl": "https://files.catbox.moe/ir913j.png"
      },
      {
        "id": "58c5e67f",
        "name": "amaori renako",
        "url": "https://files.catbox.moe/ijvjwn.jpg",
        "dateMarried": "2026-01-02",
        "affection": 53,
        "status": "Married",
        "childrenCount": 0,
        "stress": 40,
        "lastKiss": 0,
        "lastHug": 1767745024903,
        "lastPatpat": 1767744976626,
        "lastNaughtyInteraction": 1767744999799,
        "lastHeavyInteraction": 0,
        "lastDate": 0,
        "isPregnant": false,
        "dueDate": null,
        "marriageCertificateUrl": "https://files.catbox.moe/52agam.png"
      }
    ],
    "children": []
  },
  "14452665643135@lid": {
    "lastSeen": "2026-01-20T02:58:21.765Z"
  },
  "120363400588460390@g.us": {
    "lastSeen": "2026-01-29T11:36:47.259Z"
  },
  "6285710678415@s.whatsapp.net": {
    "waifus": [
      {
        "id": "b0b7e56a",
        "name": "shiro",
        "url": "https://files.catbox.moe/h703sd.jpg",
        "dateMarried": "2025-11-10",
        "affection": 100,
        "status": "Married",
        "childrenCount": 1,
        "lastKiss": 1763079737122,
        "lastHug": 1762865113697,
        "lastPatpat": 1762865157038,
        "lastNaughtyInteraction": 1763179327149,
        "lastHeavyInteraction": 1763179336500,
        "isPregnant": false,
        "dueDate": null,
        "marriageCertificateUrl": "https://files.catbox.moe/qw5rmy.png",
        "stress": 5,
        "lastDate": 1763118576599
      },
      {
        "id": "33d822d4",
        "name": "truunny",
        "url": "https://files.catbox.moe/m2h3f7.jpg",
        "dateMarried": "2025-11-11",
        "affection": 100,
        "status": "Married",
        "childrenCount": 3,
        "lastKiss": 1763079739838,
        "lastHug": 1762865116612,
        "lastPatpat": 1762865151644,
        "lastNaughtyInteraction": 1763179285426,
        "lastHeavyInteraction": 1763179289903,
        "isPregnant": false,
        "dueDate": null,
        "marriageCertificateUrl": "https://files.catbox.moe/a9cilq.png",
        "stress": 0,
        "lastDate": 1763118578882
      },
      {
        "id": "42019b01",
        "name": "stay gold",
        "url": "https://files.catbox.moe/a79xmj.jpg",
        "dateMarried": "2025-11-11",
        "affection": 100,
        "status": "Married",
        "childrenCount": 4,
        "lastKiss": 1763079758872,
        "lastHug": 1762865118989,
        "lastPatpat": 1762865145848,
        "lastNaughtyInteraction": 1763179294027,
        "lastHeavyInteraction": 1763179301319,
        "isPregnant": false,
        "dueDate": null,
        "marriageCertificateUrl": "https://files.catbox.moe/wcikl0.png",
        "stress": 0,
        "lastDate": 1763118580941
      },
      {
        "id": "0786b0b7",
        "name": "erin",
        "url": "https://files.catbox.moe/nhrn97.jpg",
        "dateMarried": "2025-11-11",
        "affection": 100,
        "status": "Married",
        "childrenCount": 2,
        "lastKiss": 1763079763305,
        "lastHug": 1762911295916,
        "lastPatpat": 1762911313340,
        "lastNaughtyInteraction": 1763118652120,
        "lastHeavyInteraction": 1763179312973,
        "isPregnant": true,
        "dueDate": 1763190113086,
        "marriageCertificateUrl": "https://files.catbox.moe/cdk7tc.png",
        "stress": 1,
        "lastDate": 1763118584339
      },
      {
        "id": "3af82e9f",
        "name": "Hikari",
        "url": "https://files.catbox.moe/80nkwt.jpg",
        "dateMarried": "2025-11-11",
        "affection": 100,
        "status": "Married",
        "childrenCount": 2,
        "lastKiss": 1763079795680,
        "lastHug": 1763080103801,
        "lastPatpat": 1763080117719,
        "lastNaughtyInteraction": 1763080070333,
        "lastHeavyInteraction": 1763179317885,
        "isPregnant": false,
        "dueDate": null,
        "marriageCertificateUrl": "https://files.catbox.moe/8w5r4d.png",
        "stress": 2,
        "lastDate": 1763118586263
      },
      {
        "id": "8fc78141",
        "name": "shiroko",
        "url": "https://files.catbox.moe/kshvef.jpg",
        "dateMarried": "2025-11-12",
        "affection": 36,
        "status": "Married",
        "childrenCount": 0,
        "lastKiss": 1763079798746,
        "lastHug": 1762945205340,
        "lastPatpat": 1762945214640,
        "lastNaughtyInteraction": 1763080079919,
        "lastHeavyInteraction": 1763179322136,
        "isPregnant": false,
        "dueDate": null,
        "marriageCertificateUrl": "https://files.catbox.moe/arm10g.png",
        "stress": 14,
        "lastDate": 1763118591048
      }
    ],
    "children": [
      {
        "name": "Anak Sayas ke-1",
        "gender": "Laki-laki",
        "age": 0,
        "mother": "truunny",
        "birthDate": "2025-11-11",
        "happiness": 80,
        "lastPlay": 1763118700911
      },
      {
        "name": "Anak Sayas ke-2",
        "gender": "Perempuan",
        "age": 0,
        "mother": "stay gold",
        "birthDate": "2025-11-12",
        "happiness": 80,
        "lastPlay": 1763118705232
      },
      {
        "name": "Anak Sayas ke-3",
        "gender": "Laki-laki",
        "age": 0,
        "mother": "shiro",
        "birthDate": "2025-11-12",
        "happiness": 80,
        "lastPlay": 1763118710108
      },
      {
        "name": "Anak Sayas ke-4",
        "gender": "Laki-laki",
        "age": 0,
        "mother": "stay gold",
        "birthDate": "2025-11-12",
        "happiness": 80,
        "lastPlay": 1763118713314
      },
      {
        "name": "Anak Sayas ke-5",
        "gender": "Laki-laki",
        "age": 0,
        "mother": "erin",
        "birthDate": "2025-11-12",
        "happiness": 80,
        "lastPlay": 1763118720116
      },
      {
        "name": "Anak Sayas ke-6",
        "gender": "Perempuan",
        "age": 0,
        "mother": "truunny",
        "birthDate": "2025-11-12",
        "happiness": 80,
        "lastPlay": 1763118730440
      },
      {
        "name": "Anak Sayas ke-7",
        "gender": "Perempuan",
        "age": 0,
        "mother": "Hikari",
        "birthDate": "2025-11-12",
        "happiness": 80,
        "lastPlay": 1763118733964
      },
      {
        "name": "Anak Sayas ke-8",
        "gender": "Perempuan",
        "age": 0,
        "mother": "stay gold",
        "birthDate": "2025-11-14",
        "happiness": 80,
        "lastPlay": 1763118737022
      },
      {
        "name": "Anak Sayas ke-9",
        "gender": "Perempuan",
        "age": 0,
        "mother": "Hikari",
        "birthDate": "2025-11-14",
        "happiness": 80,
        "lastPlay": 1763118740467
      },
      {
        "name": "Anak Sayas ke-10",
        "gender": "Laki-laki",
        "age": 0,
        "mother": "erin",
        "birthDate": "2025-11-14",
        "happiness": 65,
        "lastPlay": 1763118747365
      },
      {
        "name": "Anak Sayas ke-11",
        "gender": "Laki-laki",
        "age": 0,
        "mother": "truunny",
        "birthDate": "2025-11-15",
        "happiness": 50,
        "lastPlay": 0
      },
      {
        "name": "Anak Sayas ke-12",
        "gender": "Laki-laki",
        "age": 0,
        "mother": "stay gold",
        "birthDate": "2025-11-15",
        "happiness": 50,
        "lastPlay": 0
      }
    ]
  },
  "6285758645229@s.whatsapp.net": {
    "lastSeen": "2025-12-10T00:39:11.441Z"
  },
  "6285849318900@s.whatsapp.net": {
    "waifus": [
      {
        "id": "4afe7746",
        "name": "ruby rose",
        "url": "https://files.catbox.moe/9sj2fh.jpg",
        "dateMarried": "2025-11-11",
        "affection": 100,
        "status": "Married",
        "childrenCount": 1,
        "lastKiss": 1762945702780,
        "lastHug": 1763608273552,
        "lastPatpat": 1763293839410,
        "lastNaughtyInteraction": 0,
        "lastHeavyInteraction": 1763608292229,
        "isPregnant": false,
        "dueDate": null,
        "marriageCertificateUrl": "https://files.catbox.moe/0yjjor.png",
        "stress": 5,
        "lastDate": 1763118696255
      }
    ],
    "children": [
      {
        "name": "sachika",
        "gender": "Perempuan",
        "age": 0,
        "mother": "ruby rose",
        "birthDate": "2025-11-13",
        "happiness": 95,
        "lastPlay": 1763608282650
      }
    ]
  },
  "6285659627040@s.whatsapp.net": {
    "waifus": [
      {
        "id": "c3428ee0",
        "name": "tsukasa",
        "url": "https://files.catbox.moe/hrxmt8.jpg",
        "dateMarried": "2025-11-11",
        "affection": 100,
        "status": "Married",
        "childrenCount": 0,
        "lastKiss": 1763122642478,
        "lastHug": 1763187771747,
        "lastPatpat": 1763293999487,
        "lastNaughtyInteraction": 1763187799954,
        "lastHeavyInteraction": 1763294156627,
        "isPregnant": false,
        "dueDate": null,
        "stress": 5,
        "lastDate": 1763294016867
      }
    ],
    "children": []
  },
  "6288980032873@s.whatsapp.net": {
    "waifus": [
      {
        "id": "02c8b068",
        "name": "hiura",
        "url": "https://files.catbox.moe/vgq8pl.jpg",
        "dateMarried": "2025-11-11",
        "affection": 50,
        "status": "Married",
        "childrenCount": 0,
        "lastKiss": 0,
        "lastHug": 0,
        "lastPatpat": 0,
        "lastNaughtyInteraction": 0,
        "lastHeavyInteraction": 0,
        "isPregnant": false,
        "dueDate": null,
        "marriageCertificateUrl": "https://files.catbox.moe/qv7b0w.png"
      }
    ],
    "children": []
  },
  "6288287251599@s.whatsapp.net": {
    "waifus": [
      {
        "id": "90adc2ed",
        "name": "Clarice",
        "url": "https://files.catbox.moe/l8j6du.jpg",
        "dateMarried": "2025-11-11",
        "affection": 55,
        "status": "Married",
        "childrenCount": 0,
        "lastKiss": 1762845584474,
        "lastHug": 0,
        "lastPatpat": 0,
        "lastNaughtyInteraction": 0,
        "lastHeavyInteraction": 0,
        "isPregnant": false,
        "dueDate": null,
        "marriageCertificateUrl": "https://files.catbox.moe/43oine.png"
      }
    ],
    "children": []
  },
  "6288274383087@s.whatsapp.net": {
    "waifus": [
      {
        "id": "2717dd2f",
        "name": "furina",
        "url": "https://files.catbox.moe/gettiz.jpg",
        "dateMarried": "2025-11-11",
        "affection": 68,
        "status": "Married",
        "childrenCount": 0,
        "lastKiss": 0,
        "lastHug": 0,
        "lastPatpat": 0,
        "lastNaughtyInteraction": 0,
        "lastHeavyInteraction": 1763125064893,
        "isPregnant": false,
        "dueDate": null,
        "marriageCertificateUrl": "https://files.catbox.moe/s3rut2.png",
        "stress": 0,
        "lastDate": 1763195582904
      }
    ],
    "children": []
  },
  "16969751343207@lid": {
    "lastSeen": "2026-01-26T13:09:55.136Z"
  },
  "241923210096790@lid": {
    "lastSeen": "2025-12-22T06:13:07.591Z"
  },
  "6285946522757@s.whatsapp.net": {
    "waifus": [
      {
        "id": "0676cce1",
        "name": "queen Beatrich",
        "url": "https://files.catbox.moe/favyn9.jpg",
        "dateMarried": "2025-11-11",
        "affection": 100,
        "status": "Married",
        "childrenCount": 0,
        "lastKiss": 1763872130974,
        "lastHug": 1763809382979,
        "lastPatpat": 1763809451585,
        "lastNaughtyInteraction": 0,
        "lastHeavyInteraction": 1763809485486,
        "isPregnant": false,
        "dueDate": null,
        "marriageCertificateUrl": "https://files.catbox.moe/zqz4oo.png",
        "stress": 2
      },
      {
        "id": "8846648f",
        "name": "Yu Seolha",
        "url": "https://files.catbox.moe/zos7la.jpg",
        "dateMarried": "2025-11-11",
        "affection": 80,
        "status": "Married",
        "childrenCount": 0,
        "lastKiss": 1763798223283,
        "lastHug": 1763809396780,
        "lastPatpat": 1763798341873,
        "lastNaughtyInteraction": 0,
        "lastHeavyInteraction": 1763809497083,
        "isPregnant": false,
        "dueDate": null,
        "marriageCertificateUrl": "https://files.catbox.moe/5ukl0p.png",
        "stress": 27
      },
      {
        "id": "6dbf7a39",
        "name": "Stella howard",
        "url": "https://files.catbox.moe/fg68q5.jpg",
        "dateMarried": "2025-11-11",
        "affection": 60,
        "status": "Married",
        "childrenCount": 0,
        "lastKiss": 1763798225587,
        "lastHug": 1763809402573,
        "lastPatpat": 1763798351178,
        "lastNaughtyInteraction": 0,
        "lastHeavyInteraction": 1763798399572,
        "isPregnant": false,
        "dueDate": null,
        "marriageCertificateUrl": "https://files.catbox.moe/e4d3c6.png",
        "stress": 50
      },
      {
        "id": "688622ef",
        "name": "Hong Biyeon",
        "url": "https://files.catbox.moe/y95t1m.jpg",
        "dateMarried": "2025-11-11",
        "affection": 0,
        "status": "Married",
        "childrenCount": 0,
        "lastKiss": 1763809433893,
        "lastHug": 1763809411176,
        "lastPatpat": 1763798359285,
        "lastNaughtyInteraction": 0,
        "lastHeavyInteraction": 1763798404278,
        "isPregnant": false,
        "dueDate": null,
        "marriageCertificateUrl": "https://files.catbox.moe/8g5ejw.png",
        "stress": 90
      }
    ],
    "children": []
  },
  "120363191430700531@g.us": {
    "lastSeen": "2026-01-31T09:16:00.434Z"
  },
  "120363317317538818@g.us": {
    "lastSeen": "2025-12-07T00:42:48.182Z"
  },
  "6288983891916@s.whatsapp.net": {
    "waifus": [
      {
        "id": "70ddb37e",
        "name": "mayene",
        "url": "https://files.catbox.moe/iklxjo.jpg",
        "dateMarried": "2025-11-11",
        "affection": 100,
        "status": "Married",
        "childrenCount": 0,
        "lastKiss": 1763121467326,
        "lastHug": 1763121464289,
        "lastPatpat": 1762866278867,
        "lastNaughtyInteraction": 1762944512649,
        "lastHeavyInteraction": 1763121475157,
        "isPregnant": false,
        "dueDate": null,
        "marriageCertificateUrl": "https://files.catbox.moe/vecujb.png",
        "stress": 4
      },
      {
        "id": "3c10a214",
        "name": "DA qiao",
        "url": "https://files.catbox.moe/nmp8nx.jpg",
        "dateMarried": "2025-11-11",
        "affection": 73,
        "status": "Married",
        "childrenCount": 0,
        "lastKiss": 1763121486588,
        "lastHug": 1763121495569,
        "lastPatpat": 0,
        "lastNaughtyInteraction": 1762936651962,
        "lastHeavyInteraction": 1763121500639,
        "isPregnant": false,
        "dueDate": null,
        "marriageCertificateUrl": "https://files.catbox.moe/j249r9.png",
        "stress": 40
      }
    ],
    "children": []
  },
  "120363193236776950@g.us": {
    "lastSeen": "2025-12-27T09:15:52.051Z"
  },
  "6281357525120@s.whatsapp.net": {
    "lastSeen": "2025-11-13T04:26:08.167Z"
  },
  "54176918843438@lid": {
    "lastSeen": "2026-01-30T06:33:20.613Z"
  },
  "6283155653893@s.whatsapp.net": {
    "lastSeen": "2025-11-15T07:58:19.639Z"
  },
  "120363288705815761@g.us": {
    "lastSeen": "2025-12-23T00:59:47.700Z"
  },
  "6289684231438@s.whatsapp.net": {
    "lastSeen": "2025-11-17T04:15:05.954Z"
  },
  "47768810873046@lid": {
    "lastSeen": "2025-11-19T07:33:01.506Z"
  },
  "6281918500179@s.whatsapp.net": {
    "lastSeen": "2025-11-24T12:37:49.291Z"
  },
  "212304864006335@lid": {
    "lastSeen": "2025-12-25T07:31:52.254Z"
  },
  "120363422463221883@newsletter": {
    "lastSeen": "2025-12-28T00:49:38.933Z"
  },
  "120363422592749617@g.us": {
    "lastSeen": "2025-12-10T07:25:53.469Z"
  },
  "270605018492959@lid": {
    "lastSeen": "2025-12-10T00:39:38.878Z"
  },
  "232779258269761@lid": {
    "lastSeen": "2026-01-15T12:25:18.438Z"
  },
  "68968735895689@lid": {
    "lastSeen": "2025-12-11T05:43:15.261Z"
  },
  "64892677677226@lid": {
    "lastSeen": "2025-12-21T16:07:30.038Z"
  },
  "120363156715296124@g.us": {
    "lastSeen": "2025-12-15T16:16:50.172Z"
  },
  "120363237991772408@g.us": {
    "lastSeen": "2025-12-15T16:30:06.061Z"
  },
  "120363278165756129@g.us": {
    "lastSeen": "2025-12-15T16:42:11.473Z"
  },
  "120363422822851260@g.us": {
    "lastSeen": "2026-01-08T12:28:26.291Z"
  },
  "120363406607561720@g.us": {
    "lastSeen": "2025-12-17T14:26:30.573Z"
  },
  "120363425071867190@g.us": {
    "lastSeen": "2025-12-17T14:49:09.773Z"
  },
  "161383782051867@lid": {
    "lastSeen": "2025-12-17T19:39:57.094Z"
  },
  "21831352348810@lid": {
    "lastSeen": "2025-12-21T14:45:59.738Z"
  },
  "243365966819530@lid": {
    "lastSeen": "2025-12-22T11:43:06.547Z"
  },
  "32079479877698@lid": {
    "lastSeen": "2025-12-22T11:49:32.800Z"
  },
  "208701705162942@lid": {
    "lastSeen": "2025-12-25T03:22:46.982Z"
  },
  "16840600375325@lid": {
    "lastSeen": "2025-12-26T04:23:03.572Z"
  },
  "32964008243321@lid": {
    "lastSeen": "2026-01-10T07:01:13.807Z"
  },
  "66216232263776@lid": {
    "lastSeen": "2025-12-31T13:00:11.898Z"
  },
  "120363403993281615@g.us": {
    "lastSeen": "2026-01-30T08:13:23.561Z"
  },
  "6283817146590@s.whatsapp.net": {
    "lastSeen": "2026-01-01T15:16:36.664Z"
  },
  "103805400129630@lid": {
    "lastSeen": "2026-01-01T15:46:38.986Z"
  },
  "262427367219215@lid": {
    "lastSeen": "2026-01-02T10:33:47.499Z",
    "waifus": [
      {
        "id": "505b0bac",
        "name": "amba",
        "url": "https://files.catbox.moe/bp8gnu.jpg",
        "dateMarried": "2026-01-13",
        "affection": 35,
        "status": "Married",
        "childrenCount": 0,
        "stress": 20,
        "lastKiss": 0,
        "lastHug": 0,
        "lastPatpat": 0,
        "lastNaughtyInteraction": 0,
        "lastHeavyInteraction": 0,
        "lastDate": 0,
        "isPregnant": false,
        "dueDate": null,
        "marriageCertificateUrl": "https://files.catbox.moe/d52blj.png"
      },
      {
        "id": "15efeae4",
        "name": "artoria",
        "url": "https://files.catbox.moe/y0nw7z.jpg",
        "dateMarried": "2026-01-15",
        "affection": 35,
        "status": "Married",
        "childrenCount": 0,
        "stress": 20,
        "lastKiss": 0,
        "lastHug": 0,
        "lastPatpat": 0,
        "lastNaughtyInteraction": 0,
        "lastHeavyInteraction": 0,
        "lastDate": 0,
        "isPregnant": false,
        "dueDate": null,
        "marriageCertificateUrl": "https://files.catbox.moe/773rx4.png"
      }
    ],
    "children": []
  },
  "179100773785760@lid": {
    "lastSeen": "2026-01-02T11:22:06.131Z"
  },
  "70158324371563@lid": {
    "lastSeen": "2026-01-02T12:02:14.242Z",
    "waifus": [
      {
        "id": "c33be910",
        "name": "Goldship",
        "url": "https://files.catbox.moe/pr0fsi.jpg",
        "dateMarried": "2026-01-13",
        "affection": 57,
        "status": "Married",
        "childrenCount": 4,
        "stress": 100,
        "lastKiss": 1768578483749,
        "lastHug": 1768578494768,
        "lastPatpat": 1768578655786,
        "lastNaughtyInteraction": 1769254709056,
        "lastHeavyInteraction": 1769254694198,
        "lastDate": 1768659924920,
        "isPregnant": false,
        "dueDate": null,
        "marriageCertificateUrl": "https://files.catbox.moe/hqkpqq.png"
      },
      {
        "id": "c0d64dd6",
        "name": "Ibuki",
        "url": "https://files.catbox.moe/gdpg72.jpg",
        "dateMarried": "2026-01-16",
        "affection": 59,
        "status": "Married",
        "childrenCount": 1,
        "stress": 100,
        "lastKiss": 1768579849523,
        "lastHug": 0,
        "lastPatpat": 1768579657784,
        "lastNaughtyInteraction": 1768908116844,
        "lastHeavyInteraction": 1769254698759,
        "lastDate": 1768745437581,
        "isPregnant": true,
        "dueDate": 1769265500255,
        "marriageCertificateUrl": "https://files.catbox.moe/0tx49j.png"
      },
      {
        "id": "66609c6b",
        "name": "Sawitt Chan",
        "url": "https://files.catbox.moe/uz8em5.jpg",
        "dateMarried": "2026-01-25",
        "affection": 73,
        "status": "Married",
        "childrenCount": 0,
        "stress": 9,
        "lastKiss": 0,
        "lastHug": 0,
        "lastPatpat": 0,
        "lastNaughtyInteraction": 1769357961405,
        "lastHeavyInteraction": 1769357973526,
        "lastDate": 0,
        "isPregnant": false,
        "dueDate": null,
        "marriageCertificateUrl": "https://files.catbox.moe/tylahk.png"
      }
    ],
    "children": [
      {
        "name": "Princess Estelle",
        "gender": "Perempuan",
        "age": 0,
        "mother": "Goldship",
        "birthDate": "2026-01-13",
        "happiness": 65,
        "lastPlay": 1768454441060
      },
      {
        "name": "Blue Rose",
        "gender": "Perempuan",
        "age": 0,
        "mother": "Goldship",
        "birthDate": "2026-01-14",
        "happiness": 65,
        "lastPlay": 1768454457063
      },
      {
        "name": "Only Straight",
        "gender": "Laki-laki",
        "age": 0,
        "mother": "Goldship",
        "birthDate": "2026-01-15",
        "happiness": 50,
        "lastPlay": 0
      },
      {
        "name": "Tanga Saito",
        "gender": "Laki-laki",
        "age": 0,
        "mother": "Ibuki",
        "birthDate": "2026-01-17",
        "happiness": 50,
        "lastPlay": 0
      },
      {
        "name": "Sweet Snowflakes",
        "gender": "Perempuan",
        "age": 0,
        "mother": "Goldship",
        "birthDate": "2026-01-18",
        "happiness": 50,
        "lastPlay": 0
      }
    ]
  },
  "281251722334208@lid": {
    "lastSeen": "2026-01-02T13:01:24.823Z"
  },
  "199746731929764@lid": {
    "lastSeen": "2026-01-02T13:03:05.527Z"
  },
  "115651171598575@lid": {
    "waifus": [
      {
        "id": "61eea9ef",
        "name": "haimiya mio",
        "url": "https://files.catbox.moe/ol1g1q.jpg",
        "dateMarried": "2026-01-03",
        "affection": 98,
        "status": "Married",
        "childrenCount": 0,
        "stress": 3,
        "lastKiss": 1767416269915,
        "lastHug": 1767416246101,
        "lastPatpat": 1767416333333,
        "lastNaughtyInteraction": 1767416351933,
        "lastHeavyInteraction": 1767419467555,
        "lastDate": 1767416119088,
        "isPregnant": false,
        "dueDate": null,
        "marriageCertificateUrl": "https://files.catbox.moe/fq5p0c.png"
      }
    ],
    "children": []
  },
  "58708226740353@lid": {
    "lastSeen": "2026-01-09T12:18:49.811Z",
    "waifus": [],
    "children": []
  },
  "169586884386858@lid": {
    "waifus": [
      {
        "id": "d3885b1c",
        "name": "Reszurre",
        "url": "https://files.catbox.moe/hzmcj3.jpg",
        "dateMarried": "2026-01-16",
        "affection": 93,
        "status": "Married",
        "childrenCount": 1,
        "stress": 43,
        "lastKiss": 0,
        "lastHug": 0,
        "lastPatpat": 1768907360851,
        "lastNaughtyInteraction": 1768633177202,
        "lastHeavyInteraction": 1769075440392,
        "lastDate": 0,
        "isPregnant": false,
        "dueDate": null,
        "marriageCertificateUrl": "https://files.catbox.moe/kqftpb.png"
      }
    ],
    "children": [
      {
        "name": "Anak [Efendi The Bound One] ke-1",
        "gender": "Laki-laki",
        "age": 0,
        "mother": "Reszurre",
        "birthDate": "2026-01-22",
        "happiness": 50,
        "lastPlay": 0
      }
    ]
  },
  "218859319644373@lid": {
    "waifus": [
      {
        "id": "b02d795c",
        "name": "emak bapaklu gimana sehat?",
        "url": "https://files.catbox.moe/sz6qtu.jpg",
        "dateMarried": "2026-01-15",
        "affection": 83,
        "status": "Married",
        "childrenCount": 0,
        "stress": 93,
        "lastKiss": 1768490409293,
        "lastHug": 1768516734127,
        "lastPatpat": 0,
        "lastNaughtyInteraction": 0,
        "lastHeavyInteraction": 1769085034116,
        "lastDate": 1768491028948,
        "isPregnant": false,
        "dueDate": null,
        "marriageCertificateUrl": "https://files.catbox.moe/gg0024.png"
      },
      {
        "id": "800fca61",
        "name": "bubub bandung",
        "url": "https://files.catbox.moe/mgxht8.jpg",
        "dateMarried": "2026-01-15",
        "affection": 80,
        "status": "Married",
        "childrenCount": 1,
        "stress": 38,
        "lastKiss": 1768532970664,
        "lastHug": 1768532951925,
        "lastPatpat": 0,
        "lastNaughtyInteraction": 0,
        "lastHeavyInteraction": 1768691855156,
        "lastDate": 1768516748400,
        "isPregnant": true,
        "dueDate": 1768702658877,
        "marriageCertificateUrl": "https://files.catbox.moe/w7odyu.png"
      },
      {
        "id": "e37a8ea6",
        "name": "hanna femboy",
        "url": "https://files.catbox.moe/f8mre9.jpg",
        "dateMarried": "2026-01-16",
        "affection": 100,
        "status": "Married",
        "childrenCount": 0,
        "stress": 26,
        "lastKiss": 1768533009629,
        "lastHug": 1768551598761,
        "lastPatpat": 0,
        "lastNaughtyInteraction": 0,
        "lastHeavyInteraction": 1769085019344,
        "lastDate": 1768533030576,
        "isPregnant": false,
        "dueDate": null,
        "marriageCertificateUrl": "https://files.catbox.moe/zczh17.png"
      }
    ],
    "children": [
      {
        "name": "Anak Bayfend ke-1",
        "gender": "Laki-laki",
        "age": 0,
        "mother": "bubub bandung",
        "birthDate": "2026-01-17",
        "happiness": 50,
        "lastPlay": 0
      }
    ]
  },
  "209212621734050@lid": {
    "lastSeen": "2026-01-06T07:53:22.511Z"
  },
  "271502599557357@lid": {
    "lastSeen": "2026-01-28T07:51:09.476Z"
  },
  "163243368653016@lid": {
    "waifus": [
      {
        "id": "e22c720b",
        "name": "tokisaki kurumi",
        "url": "https://files.catbox.moe/ndt566.jpg",
        "dateMarried": "2026-01-13",
        "affection": 50,
        "status": "Married",
        "childrenCount": 0,
        "stress": 0,
        "lastKiss": 0,
        "lastHug": 0,
        "lastPatpat": 0,
        "lastNaughtyInteraction": 0,
        "lastHeavyInteraction": 0,
        "lastDate": 0,
        "isPregnant": false,
        "dueDate": null,
        "marriageCertificateUrl": "https://files.catbox.moe/dkqj4x.png"
      }
    ],
    "children": []
  },
  "125907184394444@lid": {
    "waifus": [
      {
        "id": "4ef1bf39",
        "name": "satou",
        "url": "https://files.catbox.moe/rgg5we.jpg",
        "dateMarried": "2026-01-14",
        "affection": 50,
        "status": "Married",
        "childrenCount": 0,
        "stress": 0,
        "lastKiss": 0,
        "lastHug": 0,
        "lastPatpat": 0,
        "lastNaughtyInteraction": 0,
        "lastHeavyInteraction": 0,
        "lastDate": 0,
        "isPregnant": false,
        "dueDate": null,
        "marriageCertificateUrl": "https://files.catbox.moe/5yrfg7.png"
      }
    ],
    "children": []
  },
  "161349422289077@lid": {
    "waifus": [
      {
        "id": "58a0610e",
        "name": "Taihou",
        "url": "https://files.catbox.moe/qo0ze7.jpg",
        "dateMarried": "2026-01-14",
        "affection": 100,
        "status": "Married",
        "childrenCount": 11,
        "stress": 0,
        "lastKiss": 1769256270832,
        "lastHug": 1769256282712,
        "lastPatpat": 1769256304983,
        "lastNaughtyInteraction": 1769256319764,
        "lastHeavyInteraction": 1769256340451,
        "lastDate": 1769075432743,
        "isPregnant": true,
        "dueDate": 1769267140837,
        "marriageCertificateUrl": "https://files.catbox.moe/flvh8g.png"
      },
      {
        "id": "7ca3dee0",
        "name": "Ouro Kronii",
        "url": "https://files.catbox.moe/qmghtk.jpg",
        "dateMarried": "2026-01-14",
        "affection": 100,
        "status": "Married",
        "childrenCount": 11,
        "stress": 0,
        "lastKiss": 1769256273783,
        "lastHug": 1769256292734,
        "lastPatpat": 1769256307889,
        "lastNaughtyInteraction": 1769256325744,
        "lastHeavyInteraction": 1769256346100,
        "lastDate": 1769256357589,
        "isPregnant": false,
        "dueDate": null,
        "marriageCertificateUrl": "https://files.catbox.moe/jpusmk.png"
      },
      {
        "id": "4c5be7e1",
        "name": "emden",
        "url": "https://files.catbox.moe/j8dm3f.jpg",
        "dateMarried": "2026-01-15",
        "affection": 100,
        "status": "Married",
        "childrenCount": 5,
        "stress": 15,
        "lastKiss": 1769256276834,
        "lastHug": 1769256296668,
        "lastPatpat": 1769256311136,
        "lastNaughtyInteraction": 1769256331201,
        "lastHeavyInteraction": 1769256351783,
        "lastDate": 1769256359737,
        "isPregnant": false,
        "dueDate": null,
        "marriageCertificateUrl": "https://files.catbox.moe/r6ce0e.png"
      }
    ],
    "children": [
      {
        "name": "Elio Kronii",
        "gender": "Laki-laki",
        "age": 0,
        "mother": "Ouro Kronii",
        "birthDate": "2026-01-15",
        "happiness": 95,
        "lastPlay": 1768866299411
      },
      {
        "name": "Arden Kronii",
        "gender": "Laki-laki",
        "age": 0,
        "mother": "Ouro Kronii",
        "birthDate": "2026-01-15",
        "happiness": 80,
        "lastPlay": 1768866303804
      },
      {
        "name": "Aiden",
        "gender": "Laki-laki",
        "age": 0,
        "mother": "Taihou",
        "birthDate": "2026-01-16",
        "happiness": 80,
        "lastPlay": 1768866307577
      },
      {
        "name": "Orion Kronii",
        "gender": "Laki-laki",
        "age": 0,
        "mother": "Ouro Kronii",
        "birthDate": "2026-01-16",
        "happiness": 65,
        "lastPlay": 1768866311084
      },
      {
        "name": "Ren",
        "gender": "Laki-laki",
        "age": 0,
        "mother": "Taihou",
        "birthDate": "2026-01-16",
        "happiness": 65,
        "lastPlay": 1768866314270
      },
      {
        "name": "Sky",
        "gender": "Laki-laki",
        "age": 0,
        "mother": "emden",
        "birthDate": "2026-01-16",
        "happiness": 65,
        "lastPlay": 1768866318583
      },
      {
        "name": "Raiden",
        "gender": "Laki-laki",
        "age": 0,
        "mother": "Taihou",
        "birthDate": "2026-01-16",
        "happiness": 65,
        "lastPlay": 1768866322052
      },
      {
        "name": "Eden",
        "gender": "Laki-laki",
        "age": 0,
        "mother": "Taihou",
        "birthDate": "2026-01-16",
        "happiness": 65,
        "lastPlay": 1768866330322
      },
      {
        "name": "Eiren",
        "gender": "Laki-laki",
        "age": 0,
        "mother": "Taihou",
        "birthDate": "2026-01-17",
        "happiness": 65,
        "lastPlay": 1768866333859
      },
      {
        "name": "Ilya Kronii",
        "gender": "Perempuan",
        "age": 0,
        "mother": "Ouro Kronii",
        "birthDate": "2026-01-17",
        "happiness": 65,
        "lastPlay": 1768866338176
      },
      {
        "name": "Lucky",
        "gender": "Laki-laki",
        "age": 0,
        "mother": "emden",
        "birthDate": "2026-01-17",
        "happiness": 65,
        "lastPlay": 1768866342334
      },
      {
        "name": "Atlas Kronii",
        "gender": "Laki-laki",
        "age": 0,
        "mother": "Ouro Kronii",
        "birthDate": "2026-01-17",
        "happiness": 65,
        "lastPlay": 1768866347251
      },
      {
        "name": "Rowan Kronii",
        "gender": "Laki-laki",
        "age": 0,
        "mother": "Ouro Kronii",
        "birthDate": "2026-01-18",
        "happiness": 65,
        "lastPlay": 1768866352452
      },
      {
        "name": "Aizen",
        "gender": "Laki-laki",
        "age": 0,
        "mother": "Taihou",
        "birthDate": "2026-01-18",
        "happiness": 65,
        "lastPlay": 1768866357021
      },
      {
        "name": "Darius Kronii",
        "gender": "Laki-laki",
        "age": 0,
        "mother": "Ouro Kronii",
        "birthDate": "2026-01-18",
        "happiness": 65,
        "lastPlay": 1768866361192
      },
      {
        "name": "Rocky",
        "gender": "Laki-laki",
        "age": 0,
        "mother": "emden",
        "birthDate": "2026-01-18",
        "happiness": 65,
        "lastPlay": 1768866365546
      },
      {
        "name": "Picky",
        "gender": "Laki-laki",
        "age": 0,
        "mother": "emden",
        "birthDate": "2026-01-18",
        "happiness": 65,
        "lastPlay": 1768866370793
      },
      {
        "name": "Aeris Kronii",
        "gender": "Perempuan",
        "age": 0,
        "mother": "Ouro Kronii",
        "birthDate": "2026-01-18",
        "happiness": 65,
        "lastPlay": 1768866375778
      },
      {
        "name": "Elven",
        "gender": "Laki-laki",
        "age": 0,
        "mother": "Taihou",
        "birthDate": "2026-01-19",
        "happiness": 65,
        "lastPlay": 1768866379665
      },
      {
        "name": "Sen",
        "gender": "Laki-laki",
        "age": 0,
        "mother": "Taihou",
        "birthDate": "2026-01-19",
        "happiness": 65,
        "lastPlay": 1768866386965
      },
      {
        "name": "Lucen Kronii",
        "gender": "Laki-laki",
        "age": 0,
        "mother": "Ouro Kronii",
        "birthDate": "2026-01-19",
        "happiness": 65,
        "lastPlay": 1768866391364
      },
      {
        "name": "Chron Kronii",
        "gender": "Perempuan",
        "age": 0,
        "mother": "Ouro Kronii",
        "birthDate": "2026-01-20",
        "happiness": 50,
        "lastPlay": 0
      },
      {
        "name": "Sandy",
        "gender": "Perempuan",
        "age": 0,
        "mother": "emden",
        "birthDate": "2026-01-20",
        "happiness": 50,
        "lastPlay": 0
      },
      {
        "name": "Shien",
        "gender": "Perempuan",
        "age": 0,
        "mother": "Taihou",
        "birthDate": "2026-01-20",
        "happiness": 50,
        "lastPlay": 0
      },
      {
        "name": "Len",
        "gender": "Perempuan",
        "age": 0,
        "mother": "Taihou",
        "birthDate": "2026-01-22",
        "happiness": 50,
        "lastPlay": 0
      },
      {
        "name": "Viren",
        "gender": "Perempuan",
        "age": 0,
        "mother": "Taihou",
        "birthDate": "2026-01-24",
        "happiness": 50,
        "lastPlay": 0
      },
      {
        "name": "Lyra Kronii",
        "gender": "Perempuan",
        "age": 0,
        "mother": "Ouro Kronii",
        "birthDate": "2026-01-24",
        "happiness": 50,
        "lastPlay": 0
      }
    ]
  },
  "210982097952868@lid": {
    "waifus": [],
    "children": []
  },
  "62895416014171@s.whatsapp.net": {
    "waifus": [],
    "children": []
  },
  "1576706015318@lid": {
    "waifus": [],
    "children": []
  },
  "54194534895770@lid": {
    "waifus": [
      {
        "id": "85c2a7ce",
        "name": "Manhattan Cafe",
        "url": "https://files.catbox.moe/jwtbgm.jpg",
        "dateMarried": "2026-01-18",
        "affection": 86,
        "status": "Married",
        "childrenCount": 0,
        "stress": 17,
        "lastKiss": 1769186661858,
        "lastHug": 0,
        "lastPatpat": 1769186510988,
        "lastNaughtyInteraction": 1769186459994,
        "lastHeavyInteraction": 1769186437812,
        "lastDate": 1769186008286,
        "isPregnant": false,
        "dueDate": null,
        "marriageCertificateUrl": "https://files.catbox.moe/tnazdf.png"
      }
    ],
    "children": []
  },
  "250620149788711@lid": {
    "lastSeen": "2026-01-27T14:01:52.772Z"
  },
  "201975484383277@lid": {
    "lastSeen": "2026-01-24T15:40:54.514Z"
  },
  "124335092174853@lid": {
    "lastSeen": "2026-01-24T16:25:57.404Z"
  },
  "170845863473172@lid": {
    "waifus": [
      {
        "id": "80d23bd9",
        "name": "Hu Tao",
        "url": "https://files.catbox.moe/7qhodb.jpg",
        "dateMarried": "2026-01-25",
        "affection": 63,
        "status": "Married",
        "childrenCount": 0,
        "stress": 0,
        "lastKiss": 1769358230242,
        "lastHug": 0,
        "lastPatpat": 0,
        "lastNaughtyInteraction": 0,
        "lastHeavyInteraction": 0,
        "lastDate": 1769358316035,
        "isPregnant": false,
        "dueDate": null,
        "marriageCertificateUrl": "https://files.catbox.moe/knnac1.png"
      }
    ],
    "children": []
  },
  "152836931350652@lid": {
    "lastSeen": "2026-01-26T06:49:28.546Z"
  },
  "9642621055134@lid": {
    "lastSeen": "2026-01-28T09:54:23.429Z"
  },
  "45075681771627@lid": {
    "lastSeen": "2026-01-26T12:22:45.199Z"
  }
}