{"noiseKey":{"private":{"type":"Buffer","data":"kEt9dAlcMdC4QrX2LRB6eDOhgSTMGLB8cJmedCxStmQ="},"public":{"type":"Buffer","data":"YBl6PkwZjPNcKH2Q9j984YZ50ydb8iMRmFNN/++mYzc="}},"pairingEphemeralKeyPair":{"private":{"type":"Buffer","data":"4DcVx+DoQILYsWf/kZQ2YP/W+DIzRmk+IEroez9cckA="},"public":{"type":"Buffer","data":"60p7/iSiUiZSbkysyViWeEO3+gs7d/LXbaogGbR1cFk="}},"signedIdentityKey":{"private":{"type":"Buffer","data":"0LEIalbbVIZ1L2KA0TY/pt/YbaJjz2JSqSX+e6bhe1E="},"public":{"type":"Buffer","data":"JjPwhL2zSfLDPSgY7b/Yo9rAPdAIU9V3nCTBGPI5tG8="}},"signedPreKey":{"keyPair":{"private":{"type":"Buffer","data":"eAvt4AdTtO0j3r8mKYxFgLz4IZIHBKvTrXdHxXEdiGs="},"public":{"type":"Buffer","data":"dnRUPJxclfnk/Db6V+sCaLvaXt7J0CUqAjj818+/OB0="}},"signature":{"type":"Buffer","data":"+vocqoNExWkdCjsPQwmUzLfEwADnc84gLXY4Vufw/ntG4wWoeO/ik5oUE6utcPtFS0jXN8sNUPVCSSgWM1ZGCA=="},"keyId":1},"registrationId":224,"advSecretKey":"b3exDuDu2x7C3QxYp2GKKFN4+8ZCXo4a7wtZR2deHOc=","processedHistoryMessages":[],"nextPreKeyId":848,"firstUnuploadedPreKeyId":848,"accountSyncCounter":0,"accountSettings":{"unarchiveChats":false},"registered":true,"pairingCode":"2CAZC75X","me":{"id":"62857586452296:66@s.whatsapp.net","name":"Haruka desu!","lid":"209212621734050:66@lid"},"account":{"details":"CPS365QBENCThMkGGAkgACgA","accountSignatureKey":"zoxcmjIkIAtOVb6jrE7a3/qv/Ml5gjhgYtwmfk0RN3g=","accountSignature":"avKZ0+fri6fkMLign/EIi85dWgxgjb6HBmbNKuETVS0OuwkmzX80ehkrifpAiBsrK1/3MFFXoc4G6iGCSH3tCw==","deviceSignature":"mGtVcsZa8v9pPCYYTdOi1aRl5b9wTmJmwqmNX+SUm7yI2Vt4exdeHwOt8+PKhfwaUlv5TvCbaIUiiZ1+tCWYBg=="},"signalIdentities":[{"identifier":{"name":"62857586452296:66@s.whatsapp.net","deviceId":0},"identifierKey":{"type":"Buffer","data":"Bc6MXJoyJCALTlW+o6xO2t/6r/zJeYI4YGLcJn5NETd4"}}],"platform":"smba","routingInfo":{"type":"Buffer","data":"CAgIAggS"},"lastAccountSyncTimestamp":1764639966,"lastPropHash":"1K4hH4","myAppStateKeyId":"AAAAAL/t"}