{
  "6283846016963@s.whatsapp.net": {
    "nama": null,
    "registered": false,
    "lastReset": 1762859651578,
    "status": "premium",
    "altJids": [
      "14452665643135@lid"
    ],
    "premiumUntil": 0
  },
  "null": {
    "nama": null,
    "registered": false,
    "lastReset": 1763730863013,
    "status": "guest",
    "premiumUntil": 0,
    "altJids": []
  },
  "62895416014171@s.whatsapp.net": {
    "nama": null,
    "registered": false,
    "lastReset": 1762860733850,
    "status": "premium",
    "altJids": [
      "65747594260688@lid"
    ],
    "premiumUntil": 1765711936626
  },
  "6285710678415@s.whatsapp.net": {
    "nama": null,
    "registered": false,
    "lastReset": 1762862148547,
    "status": "guest",
    "altJids": [
      "123394427232339@lid"
    ]
  },
  "6285849318900@s.whatsapp.net": {
    "nama": null,
    "registered": false,
    "lastReset": 1762862180632,
    "status": "guest",
    "altJids": [
      "208267410198717@lid"
    ]
  },
  "6285659627040@s.whatsapp.net": {
    "nama": null,
    "registered": false,
    "lastReset": 1762863027211,
    "status": "guest",
    "altJids": [
      "202782837629140@lid"
    ]
  },
  "6285946522757@s.whatsapp.net": {
    "nama": null,
    "registered": false,
    "lastReset": 1762863114842,
    "status": "guest",
    "altJids": [
      "64892677677226@lid"
    ]
  },
  "6288983891916@s.whatsapp.net": {
    "nama": null,
    "registered": false,
    "lastReset": 1762865872823,
    "status": "guest",
    "altJids": [
      "33827296682031@lid"
    ]
  },
  "194450819166217@lid": {
    "nama": null,
    "registered": false,
    "lastReset": 1762869456784,
    "status": "guest",
    "altJids": []
  },
  "6285758645229@s.whatsapp.net": {
    "nama": null,
    "registered": false,
    "lastReset": 1762869866978,
    "status": "guest",
    "altJids": [
      "232779258269761@lid"
    ],
    "premiumUntil": 0
  },
  "16969751343207@lid": {
    "nama": null,
    "registered": false,
    "lastReset": 1762872089992,
    "status": "guest",
    "altJids": []
  },
  "209212621734050@lid": {
    "nama": null,
    "registered": false,
    "lastReset": 1762905640888,
    "status": "guest",
    "premiumUntil": 0,
    "altJids": []
  },
  "62857586452296@s.whatsapp.net": {
    "nama": null,
    "registered": false,
    "lastReset": 1762905679910,
    "status": "guest",
    "premiumUntil": 0,
    "altJids": []
  },
  "6281918500179@s.whatsapp.net": {
    "nama": null,
    "registered": false,
    "lastReset": 1762906835323,
    "status": "guest",
    "premiumUntil": 0,
    "altJids": []
  },
  "47768810873046@lid": {
    "nama": null,
    "registered": false,
    "lastReset": 1762932114314,
    "status": "guest",
    "premiumUntil": 0,
    "altJids": []
  },
  "6285722322802@s.whatsapp.net": {
    "nama": null,
    "registered": false,
    "lastReset": 1762934094915,
    "status": "guest",
    "premiumUntil": 0,
    "altJids": []
  },
  "6285804703974@s.whatsapp.net": {
    "nama": null,
    "registered": false,
    "lastReset": 1762934135631,
    "status": "guest",
    "premiumUntil": 0,
    "altJids": [
      "19014239678477@lid"
    ]
  },
  "6288274383087@s.whatsapp.net": {
    "nama": null,
    "registered": false,
    "lastReset": 1762943955884,
    "status": "guest",
    "premiumUntil": 0,
    "altJids": [
      "235523792756909@lid"
    ]
  },
  "279044142669846@lid": {
    "nama": null,
    "registered": false,
    "lastReset": 1762951846635,
    "status": "guest",
    "premiumUntil": 0,
    "altJids": []
  },
  "261928714776672@lid": {
    "nama": null,
    "registered": false,
    "lastReset": 1762955443087,
    "status": "guest",
    "premiumUntil": 0,
    "altJids": []
  },
  "6281357525120@s.whatsapp.net": {
    "nama": null,
    "registered": false,
    "lastReset": 1763007966951,
    "status": "guest",
    "premiumUntil": 0,
    "altJids": []
  },
  "54176918843438@lid": {
    "nama": null,
    "registered": false,
    "lastReset": 1763007968149,
    "status": "guest",
    "premiumUntil": 0,
    "altJids": []
  },
  "270605018492959@lid": {
    "nama": null,
    "registered": false,
    "lastReset": 1763014002412,
    "status": "guest",
    "premiumUntil": 0,
    "altJids": []
  },
  "6289684231438@s.whatsapp.net": {
    "nama": null,
    "registered": false,
    "lastReset": 1763024690725,
    "status": "guest",
    "premiumUntil": 0,
    "altJids": []
  },
  "601124023403@s.whatsapp.net": {
    "nama": null,
    "registered": false,
    "lastReset": 1763025117384,
    "status": "guest",
    "premiumUntil": 0,
    "altJids": [
      "12172071563400@lid"
    ]
  },
  "6283110665042@s.whatsapp.net": {
    "nama": null,
    "registered": false,
    "lastReset": 1763026483157,
    "status": "guest",
    "premiumUntil": 0,
    "altJids": []
  },
  "6285656241896@s.whatsapp.net": {
    "nama": null,
    "registered": false,
    "lastReset": 1763028150527,
    "status": "guest",
    "premiumUntil": 0,
    "altJids": [
      "153060370309316@lid"
    ]
  },
  "6288287251599@s.whatsapp.net": {
    "nama": null,
    "registered": false,
    "lastReset": 1763034562983,
    "status": "guest",
    "premiumUntil": 0,
    "altJids": [
      "212304864006335@lid"
    ]
  },
  "6285136302813@s.whatsapp.net": {
    "nama": null,
    "registered": false,
    "lastReset": 1763037511223,
    "status": "guest",
    "premiumUntil": 0,
    "altJids": [
      "100850647208030@lid"
    ]
  },
  "6285876399600@s.whatsapp.net": {
    "nama": null,
    "registered": false,
    "lastReset": 1763047670344,
    "status": "guest",
    "premiumUntil": 0,
    "altJids": [
      "18026296520749@lid"
    ]
  },
  "6285342301433@s.whatsapp.net": {
    "nama": null,
    "registered": false,
    "lastReset": 1763087383517,
    "status": "guest",
    "premiumUntil": 0,
    "altJids": [
      "112386543485013@lid"
    ]
  },
  "6285869224887@s.whatsapp.net": {
    "nama": null,
    "registered": false,
    "lastReset": 1763093040828,
    "status": "guest",
    "premiumUntil": 0,
    "altJids": [
      "33651219779682@lid"
    ]
  },
  "6283833826167@s.whatsapp.net": {
    "nama": null,
    "registered": false,
    "lastReset": 1763118209265,
    "status": "guest",
    "premiumUntil": 0,
    "altJids": [
      "2925510279420@lid"
    ]
  },
  "6283155653893@s.whatsapp.net": {
    "nama": null,
    "registered": false,
    "lastReset": 1763124067223,
    "status": "guest",
    "premiumUntil": 0,
    "altJids": []
  },
  "6287778122521@s.whatsapp.net": {
    "nama": null,
    "registered": false,
    "lastReset": 1763126394340,
    "status": "guest",
    "premiumUntil": 0,
    "altJids": [
      "120250511155203@lid"
    ]
  },
  "6288286066268@s.whatsapp.net": {
    "nama": null,
    "registered": false,
    "lastReset": 1763131507204,
    "status": "guest",
    "premiumUntil": 0,
    "altJids": []
  },
  "628895854409@s.whatsapp.net": {
    "nama": null,
    "registered": false,
    "lastReset": 1763139214774,
    "status": "guest",
    "premiumUntil": 0,
    "altJids": [
      "136038945128449@lid"
    ]
  },
  "201369575244029@lid": {
    "nama": null,
    "registered": false,
    "lastReset": 1763177147875,
    "status": "guest",
    "premiumUntil": 0,
    "altJids": []
  },
  "6285834238708@s.whatsapp.net": {
    "nama": null,
    "registered": false,
    "lastReset": 1763190547403,
    "status": "guest",
    "premiumUntil": 0,
    "altJids": [
      "239882530238513@lid"
    ]
  },
  "6282284152124@s.whatsapp.net": {
    "nama": null,
    "registered": false,
    "lastReset": 1763205927742,
    "status": "guest",
    "premiumUntil": 0,
    "altJids": [
      "174899675062385@lid"
    ]
  },
  "6288802237731@s.whatsapp.net": {
    "nama": null,
    "registered": false,
    "lastReset": 1763206826112,
    "status": "guest",
    "premiumUntil": 0,
    "altJids": [
      "250340943364292@lid"
    ]
  },
  "6285825108309@s.whatsapp.net": {
    "nama": null,
    "registered": false,
    "lastReset": 1763211776965,
    "status": "guest",
    "premiumUntil": 0,
    "altJids": [
      "174496015241244@lid"
    ]
  },
  "107744019410995@lid": {
    "nama": null,
    "registered": false,
    "lastReset": 1763217670356,
    "status": "guest",
    "premiumUntil": 0,
    "altJids": []
  },
  "6288980032873@s.whatsapp.net": {
    "nama": null,
    "registered": false,
    "lastReset": 1763238971842,
    "status": "guest",
    "premiumUntil": 0,
    "altJids": [
      "131688009076780@lid"
    ]
  },
  "6282144519703@s.whatsapp.net": {
    "nama": null,
    "registered": false,
    "lastReset": 1763267960181,
    "status": "guest",
    "premiumUntil": 0,
    "altJids": [
      "23481240555686@lid"
    ]
  },
  "6288218528463@s.whatsapp.net": {
    "nama": null,
    "registered": false,
    "lastReset": 1763294222632,
    "status": "guest",
    "premiumUntil": 0,
    "altJids": [
      "110711422369796@lid"
    ]
  },
  "6287867975271@s.whatsapp.net": {
    "nama": null,
    "registered": false,
    "lastReset": 1763298518737,
    "status": "guest",
    "premiumUntil": 0,
    "altJids": [
      "195678877823007@lid"
    ]
  },
  "6282373300801@s.whatsapp.net": {
    "nama": null,
    "registered": false,
    "lastReset": 1763337660543,
    "status": "guest",
    "premiumUntil": 0,
    "altJids": []
  },
  "6281299568870@s.whatsapp.net": {
    "nama": null,
    "registered": false,
    "lastReset": 1763419336271,
    "status": "guest",
    "premiumUntil": 0,
    "altJids": []
  },
  "6285349442318@s.whatsapp.net": {
    "nama": null,
    "registered": false,
    "lastReset": 1763614747177,
    "status": "guest",
    "premiumUntil": 0,
    "altJids": []
  },
  "6285750703716@s.whatsapp.net": {
    "nama": null,
    "registered": false,
    "lastReset": 1763618445148,
    "status": "guest",
    "premiumUntil": 0,
    "altJids": [
      "93841344446540@lid"
    ]
  },
  "220594469625910@lid": {
    "nama": null,
    "registered": false,
    "lastReset": 1763729492547,
    "status": "guest",
    "premiumUntil": 0,
    "altJids": []
  },
  "6289652741805@s.whatsapp.net": {
    "nama": "JUSTICIAR",
    "registered": false,
    "lastReset": 1763871935781,
    "status": "guest",
    "premiumUntil": 0,
    "altJids": [
      "197998093037752@lid"
    ]
  },
  "6282258299963@s.whatsapp.net": {
    "nama": "User",
    "registered": false,
    "lastReset": 1763899531996,
    "status": "guest",
    "premiumUntil": 0,
    "altJids": []
  },
  "2066416197743@lid": {
    "nama": "fikytejistr",
    "registered": false,
    "lastReset": 1764002007675,
    "status": "guest",
    "premiumUntil": 0,
    "altJids": []
  },
  "241923210096790@lid": {
    "nama": "all is king",
    "registered": false,
    "lastReset": 1764054856978,
    "status": "guest",
    "premiumUntil": 0,
    "altJids": []
  },
  "155757475532987@lid": {
    "nama": "Rja",
    "registered": false,
    "lastReset": 1764071133555,
    "status": "guest",
    "premiumUntil": 0,
    "altJids": []
  },
  "144302529314817@lid": {
    "nama": "rehan wangsaff",
    "registered": false,
    "lastReset": 1764089373244,
    "status": "guest",
    "premiumUntil": 0,
    "altJids": []
  }
}